age,watch_hours,last_login_days,monthly_fee,number_of_profiles,avg_watch_time_per_day,engagement_score,gender_Male,gender_Other,subscription_type_Premium,subscription_type_Standard,region_Asia,region_Europe,region_North America,region_Oceania,region_South America,device_Laptop,device_Mobile,device_TV,device_Tablet,payment_method_Crypto,payment_method_Debit Card,payment_method_Gift Card,payment_method_PayPal,favorite_genre_Comedy,favorite_genre_Documentary,favorite_genre_Drama,favorite_genre_Horror,favorite_genre_Romance,favorite_genre_Sci-Fi,churned
51,14.73,29,8.99,1,0.49,-13.78,0,1,0,0,0,0,0,0,0,0,0,1,0,0,0,1,0,0,0,0,0,0,0,1
47,0.7,19,13.99,5,0.03,-18.27,0,1,0,1,0,1,0,0,0,0,1,0,0,0,0,1,0,0,0,0,0,0,1,1
27,16.32,10,13.99,2,1.48,7.800000000000001,0,0,0,1,1,0,0,0,0,0,0,1,0,1,0,0,0,0,0,1,0,0,0,0
53,4.51,12,17.99,2,0.35,-7.140000000000001,0,1,1,0,0,0,0,1,0,0,0,1,0,1,0,0,0,0,0,0,1,0,0,1
56,1.89,13,13.99,2,0.13,-10.98,0,1,0,1,0,0,0,0,0,0,1,0,0,1,0,0,0,0,0,0,0,0,0,1
58,13.8,26,13.99,3,0.51,-11.69,0,0,0,1,0,0,0,1,0,0,1,0,0,0,1,0,0,0,0,0,0,0,0,0
48,13.83,20,8.99,5,0.66,-5.51,0,1,0,0,1,0,0,0,0,0,0,1,0,0,0,1,0,0,0,0,0,1,0,0
51,14.3,56,8.99,1,0.25,-41.45,1,0,0,0,0,1,0,0,0,0,1,0,0,0,0,1,0,0,0,0,0,0,0,1
45,9.98,10,8.99,3,0.91,0.8900000000000006,0,1,0,0,1,0,0,0,0,0,1,0,0,0,0,0,1,0,0,0,0,1,0,0
32,2.22,34,17.99,1,0.06,-31.72,0,1,1,0,0,1,0,0,0,0,0,1,0,0,1,0,0,0,0,1,0,0,0,1
26,15.42,36,17.99,4,0.42,-20.16,1,0,1,0,1,0,0,0,0,1,0,0,0,0,1,0,0,1,0,0,0,0,0,0
28,22.26,38,13.99,5,0.57,-15.169999999999998,0,1,0,1,0,0,0,0,1,0,1,0,0,1,0,0,0,0,0,0,1,0,0,0
47,7.92,23,13.99,1,0.33,-14.75,0,1,0,1,0,0,0,0,1,0,0,1,0,1,0,0,0,0,0,0,0,0,1,0
49,5.26,33,8.99,3,0.15,-27.59,0,0,0,0,0,0,0,0,1,0,1,0,0,1,0,0,0,0,1,0,0,0,0,1
39,10.97,10,8.99,1,1.0,1.9700000000000006,0,0,0,0,0,0,0,1,0,0,1,0,0,0,0,0,1,1,0,0,0,0,0,0
32,40.94,7,17.99,1,5.12,39.059999999999995,0,0,1,0,0,0,0,0,1,0,0,0,0,1,0,0,0,0,0,0,0,0,0,0
46,1.25,13,17.99,3,0.09,-11.66,0,1,1,0,0,1,0,0,0,0,0,0,1,0,1,0,0,1,0,0,0,0,0,1
48,8.12,32,13.99,2,0.25,-23.630000000000003,0,0,0,1,0,0,0,0,0,0,0,0,0,1,0,0,0,0,0,0,0,0,0,1
68,7.67,40,17.99,4,0.19,-32.14,0,0,1,0,0,0,0,1,0,0,0,0,1,0,0,0,1,0,0,0,0,1,0,0
21,15.53,27,13.99,1,0.55,-10.920000000000002,0,0,0,1,0,0,0,0,1,1,0,0,0,0,0,0,0,1,0,0,0,0,0,0
60,31.9,4,8.99,2,6.38,34.28,1,0,0,0,0,0,0,1,0,0,0,0,1,1,0,0,0,1,0,0,0,0,0,0
70,7.97,57,17.99,5,0.14,-48.89,0,1,1,0,0,1,0,0,0,1,0,0,0,0,0,1,0,0,0,1,0,0,0,1
53,43.02,43,13.99,1,0.98,1.0,0,1,0,1,0,0,0,0,1,0,0,0,1,1,0,0,0,0,0,0,0,0,0,0
36,34.6,19,13.99,3,1.73,17.33,0,1,0,1,0,0,0,1,0,0,0,0,1,1,0,0,0,0,0,0,0,0,0,0
55,24.58,18,8.99,1,1.29,7.869999999999997,0,1,0,0,1,0,0,0,0,0,0,0,0,0,1,0,0,0,1,0,0,0,0,0
45,7.39,6,13.99,1,1.06,2.4499999999999993,0,0,0,1,0,0,0,1,0,0,0,1,0,0,0,0,1,0,0,0,0,1,0,0
24,6.92,13,17.99,2,0.49,-5.59,1,0,1,0,0,0,0,0,0,0,0,0,0,1,0,0,0,0,0,0,0,0,0,0
30,1.37,55,17.99,1,0.02,-53.61,0,1,1,0,0,0,1,0,0,0,1,0,0,0,1,0,0,0,0,0,1,0,0,1
69,24.56,53,8.99,1,0.45,-27.990000000000002,0,0,0,0,0,0,0,1,0,1,0,0,0,0,0,1,0,0,0,0,0,0,0,1
47,15.87,52,13.99,1,0.3,-35.83,0,1,0,1,0,0,0,0,0,1,0,0,0,1,0,0,0,0,0,0,0,0,1,1
49,7.62,27,13.99,3,0.27,-19.11,0,0,0,1,1,0,0,0,0,0,0,1,0,0,1,0,0,0,0,0,0,0,0,0
67,3.05,29,13.99,1,0.1,-25.85,1,0,0,1,0,0,0,1,0,0,0,0,1,0,0,0,1,0,0,1,0,0,0,1
23,13.31,34,17.99,2,0.38,-20.31,0,0,1,0,0,0,0,0,0,0,1,0,0,0,1,0,0,0,0,0,0,1,0,1
67,1.56,0,8.99,5,1.56,3.12,1,0,0,0,0,0,0,1,0,0,0,0,0,1,0,0,0,0,1,0,0,0,0,0
57,0.97,32,17.99,2,0.03,-31.0,1,0,1,0,0,0,0,0,1,0,1,0,0,0,0,1,0,1,0,0,0,0,0,1
55,21.58,48,13.99,5,0.44,-25.98,0,1,0,1,0,0,1,0,0,0,1,0,0,0,0,0,0,0,0,0,0,1,0,0
35,22.59,16,13.99,2,1.33,7.920000000000002,0,1,0,1,0,1,0,0,0,0,0,0,1,0,0,0,0,1,0,0,0,0,0,0
22,9.69,35,13.99,4,0.27,-25.04,0,0,0,1,1,0,0,0,0,0,0,1,0,1,0,0,0,0,1,0,0,0,0,1
34,12.82,45,17.99,2,0.28,-31.9,1,0,1,0,0,0,1,0,0,0,1,0,0,0,0,0,1,0,0,0,0,1,0,1
19,4.34,1,13.99,1,2.17,5.51,1,0,0,1,1,0,0,0,0,0,0,0,1,0,0,0,1,0,0,0,0,0,1,0
25,15.95,15,17.99,1,1.0,1.9499999999999993,0,0,1,0,0,0,0,0,1,1,0,0,0,0,0,0,0,0,0,0,0,0,0,0
49,2.05,14,17.99,5,0.14,-11.81,0,1,1,0,0,0,1,0,0,0,0,0,1,0,1,0,0,0,0,0,0,1,0,0
55,3.86,25,17.99,3,0.15,-20.990000000000002,0,1,1,0,0,1,0,0,0,0,0,0,1,0,0,0,1,0,0,0,0,0,0,1
36,1.68,10,8.99,4,0.15,-8.17,0,1,0,0,0,0,0,0,0,0,0,1,0,0,0,0,1,0,0,0,0,0,0,1
27,46.88,56,17.99,3,0.82,-8.299999999999997,0,1,1,0,0,0,0,1,0,0,0,1,0,1,0,0,0,0,0,1,0,0,0,0
49,4.22,50,13.99,2,0.08,-45.7,1,0,0,1,0,0,0,1,0,0,0,0,0,0,0,1,0,1,0,0,0,0,0,1
54,26.88,44,8.99,3,0.6,-16.52,0,0,0,0,0,0,0,0,1,0,0,0,0,0,0,1,0,0,0,1,0,0,0,0
31,2.23,39,13.99,5,0.06,-36.71,0,0,0,1,0,0,1,0,0,0,1,0,0,0,1,0,0,0,0,1,0,0,0,1
31,14.15,24,17.99,5,0.57,-9.28,1,0,1,0,0,0,0,0,1,0,0,0,0,0,0,0,1,0,0,1,0,0,0,0
42,49.49,39,8.99,5,1.24,11.730000000000004,0,0,0,0,0,1,0,0,0,0,1,0,0,0,0,0,0,0,0,0,1,0,0,0
30,8.79,21,17.99,4,0.4,-11.81,1,0,1,0,0,1,0,0,0,0,0,0,1,1,0,0,0,1,0,0,0,0,0,0
58,14.57,22,13.99,2,0.63,-6.799999999999999,1,0,0,1,0,0,1,0,0,0,1,0,0,0,1,0,0,0,0,0,0,1,0,0
63,25.73,11,13.99,1,2.14,16.87,0,1,0,1,0,0,0,0,0,0,0,1,0,0,0,0,1,1,0,0,0,0,0,0
60,3.01,30,13.99,3,0.1,-26.89,1,0,0,1,1,0,0,0,0,0,0,0,0,0,0,1,0,0,1,0,0,0,0,1
66,12.05,33,8.99,3,0.35,-20.6,1,0,0,0,0,0,0,0,1,0,0,0,1,0,0,0,1,0,0,1,0,0,0,1
51,3.7,37,17.99,2,0.1,-33.2,0,0,1,0,0,0,0,0,1,0,1,0,0,0,0,0,0,0,0,0,1,0,0,1
63,5.84,20,17.99,1,0.28,-13.879999999999999,1,0,1,0,0,0,0,1,0,0,1,0,0,0,0,0,0,0,1,0,0,0,0,0
31,48.35,11,8.99,5,4.03,41.38,1,0,0,0,0,0,0,1,0,0,0,0,0,0,1,0,0,1,0,0,0,0,0,0
55,2.89,37,13.99,4,0.08,-34.03,0,1,0,1,0,0,1,0,0,0,0,0,0,0,1,0,0,0,0,0,0,0,0,1
38,29.84,56,17.99,4,0.52,-25.64,1,0,1,0,0,0,0,0,1,0,0,0,0,0,0,0,0,0,0,1,0,0,0,0
65,19.33,31,13.99,1,0.6,-11.07,0,1,0,1,0,0,1,0,0,0,0,0,0,0,0,0,0,1,0,0,0,0,0,0
43,2.5,33,17.99,3,0.07,-30.43,0,0,1,0,0,1,0,0,0,0,0,1,0,0,0,0,0,0,0,0,0,0,0,1
63,6.97,31,17.99,1,0.22,-23.810000000000002,1,0,1,0,0,0,1,0,0,0,0,0,1,1,0,0,0,0,0,0,0,1,0,1
64,3.66,6,13.99,1,0.52,-1.8200000000000003,0,0,0,1,0,0,0,0,0,0,1,0,0,0,0,0,1,0,0,0,0,1,0,0
58,30.85,46,8.99,5,0.66,-14.489999999999998,0,0,0,0,0,0,1,0,0,0,1,0,0,0,1,0,0,0,0,0,0,0,0,0
31,1.77,34,13.99,3,0.05,-32.18,1,0,0,1,0,1,0,0,0,0,0,1,0,0,0,0,1,0,0,0,0,0,1,1
62,16.65,41,13.99,3,0.4,-23.950000000000003,0,1,0,1,0,0,1,0,0,0,0,0,1,0,1,0,0,0,0,0,0,1,0,1
35,25.08,2,13.99,5,8.36,31.439999999999998,1,0,0,1,0,0,0,1,0,0,0,1,0,1,0,0,0,0,0,0,0,0,0,0
34,23.2,18,13.99,1,1.22,6.419999999999998,0,1,0,1,1,0,0,0,0,0,0,0,1,0,1,0,0,1,0,0,0,0,0,0
65,37.82,31,17.99,3,1.18,8.0,0,1,1,0,0,0,0,1,0,0,0,0,1,0,0,1,0,0,0,0,0,0,1,0
68,28.44,55,13.99,3,0.51,-26.049999999999997,1,0,0,1,0,1,0,0,0,1,0,0,0,1,0,0,0,0,0,0,0,1,0,0
46,13.38,3,13.99,2,3.35,13.73,0,1,0,1,0,0,0,0,1,1,0,0,0,0,0,0,0,0,0,0,0,1,0,0
62,14.8,40,13.99,5,0.36,-24.84,0,0,0,1,0,0,0,0,1,0,1,0,0,1,0,0,0,0,0,1,0,0,0,1
63,3.39,57,17.99,4,0.06,-53.55,0,1,1,0,0,0,0,0,1,0,1,0,0,0,0,0,1,0,0,0,0,0,1,1
62,13.15,11,17.99,1,1.1,3.25,0,0,1,0,0,0,0,1,0,0,0,0,0,0,1,0,0,1,0,0,0,0,0,0
41,15.26,21,8.99,5,0.69,-5.050000000000001,1,0,0,0,0,0,0,0,1,0,0,0,0,0,1,0,0,0,0,1,0,0,0,0
27,79.17,12,17.99,2,6.09,73.26,0,1,1,0,0,0,0,0,1,0,0,0,1,0,1,0,0,0,0,1,0,0,0,0
60,9.13,43,8.99,1,0.21,-33.66,0,0,0,0,0,0,1,0,0,1,0,0,0,0,1,0,0,0,1,0,0,0,0,1
60,3.29,20,17.99,2,0.16,-16.55,1,0,1,0,1,0,0,0,0,0,1,0,0,0,1,0,0,0,0,1,0,0,0,1
58,9.52,51,13.99,1,0.18,-41.3,0,0,0,1,0,1,0,0,0,1,0,0,0,0,0,0,1,0,0,0,0,0,1,1
18,3.56,23,13.99,4,0.15,-19.29,1,0,0,1,0,0,0,1,0,0,0,0,1,0,1,0,0,0,0,0,1,0,0,0
48,11.1,41,17.99,5,0.26,-29.64,0,1,1,0,0,0,0,0,0,0,1,0,0,0,0,1,0,0,1,0,0,0,0,1
26,23.13,27,13.99,2,0.83,-3.0400000000000027,0,1,0,1,0,0,0,1,0,0,1,0,0,0,1,0,0,0,1,0,0,0,0,0
21,9.91,27,17.99,2,0.35,-16.740000000000002,1,0,1,0,1,0,0,0,0,0,0,0,0,0,1,0,0,0,0,0,0,0,1,0
46,6.22,36,8.99,2,0.17,-29.61,0,1,0,0,1,0,0,0,0,1,0,0,0,0,0,0,0,0,0,0,1,0,0,1
62,0.45,20,17.99,5,0.02,-19.53,0,0,1,0,0,1,0,0,0,0,0,0,1,0,1,0,0,0,0,0,0,0,1,0
35,17.53,38,13.99,1,0.45,-20.02,0,0,0,1,0,0,0,1,0,1,0,0,0,0,0,0,0,0,0,0,0,0,0,1
61,4.52,21,13.99,2,0.21,-16.27,0,0,0,1,0,1,0,0,0,0,0,0,1,1,0,0,0,0,0,1,0,0,0,1
37,9.69,24,8.99,4,0.39,-13.92,1,0,0,0,1,0,0,0,0,0,1,0,0,0,0,0,0,0,0,0,1,0,0,0
46,5.78,4,13.99,2,1.16,2.9400000000000004,0,0,0,1,1,0,0,0,0,1,0,0,0,0,0,0,0,0,0,0,0,0,1,0
41,18.87,9,17.99,3,1.89,11.760000000000002,0,0,1,0,0,1,0,0,0,0,0,1,0,0,0,1,0,0,1,0,0,0,0,0
21,4.89,3,17.99,4,1.22,3.1099999999999994,0,0,1,0,0,0,0,1,0,0,0,0,0,0,1,0,0,0,0,0,0,0,1,0
55,1.66,54,17.99,4,0.03,-52.31,0,0,1,0,0,0,0,1,0,0,0,1,0,0,0,0,1,0,0,1,0,0,0,1
64,4.42,17,17.99,3,0.25,-12.33,0,0,1,0,0,0,0,0,1,1,0,0,0,1,0,0,0,0,0,0,1,0,0,1
36,13.38,22,17.99,4,0.58,-8.04,0,1,1,0,0,0,1,0,0,0,1,0,0,0,0,1,0,0,1,0,0,0,0,0
67,9.87,6,17.99,3,1.41,5.279999999999999,0,0,1,0,0,1,0,0,0,0,0,1,0,0,0,0,1,0,0,0,0,0,0,0
23,23.6,56,17.99,4,0.41,-31.99,0,0,1,0,0,0,0,0,1,0,0,1,0,0,0,0,1,0,0,0,0,0,1,0
19,3.89,33,8.99,1,0.11,-29.0,1,0,0,0,0,0,1,0,0,0,1,0,0,0,0,0,0,0,0,0,0,1,0,1
20,3.4,33,17.99,5,0.1,-29.5,0,1,1,0,0,0,0,0,0,0,0,0,1,1,0,0,0,0,0,1,0,0,0,1
50,3.58,54,13.99,4,0.07,-50.35,0,0,0,1,0,1,0,0,0,0,0,0,1,0,0,0,0,0,0,0,0,1,0,1
33,31.11,39,17.99,4,0.78,-7.109999999999999,0,1,1,0,0,0,0,0,1,0,1,0,0,1,0,0,0,1,0,0,0,0,0,0
31,2.81,39,17.99,5,0.07,-36.12,0,1,1,0,0,1,0,0,0,0,0,0,0,0,0,0,0,0,0,0,1,0,0,1
20,9.87,29,13.99,3,0.33,-18.8,1,0,0,1,0,0,0,0,0,0,0,0,0,0,0,0,1,0,1,0,0,0,0,0
18,35.52,40,8.99,3,0.87,-3.6099999999999994,0,0,0,0,0,0,0,0,1,0,0,0,1,1,0,0,0,0,0,0,0,0,0,0
31,4.6,1,17.99,1,2.3,5.8999999999999995,1,0,1,0,0,0,0,0,1,0,0,0,0,0,0,1,0,0,0,0,0,0,1,0
47,14.24,37,17.99,2,0.37,-22.39,0,1,1,0,0,0,0,0,0,0,0,0,1,0,0,1,0,0,1,0,0,0,0,1
49,2.9,46,8.99,2,0.06,-43.04,0,0,0,0,1,0,0,0,0,0,1,0,0,0,1,0,0,0,0,0,1,0,0,1
30,24.74,17,8.99,5,1.37,9.11,0,0,0,0,0,0,0,1,0,1,0,0,0,0,0,0,0,1,0,0,0,0,0,0
22,2.93,27,8.99,2,0.1,-23.97,0,1,0,0,1,0,0,0,0,0,0,1,0,0,0,1,0,0,0,0,0,0,1,1
61,5.98,1,13.99,5,2.99,7.970000000000001,0,1,0,1,0,0,1,0,0,0,0,0,1,0,0,1,0,0,0,0,0,1,0,0
59,24.59,49,17.99,3,0.49,-23.92,0,1,1,0,0,0,1,0,0,0,0,0,0,1,0,0,0,0,0,0,0,1,0,0
42,18.17,2,17.99,4,6.06,22.23,1,0,1,0,0,0,0,0,1,1,0,0,0,1,0,0,0,0,0,0,0,0,1,0
21,13.97,14,8.99,3,0.93,0.9000000000000004,0,0,0,0,0,0,1,0,0,1,0,0,0,0,0,0,0,0,0,0,0,1,0,0
35,4.58,42,8.99,4,0.11,-37.31,1,0,0,0,0,0,0,0,1,0,0,0,1,0,0,0,0,0,0,0,0,1,0,1
32,17.18,22,8.99,4,0.75,-4.07,0,1,0,0,0,0,0,0,0,0,0,1,0,1,0,0,0,0,0,0,0,1,0,0
65,4.89,6,17.99,1,0.7,-0.41000000000000014,0,0,1,0,1,0,0,0,0,0,0,1,0,0,0,1,0,0,1,0,0,0,0,0
59,6.77,22,13.99,1,0.29,-14.940000000000001,0,1,0,1,0,0,0,1,0,0,0,0,1,0,1,0,0,0,0,0,0,0,1,0
70,1.28,52,8.99,5,0.02,-50.7,0,1,0,0,1,0,0,0,0,0,1,0,0,0,0,0,0,0,0,0,0,0,0,1
63,8.54,51,17.99,5,0.16,-42.3,1,0,1,0,0,0,1,0,0,0,0,0,1,0,0,0,0,0,1,0,0,0,0,0
29,17.58,2,8.99,1,5.86,21.439999999999998,0,1,0,0,0,1,0,0,0,0,0,0,0,0,0,0,1,0,0,0,0,0,0,0
30,9.28,44,8.99,4,0.21,-34.51,0,1,0,0,0,0,1,0,0,0,0,0,1,0,0,0,1,0,0,0,0,0,0,1
52,6.18,41,8.99,3,0.15,-34.67,0,1,0,0,0,0,0,0,1,0,0,0,1,0,0,1,0,1,0,0,0,0,0,1
49,5.88,40,13.99,2,0.14,-33.980000000000004,0,1,0,1,0,0,1,0,0,0,1,0,0,1,0,0,0,0,0,0,0,0,0,1
33,2.86,30,13.99,5,0.09,-27.05,1,0,0,1,0,1,0,0,0,0,0,0,1,0,0,1,0,0,0,1,0,0,0,1
22,3.71,28,8.99,1,0.13,-24.16,0,0,0,0,0,1,0,0,0,0,0,1,0,1,0,0,0,0,0,0,1,0,0,1
29,1.7,43,8.99,5,0.04,-41.26,1,0,0,0,0,0,0,0,1,0,1,0,0,0,1,0,0,0,0,0,1,0,0,1
67,1.02,20,13.99,1,0.05,-18.93,0,0,0,1,0,1,0,0,0,1,0,0,0,0,0,1,0,0,0,0,0,0,1,1
53,1.36,35,17.99,2,0.04,-33.6,0,0,1,0,0,0,0,0,1,0,1,0,0,0,0,1,0,0,0,0,0,1,0,1
40,12.26,3,17.99,5,3.06,12.32,1,0,1,0,0,0,1,0,0,0,1,0,0,0,1,0,0,0,0,0,0,1,0,0
56,1.43,16,17.99,2,0.08,-14.49,0,1,1,0,0,1,0,0,0,1,0,0,0,0,1,0,0,0,0,0,0,0,0,1
35,26.9,49,8.99,2,0.54,-21.560000000000002,0,0,0,0,0,0,0,0,1,0,0,0,0,0,0,1,0,0,0,1,0,0,0,0
54,3.13,16,8.99,5,0.18,-12.69,1,0,0,0,0,0,0,1,0,0,0,1,0,0,0,0,0,0,0,1,0,0,0,1
19,3.72,11,8.99,5,0.31,-6.97,0,1,0,0,1,0,0,0,0,0,0,0,0,1,0,0,0,0,1,0,0,0,0,1
28,16.17,46,17.99,4,0.34,-29.49,1,0,1,0,0,0,0,0,0,1,0,0,0,1,0,0,0,0,0,0,1,0,0,1
19,5.18,43,8.99,4,0.12,-37.7,0,1,0,0,0,1,0,0,0,0,0,0,1,0,0,0,1,0,0,0,1,0,0,1
34,1.89,59,8.99,5,0.03,-57.08,1,0,0,0,1,0,0,0,0,0,0,0,1,0,0,0,0,0,0,0,0,0,0,1
19,8.03,1,17.99,3,4.01,11.04,1,0,1,0,1,0,0,0,0,0,0,1,0,0,0,1,0,0,0,1,0,0,0,0
45,3.4,27,8.99,3,0.12,-23.48,0,1,0,0,0,0,1,0,0,1,0,0,0,1,0,0,0,0,0,0,0,0,1,1
50,0.11,1,8.99,2,0.06,-0.8300000000000001,0,1,0,0,0,0,0,0,1,0,0,0,1,0,0,1,0,0,0,0,0,0,1,1
47,40.12,55,13.99,1,0.72,-14.160000000000004,0,0,0,1,0,0,0,0,0,0,0,0,0,0,0,0,1,0,0,0,0,0,0,0
40,32.88,36,13.99,4,0.89,-2.229999999999997,0,0,0,1,0,0,0,0,1,0,0,0,0,1,0,0,0,0,0,0,0,0,1,0
41,6.26,16,13.99,4,0.37,-9.370000000000001,0,0,0,1,0,0,0,1,0,0,0,0,1,1,0,0,0,0,0,0,0,0,0,0
48,16.78,2,17.99,1,5.59,20.37,0,1,1,0,0,1,0,0,0,0,1,0,0,0,0,0,1,0,0,1,0,0,0,0
67,3.29,25,13.99,1,0.13,-21.58,0,1,0,1,0,0,1,0,0,0,0,0,1,1,0,0,0,0,1,0,0,0,0,1
59,20.11,40,8.99,2,0.49,-19.400000000000002,0,0,0,0,0,0,0,0,1,0,0,0,0,0,0,0,1,0,0,0,0,0,1,1
60,19.36,45,13.99,2,0.42,-25.22,0,0,0,1,0,0,0,0,1,0,0,0,0,0,1,0,0,0,0,1,0,0,0,1
33,2.27,20,8.99,3,0.11,-17.62,1,0,0,0,0,0,0,0,1,0,0,0,0,0,1,0,0,0,0,0,0,1,0,1
24,2.42,56,8.99,3,0.04,-53.54,0,0,0,0,0,1,0,0,0,0,0,0,1,1,0,0,0,1,0,0,0,0,0,1
23,10.85,13,8.99,3,0.78,-1.370000000000001,0,1,0,0,0,0,1,0,0,0,1,0,0,0,0,0,1,0,0,0,0,1,0,0
34,9.59,28,17.99,4,0.33,-18.08,1,0,1,0,0,1,0,0,0,0,1,0,0,0,0,0,1,0,0,0,0,0,0,0
30,7.24,40,17.99,5,0.18,-32.58,1,0,1,0,1,0,0,0,0,0,0,1,0,0,1,0,0,0,1,0,0,0,0,0
69,7.85,43,13.99,5,0.18,-34.97,1,0,0,1,0,1,0,0,0,0,0,1,0,0,0,1,0,0,0,0,0,0,0,1
70,6.8,6,8.99,4,0.97,1.7699999999999996,0,0,0,0,0,0,1,0,0,0,1,0,0,0,1,0,0,0,0,0,0,0,0,0
42,0.88,33,17.99,1,0.03,-32.09,1,0,1,0,0,0,0,1,0,1,0,0,0,0,0,0,0,1,0,0,0,0,0,1
34,12.48,53,17.99,2,0.23,-40.29,1,0,1,0,1,0,0,0,0,0,0,0,1,0,0,1,0,1,0,0,0,0,0,1
51,2.04,6,17.99,2,0.29,-3.67,0,0,1,0,0,0,0,0,1,0,0,1,0,0,1,0,0,0,0,1,0,0,0,0
27,4.57,24,17.99,4,0.18,-19.25,0,1,1,0,0,0,0,0,0,1,0,0,0,0,0,1,0,0,1,0,0,0,0,1
19,19.23,20,13.99,3,0.92,0.15000000000000213,1,0,0,1,0,0,0,1,0,1,0,0,0,0,1,0,0,0,0,0,0,1,0,0
18,16.81,56,13.99,2,0.29,-38.900000000000006,0,1,0,1,0,0,0,1,0,0,0,0,1,0,0,0,0,0,0,1,0,0,0,1
23,8.17,38,17.99,3,0.21,-29.619999999999997,0,1,1,0,0,1,0,0,0,0,0,0,0,0,0,0,1,0,1,0,0,0,0,1
23,7.09,32,8.99,2,0.21,-24.7,1,0,0,0,0,1,0,0,0,0,0,1,0,0,0,0,0,0,0,0,0,1,0,1
50,7.92,58,17.99,4,0.13,-49.95,0,0,1,0,1,0,0,0,0,0,0,0,0,0,0,1,0,0,0,1,0,0,0,1
54,10.1,40,13.99,5,0.25,-29.65,0,1,0,1,0,0,0,1,0,0,0,1,0,0,0,0,1,0,0,0,1,0,0,0
68,9.07,32,8.99,3,0.27,-22.66,0,0,0,0,0,0,0,0,0,0,0,1,0,1,0,0,0,0,0,0,0,1,0,1
70,2.24,50,8.99,5,0.04,-47.72,0,1,0,0,0,1,0,0,0,1,0,0,0,0,0,0,1,0,1,0,0,0,0,1
28,11.25,52,8.99,5,0.21,-40.54,1,0,0,0,0,1,0,0,0,1,0,0,0,0,0,0,1,0,0,0,0,0,0,1
37,31.31,53,13.99,1,0.58,-21.110000000000003,1,0,0,1,0,0,0,0,1,0,1,0,0,0,0,1,0,0,0,0,0,0,1,0
51,8.32,48,17.99,2,0.17,-39.51,0,0,1,0,0,1,0,0,0,0,0,1,0,0,0,0,0,0,0,0,1,0,0,1
18,6.8,20,17.99,4,0.32,-12.879999999999999,0,0,1,0,0,0,0,0,1,1,0,0,0,0,0,0,0,0,0,1,0,0,0,0
25,18.4,55,8.99,4,0.33,-36.27,0,0,0,0,1,0,0,0,0,0,0,1,0,0,1,0,0,0,0,1,0,0,0,1
33,44.72,7,8.99,4,5.59,43.31,0,1,0,0,0,0,0,1,0,0,0,0,1,0,0,0,1,0,0,0,1,0,0,0
30,3.61,43,17.99,4,0.08,-39.31,0,0,1,0,0,0,0,0,0,0,0,0,1,0,0,0,1,1,0,0,0,0,0,1
22,10.68,60,17.99,5,0.18,-49.14,1,0,1,0,0,0,0,0,0,0,0,0,1,0,1,0,0,0,0,0,0,0,0,0
40,8.13,4,8.99,4,1.63,5.760000000000002,0,1,0,0,0,0,0,1,0,0,0,0,1,0,0,1,0,0,0,0,0,1,0,0
44,38.18,49,17.99,3,0.76,-10.060000000000002,1,0,1,0,0,0,0,1,0,0,0,1,0,0,0,1,0,0,1,0,0,0,0,0
68,1.83,0,8.99,5,1.83,3.66,1,0,0,0,0,0,0,0,0,0,1,0,0,0,1,0,0,0,0,0,1,0,0,0
24,47.9,21,8.99,4,2.18,29.08,0,0,0,0,0,0,0,1,0,1,0,0,0,0,1,0,0,0,0,0,0,1,0,0
34,3.85,55,13.99,3,0.07,-51.08,0,0,0,1,0,0,0,0,1,0,0,0,0,0,0,1,0,0,0,0,0,1,0,1
62,1.55,17,8.99,2,0.09,-15.36,0,0,0,0,0,0,0,0,1,0,0,0,1,0,1,0,0,0,0,0,0,0,0,1
29,7.46,58,13.99,5,0.13,-50.41,0,0,0,1,1,0,0,0,0,0,0,0,1,0,0,0,0,0,0,1,0,0,0,0
62,6.67,47,8.99,2,0.14,-40.19,0,0,0,0,0,0,1,0,0,0,0,1,0,0,0,1,0,0,1,0,0,0,0,1
20,4.57,17,17.99,1,0.25,-12.18,0,0,1,0,0,0,0,0,1,1,0,0,0,0,0,1,0,1,0,0,0,0,0,1
60,1.03,2,13.99,5,0.34,-0.6299999999999999,0,0,0,1,1,0,0,0,0,0,0,0,1,0,0,0,1,0,1,0,0,0,0,0
25,6.71,2,13.99,4,2.24,6.949999999999999,0,1,0,1,0,0,0,0,0,0,0,0,1,0,0,0,0,0,0,0,0,0,1,0
57,12.95,27,13.99,4,0.46,-13.59,1,0,0,1,0,0,1,0,0,0,0,1,0,0,0,1,0,0,0,0,1,0,0,0
47,3.92,58,13.99,5,0.07,-54.01,1,0,0,1,0,0,0,0,0,0,0,0,1,0,0,0,1,0,0,0,1,0,0,1
54,24.44,28,8.99,4,0.84,-2.719999999999999,1,0,0,0,0,0,1,0,0,1,0,0,0,0,0,1,0,0,0,1,0,0,0,0
34,28.76,11,13.99,2,2.4,20.16,0,0,0,1,0,0,1,0,0,0,1,0,0,0,0,0,1,0,1,0,0,0,0,0
52,1.35,7,13.99,1,0.17,-5.48,1,0,0,1,1,0,0,0,0,0,0,1,0,1,0,0,0,0,0,0,0,0,0,1
53,0.25,50,17.99,1,0.0,-49.75,0,1,1,0,1,0,0,0,0,0,0,0,1,0,0,0,1,0,0,0,0,1,0,1
68,10.27,55,17.99,4,0.18,-44.55,0,0,1,0,0,0,1,0,0,0,0,0,1,0,0,0,1,0,0,0,1,0,0,0
68,52.22,4,17.99,1,10.44,58.66,1,0,1,0,0,0,1,0,0,1,0,0,0,0,0,1,0,0,0,0,0,1,0,0
55,7.61,37,13.99,1,0.2,-29.189999999999998,0,1,0,1,0,0,1,0,0,0,1,0,0,0,0,0,1,1,0,0,0,0,0,1
31,11.05,51,8.99,1,0.21,-39.739999999999995,1,0,0,0,0,0,1,0,0,0,0,1,0,0,0,0,1,0,0,0,1,0,0,1
30,17.22,5,13.99,1,2.87,15.09,0,1,0,1,0,0,0,0,1,1,0,0,0,0,0,0,1,0,0,0,1,0,0,0
56,2.39,21,17.99,2,0.11,-18.5,0,0,1,0,0,0,0,0,1,0,0,0,1,0,1,0,0,1,0,0,0,0,0,1
44,14.91,47,8.99,5,0.31,-31.78,0,1,0,0,0,1,0,0,0,0,0,0,0,0,1,0,0,0,0,0,1,0,0,1
64,13.86,7,13.99,3,1.73,8.59,1,0,0,1,0,0,0,0,0,1,0,0,0,0,0,0,0,1,0,0,0,0,0,0
42,2.6,50,8.99,4,0.05,-47.35,0,1,0,0,0,0,0,0,1,1,0,0,0,0,0,0,0,0,0,0,0,1,0,1
18,17.75,9,17.99,1,1.77,10.52,0,1,1,0,0,0,0,1,0,0,0,0,0,0,0,1,0,1,0,0,0,0,0,0
56,8.71,2,8.99,3,2.9,9.610000000000001,1,0,0,0,1,0,0,0,0,1,0,0,0,0,1,0,0,0,0,1,0,0,0,0
23,10.39,2,17.99,4,3.46,11.850000000000001,1,0,1,0,0,0,1,0,0,0,0,1,0,0,0,0,1,0,0,0,0,1,0,0
23,18.25,30,8.99,5,0.59,-11.16,0,0,0,0,0,0,0,0,1,0,1,0,0,1,0,0,0,0,1,0,0,0,0,0
65,20.05,21,17.99,5,0.91,-0.03999999999999915,0,1,1,0,1,0,0,0,0,0,0,0,1,1,0,0,0,0,1,0,0,0,0,0
47,0.39,48,8.99,5,0.01,-47.6,0,1,0,0,0,0,0,0,1,0,0,0,1,0,0,0,1,0,0,0,0,1,0,1
36,50.98,23,17.99,4,2.12,30.099999999999994,0,0,1,0,1,0,0,0,0,0,1,0,0,0,0,1,0,1,0,0,0,0,0,0
54,0.56,30,17.99,2,0.02,-29.42,0,1,1,0,0,0,1,0,0,0,0,0,1,0,1,0,0,0,0,0,1,0,0,1
56,1.95,28,13.99,4,0.07,-25.98,0,1,0,1,0,0,1,0,0,0,1,0,0,1,0,0,0,0,0,0,0,1,0,1
34,70.61,38,17.99,5,1.81,34.42,1,0,1,0,0,0,0,1,0,0,0,1,0,0,0,0,0,1,0,0,0,0,0,0
70,8.7,46,13.99,3,0.19,-37.11,0,1,0,1,1,0,0,0,0,0,1,0,0,0,0,0,0,0,0,0,0,0,0,1
51,2.17,14,8.99,3,0.14,-11.69,1,0,0,0,0,0,0,0,0,0,0,0,1,0,1,0,0,0,0,0,1,0,0,1
57,15.75,1,8.99,3,7.88,22.63,0,0,0,0,0,1,0,0,0,0,0,0,0,1,0,0,0,0,0,0,1,0,0,0
36,3.58,14,8.99,2,0.24,-10.18,0,0,0,0,0,0,1,0,0,0,0,0,1,0,0,0,1,0,0,0,0,1,0,1
67,14.58,18,13.99,2,0.77,-2.6500000000000004,0,1,0,1,0,1,0,0,0,0,0,0,0,0,0,0,0,0,0,0,0,0,1,0
66,1.42,57,13.99,3,0.02,-55.56,0,1,0,1,0,1,0,0,0,1,0,0,0,0,0,1,0,0,0,1,0,0,0,1
42,2.98,29,8.99,4,0.1,-25.92,0,0,0,0,1,0,0,0,0,0,0,1,0,1,0,0,0,1,0,0,0,0,0,1
34,0.68,42,13.99,2,0.02,-41.3,0,0,0,1,0,0,0,0,0,0,0,0,0,1,0,0,0,1,0,0,0,0,0,1
49,2.26,31,13.99,5,0.07,-28.67,0,1,0,1,0,1,0,0,0,1,0,0,0,0,0,0,1,1,0,0,0,0,0,1
66,6.93,47,8.99,3,0.14,-39.93,0,0,0,0,0,0,0,0,1,0,0,0,1,0,0,0,1,0,0,0,0,0,1,1
24,11.67,31,17.99,3,0.36,-18.97,0,0,1,0,0,0,0,1,0,0,1,0,0,1,0,0,0,0,0,0,0,0,1,1
49,5.31,39,17.99,1,0.13,-33.56,0,1,1,0,0,1,0,0,0,0,0,1,0,0,0,0,0,1,0,0,0,0,0,1
65,1.83,37,13.99,1,0.05,-35.12,0,1,0,1,0,0,0,0,0,0,0,0,0,0,0,0,0,1,0,0,0,0,0,1
52,2.62,43,13.99,5,0.06,-40.32,0,0,0,1,0,0,0,0,1,0,1,0,0,0,0,1,0,0,1,0,0,0,0,1
61,0.85,6,17.99,1,0.12,-5.03,0,1,1,0,0,1,0,0,0,0,0,1,0,1,0,0,0,0,0,0,1,0,0,1
50,5.02,47,13.99,3,0.1,-41.88,0,0,0,1,0,0,0,0,0,0,1,0,0,1,0,0,0,0,0,0,1,0,0,1
56,19.81,25,17.99,4,0.76,-4.43,0,1,1,0,1,0,0,0,0,0,0,0,1,0,0,0,0,0,0,0,0,0,1,0
36,18.47,28,17.99,2,0.64,-8.89,0,1,1,0,1,0,0,0,0,0,0,0,1,0,0,0,0,0,0,0,1,0,0,0
40,22.52,8,13.99,5,2.5,17.02,0,0,0,1,0,0,0,0,0,1,0,0,0,0,0,0,1,1,0,0,0,0,0,0
23,11.54,28,17.99,5,0.4,-16.060000000000002,0,0,1,0,0,1,0,0,0,1,0,0,0,0,0,1,0,0,0,0,0,0,1,0
49,38.43,6,8.99,3,5.49,37.92,0,0,0,0,0,0,0,1,0,0,0,0,1,0,0,0,1,0,0,1,0,0,0,0
68,2.7,35,13.99,1,0.08,-32.22,0,0,0,1,1,0,0,0,0,0,0,1,0,0,1,0,0,0,1,0,0,0,0,1
52,1.79,38,13.99,1,0.05,-36.16,0,1,0,1,0,0,0,0,0,0,1,0,0,0,0,0,0,0,0,1,0,0,0,1
37,13.86,46,13.99,3,0.29,-31.85,1,0,0,1,0,0,0,0,1,1,0,0,0,0,0,1,0,0,1,0,0,0,0,1
33,0.14,37,8.99,5,0.0,-36.86,0,0,0,0,0,1,0,0,0,0,0,1,0,0,0,0,1,0,0,0,0,0,1,1
26,19.48,35,17.99,5,0.54,-14.98,0,1,1,0,0,0,0,1,0,1,0,0,0,0,0,0,1,0,0,0,1,0,0,0
37,4.84,25,8.99,5,0.19,-19.97,1,0,0,0,0,0,0,0,0,1,0,0,0,0,0,0,1,0,0,0,0,0,0,1
36,8.7,45,17.99,4,0.19,-36.11,0,1,1,0,0,0,0,0,1,0,1,0,0,0,0,0,1,0,0,1,0,0,0,0
61,19.19,27,17.99,2,0.69,-7.119999999999997,1,0,1,0,0,0,0,0,1,0,1,0,0,0,0,0,1,0,0,0,1,0,0,0
43,0.53,22,8.99,1,0.02,-21.45,1,0,0,0,0,1,0,0,0,0,0,1,0,0,0,0,1,0,0,0,0,1,0,1
62,7.85,53,8.99,2,0.15,-45.0,1,0,0,0,0,1,0,0,0,0,1,0,0,0,0,0,1,0,0,0,0,1,0,1
70,42.5,46,17.99,2,0.9,-2.6000000000000014,0,1,1,0,0,1,0,0,0,1,0,0,0,0,0,0,0,0,0,1,0,0,0,0
34,6.33,49,13.99,4,0.13,-42.54,1,0,0,1,0,1,0,0,0,1,0,0,0,0,1,0,0,0,0,0,0,0,0,0
38,33.5,56,8.99,2,0.59,-21.909999999999997,0,0,0,0,1,0,0,0,0,1,0,0,0,0,0,0,1,0,0,0,0,0,0,0
67,2.55,48,8.99,2,0.05,-45.4,0,0,0,0,0,0,0,1,0,1,0,0,0,0,0,1,0,0,0,0,0,0,1,1
39,47.79,12,17.99,1,3.68,39.47,0,0,1,0,0,0,1,0,0,0,0,1,0,0,0,1,0,1,0,0,0,0,0,0
22,26.28,48,8.99,3,0.54,-21.18,0,1,0,0,0,1,0,0,0,0,0,1,0,1,0,0,0,0,0,0,0,0,1,0
67,1.04,17,17.99,2,0.06,-15.9,1,0,1,0,0,1,0,0,0,0,1,0,0,0,0,1,0,0,0,0,0,1,0,1
42,9.91,14,13.99,1,0.66,-3.4299999999999997,0,0,0,1,0,0,0,0,0,0,0,0,0,1,0,0,0,1,0,0,0,0,0,0
32,16.39,27,17.99,5,0.59,-10.02,0,1,1,0,0,1,0,0,0,0,0,0,0,0,0,1,0,0,0,0,1,0,0,0
36,32.78,51,13.99,5,0.63,-17.589999999999996,0,1,0,1,1,0,0,0,0,1,0,0,0,0,1,0,0,0,1,0,0,0,0,0
35,1.95,52,17.99,5,0.04,-50.01,1,0,1,0,0,0,0,0,0,0,0,0,1,0,0,0,0,0,0,1,0,0,0,1
49,5.02,26,13.99,4,0.19,-20.79,0,1,0,1,0,0,0,0,1,0,0,0,1,0,0,0,0,0,1,0,0,0,0,0
41,36.94,6,8.99,4,5.28,36.22,0,0,0,0,0,0,0,0,0,0,0,0,1,0,0,0,0,0,0,1,0,0,0,0
48,1.3,2,8.99,4,0.43,-0.27,0,0,0,0,0,0,0,0,1,0,1,0,0,1,0,0,0,0,0,1,0,0,0,1
34,0.33,7,17.99,2,0.04,-6.63,1,0,1,0,1,0,0,0,0,0,0,0,1,0,0,1,0,0,0,0,1,0,0,1
28,5.03,59,17.99,1,0.08,-53.89,0,1,1,0,0,0,0,1,0,0,0,1,0,1,0,0,0,0,0,1,0,0,0,1
61,1.21,31,8.99,3,0.04,-29.75,0,0,0,0,0,1,0,0,0,0,0,0,1,1,0,0,0,0,0,1,0,0,0,1
23,3.51,16,17.99,5,0.21,-12.280000000000001,0,1,1,0,1,0,0,0,0,0,0,0,0,0,0,0,0,0,0,1,0,0,0,0
30,3.55,45,17.99,3,0.08,-41.37,0,0,1,0,0,0,0,0,1,0,0,0,0,0,0,1,0,0,0,0,0,1,0,1
40,7.02,44,8.99,4,0.16,-36.82,0,0,0,0,0,0,0,0,0,0,0,0,1,0,0,1,0,0,0,0,1,0,0,1
18,15.17,28,8.99,3,0.52,-12.31,1,0,0,0,0,0,0,0,1,0,1,0,0,0,0,0,1,0,1,0,0,0,0,0
47,17.12,22,13.99,1,0.74,-4.140000000000001,1,0,0,1,0,1,0,0,0,0,0,0,0,0,0,0,0,0,1,0,0,0,0,0
61,12.93,55,8.99,4,0.23,-41.84,0,0,0,0,0,0,0,1,0,0,0,0,1,0,1,0,0,0,0,0,0,0,1,1
50,7.88,43,13.99,1,0.18,-34.94,1,0,0,1,0,1,0,0,0,0,0,0,1,1,0,0,0,0,0,0,1,0,0,1
42,5.55,47,8.99,2,0.12,-41.33,0,1,0,0,0,1,0,0,0,0,0,0,1,0,0,1,0,0,0,1,0,0,0,1
60,4.61,8,8.99,3,0.51,-2.88,1,0,0,0,0,0,1,0,0,0,1,0,0,0,0,0,1,0,0,0,0,0,1,1
46,19.74,20,8.99,1,0.94,0.6799999999999997,1,0,0,0,1,0,0,0,0,0,1,0,0,0,1,0,0,0,0,0,1,0,0,0
49,19.67,54,17.99,5,0.36,-33.97,0,1,1,0,0,1,0,0,0,0,1,0,0,0,0,0,0,0,1,0,0,0,0,0
63,0.3,12,17.99,2,0.02,-11.68,0,1,1,0,1,0,0,0,0,1,0,0,0,0,0,0,0,0,0,1,0,0,0,1
41,7.73,31,8.99,4,0.24,-23.03,1,0,0,0,1,0,0,0,0,0,0,0,1,0,0,1,0,0,1,0,0,0,0,1
63,1.03,3,8.99,5,0.26,-1.71,1,0,0,0,0,0,1,0,0,0,0,0,1,0,0,0,0,0,1,0,0,0,0,1
33,9.93,51,13.99,4,0.19,-40.88,1,0,0,1,0,0,0,0,1,0,0,0,1,0,1,0,0,0,0,0,0,1,0,0
51,2.56,53,13.99,2,0.05,-50.39,1,0,0,1,0,0,0,1,0,0,0,0,0,0,0,0,1,0,0,0,0,1,0,1
59,2.28,38,13.99,3,0.06,-35.66,0,0,0,1,0,0,0,0,0,0,0,0,0,0,0,0,1,0,0,1,0,0,0,1
44,1.17,51,13.99,3,0.02,-49.81,1,0,0,1,0,0,0,0,1,0,0,0,1,0,0,0,0,0,0,0,0,1,0,1
22,21.84,1,17.99,1,10.92,31.759999999999998,0,0,1,0,0,0,0,1,0,0,1,0,0,0,0,0,0,0,0,0,1,0,0,0
25,10.53,33,17.99,3,0.31,-22.16,0,0,1,0,0,0,0,1,0,0,0,0,1,0,1,0,0,0,0,0,0,0,1,1
26,8.43,45,13.99,5,0.18,-36.39,1,0,0,1,0,0,1,0,0,1,0,0,0,0,1,0,0,1,0,0,0,0,0,0
51,23.55,13,17.99,2,1.68,12.23,0,1,1,0,0,0,0,0,1,0,0,1,0,0,0,0,0,0,0,1,0,0,0,0
46,41.63,46,13.99,4,0.89,-3.479999999999997,0,0,0,1,0,0,0,0,1,0,0,0,1,0,1,0,0,1,0,0,0,0,0,0
35,1.11,13,17.99,4,0.08,-11.81,1,0,1,0,0,0,0,0,1,0,1,0,0,0,0,0,0,0,0,0,0,0,1,0
50,5.41,35,17.99,4,0.15,-29.439999999999998,0,0,1,0,0,0,1,0,0,0,0,0,0,0,0,1,0,0,0,0,0,0,0,1
54,11.79,39,13.99,2,0.29,-26.92,0,0,0,1,1,0,0,0,0,1,0,0,0,0,1,0,0,0,1,0,0,0,0,1
27,0.39,32,13.99,4,0.01,-31.6,1,0,0,1,0,0,0,0,1,1,0,0,0,0,0,1,0,0,0,0,0,0,0,1
18,0.97,9,17.99,5,0.1,-7.93,1,0,1,0,0,0,0,0,0,0,0,0,1,0,1,0,0,0,0,0,0,0,1,0
59,4.16,25,8.99,2,0.16,-20.68,0,0,0,0,0,1,0,0,0,0,0,0,1,1,0,0,0,0,0,0,1,0,0,1
37,13.91,27,17.99,5,0.5,-12.59,1,0,1,0,1,0,0,0,0,1,0,0,0,0,0,0,1,1,0,0,0,0,0,0
44,3.73,49,17.99,5,0.07,-45.2,0,0,1,0,0,0,0,1,0,0,0,1,0,0,0,0,0,0,0,1,0,0,0,1
28,10.91,16,13.99,4,0.64,-4.449999999999999,1,0,0,1,0,0,1,0,0,0,0,0,1,0,1,0,0,0,0,1,0,0,0,0
23,5.56,53,17.99,1,0.1,-47.34,0,1,1,0,0,1,0,0,0,1,0,0,0,0,0,0,0,0,0,0,0,1,0,1
58,4.04,19,17.99,4,0.2,-14.76,0,1,1,0,1,0,0,0,0,0,1,0,0,0,0,0,0,0,0,0,0,1,0,0
23,0.13,48,13.99,5,0.0,-47.87,0,0,0,1,0,1,0,0,0,1,0,0,0,1,0,0,0,0,0,0,0,0,1,1
36,20.03,16,8.99,5,1.18,5.210000000000001,0,0,0,0,0,0,0,0,0,0,0,0,0,0,1,0,0,1,0,0,0,0,0,0
37,20.45,54,8.99,4,0.37,-33.18,0,1,0,0,1,0,0,0,0,0,0,0,0,0,1,0,0,0,0,0,0,0,0,0
48,4.91,1,8.99,1,2.46,6.37,0,1,0,0,0,0,1,0,0,0,1,0,0,0,0,0,1,0,0,0,0,0,0,1
23,28.75,20,13.99,2,1.37,10.120000000000001,1,0,0,1,1,0,0,0,0,0,0,1,0,1,0,0,0,0,0,0,1,0,0,0
35,10.43,46,8.99,4,0.22,-35.35,0,1,0,0,0,0,0,1,0,0,1,0,0,0,0,0,0,0,0,0,0,0,1,1
52,11.5,53,17.99,5,0.21,-41.29,0,1,1,0,0,1,0,0,0,0,0,1,0,1,0,0,0,0,1,0,0,0,0,1
50,1.49,8,13.99,4,0.17,-6.34,0,1,0,1,1,0,0,0,0,1,0,0,0,0,0,0,0,0,1,0,0,0,0,0
68,17.56,29,17.99,4,0.59,-10.850000000000001,1,0,1,0,1,0,0,0,0,1,0,0,0,0,1,0,0,0,0,0,0,0,1,0
30,15.15,55,17.99,3,0.27,-39.58,0,1,1,0,0,0,0,0,1,0,0,1,0,0,0,0,0,1,0,0,0,0,0,1
41,18.51,8,8.99,2,2.06,12.57,0,1,0,0,1,0,0,0,0,0,1,0,0,0,0,0,0,0,0,1,0,0,0,0
56,16.89,38,8.99,2,0.43,-20.68,0,1,0,0,0,1,0,0,0,0,0,1,0,0,1,0,0,0,0,0,1,0,0,1
19,0.22,21,8.99,4,0.01,-20.77,1,0,0,0,0,0,0,1,0,0,1,0,0,0,1,0,0,0,0,1,0,0,0,1
32,11.33,42,13.99,1,0.26,-30.41,0,0,0,1,0,1,0,0,0,0,1,0,0,0,0,0,0,0,0,0,0,0,1,1
60,7.79,25,8.99,2,0.3,-16.91,0,1,0,0,0,0,1,0,0,0,0,1,0,0,1,0,0,0,0,1,0,0,0,0
52,0.12,25,8.99,4,0.0,-24.88,1,0,0,0,0,0,0,0,1,0,1,0,0,0,0,1,0,0,1,0,0,0,0,1
70,1.04,37,17.99,2,0.03,-35.93,0,0,1,0,0,0,0,0,1,0,0,0,1,0,0,0,1,0,0,0,1,0,0,1
48,16.1,20,17.99,4,0.77,-3.129999999999999,0,0,1,0,0,0,0,0,1,0,1,0,0,0,0,1,0,0,0,0,0,1,0,0
49,0.65,34,17.99,3,0.02,-33.33,0,1,1,0,0,0,0,0,1,1,0,0,0,0,0,0,0,0,0,1,0,0,0,1
52,0.3,21,8.99,2,0.01,-20.69,0,0,0,0,0,1,0,0,0,0,1,0,0,0,0,1,0,0,0,0,1,0,0,1
37,16.01,11,13.99,4,1.33,6.340000000000003,1,0,0,1,0,1,0,0,0,1,0,0,0,0,1,0,0,0,0,0,1,0,0,0
39,33.36,37,8.99,1,0.88,-2.759999999999998,0,0,0,0,0,0,0,0,1,0,0,1,0,1,0,0,0,0,0,0,0,0,1,1
70,3.99,24,8.99,1,0.16,-19.85,0,0,0,0,0,0,0,0,0,1,0,0,0,0,0,1,0,0,0,0,1,0,0,1
68,17.26,10,8.99,3,1.57,8.830000000000002,1,0,0,0,0,0,0,0,1,0,0,0,0,0,0,0,0,0,1,0,0,0,0,0
26,4.64,7,13.99,1,0.58,-1.7800000000000002,0,1,0,1,1,0,0,0,0,0,0,0,0,1,0,0,0,1,0,0,0,0,0,1
49,5.0,17,17.99,1,0.28,-11.719999999999999,0,0,1,0,0,0,0,1,0,0,1,0,0,1,0,0,0,0,0,1,0,0,0,0
18,12.42,58,17.99,3,0.21,-45.37,1,0,1,0,0,0,1,0,0,1,0,0,0,0,1,0,0,0,0,0,1,0,0,1
28,16.54,24,8.99,3,0.66,-6.800000000000001,0,1,0,0,0,0,0,0,1,1,0,0,0,1,0,0,0,0,0,0,0,1,0,0
57,0.26,28,17.99,2,0.01,-27.73,0,0,1,0,0,1,0,0,0,0,0,0,1,0,0,0,0,0,0,0,0,0,0,1
47,17.94,19,8.99,2,0.9,-0.16000000000000014,0,0,0,0,0,0,0,1,0,0,0,0,1,0,0,0,1,0,0,0,0,0,0,0
18,41.28,24,13.99,3,1.65,18.93,1,0,0,1,0,1,0,0,0,0,0,0,0,0,1,0,0,0,0,0,0,0,0,0
48,3.34,1,8.99,1,1.67,4.01,1,0,0,0,0,0,0,1,0,0,1,0,0,0,0,0,0,1,0,0,0,0,0,1
26,3.13,18,17.99,5,0.16,-14.71,0,0,1,0,0,0,0,1,0,1,0,0,0,0,0,0,1,0,0,0,0,0,1,0
24,3.02,21,8.99,5,0.14,-17.84,0,1,0,0,1,0,0,0,0,0,0,0,1,0,0,1,0,1,0,0,0,0,0,1
40,7.82,8,13.99,2,0.87,0.6899999999999995,0,1,0,1,0,0,1,0,0,0,0,0,1,0,0,0,0,0,1,0,0,0,0,0
50,0.82,1,8.99,5,0.41,0.22999999999999998,0,0,0,0,0,0,1,0,0,0,1,0,0,0,0,0,1,0,0,1,0,0,0,1
49,13.95,21,8.99,1,0.63,-6.42,1,0,0,0,0,0,0,1,0,1,0,0,0,0,0,0,1,0,0,0,0,0,1,0
55,41.03,45,17.99,3,0.89,-3.0799999999999983,0,0,1,0,0,0,0,0,0,1,0,0,0,0,1,0,0,0,1,0,0,0,0,0
20,20.62,13,17.99,4,1.47,9.09,0,0,1,0,1,0,0,0,0,0,0,1,0,0,1,0,0,0,0,0,0,0,1,0
31,11.3,37,8.99,3,0.3,-25.4,0,1,0,0,0,0,0,0,1,0,1,0,0,0,0,0,1,0,0,0,0,1,0,1
66,5.8,41,17.99,2,0.14,-35.06,0,0,1,0,0,0,0,1,0,0,0,1,0,0,0,0,1,0,1,0,0,0,0,1
58,24.34,31,13.99,1,0.76,-5.899999999999999,0,1,0,1,1,0,0,0,0,1,0,0,0,1,0,0,0,1,0,0,0,0,0,0
54,7.19,56,8.99,2,0.13,-48.68,0,1,0,0,0,0,1,0,0,0,0,0,0,0,0,1,0,0,0,0,0,1,0,1
40,13.33,24,13.99,3,0.53,-10.14,1,0,0,1,0,0,1,0,0,0,0,1,0,1,0,0,0,0,0,0,0,1,0,0
56,1.65,30,17.99,4,0.05,-28.3,0,1,1,0,0,0,0,0,0,0,1,0,0,0,0,1,0,0,0,0,0,0,0,1
34,10.55,54,13.99,5,0.19,-43.26,1,0,0,1,1,0,0,0,0,0,0,0,1,0,0,0,1,0,0,0,0,0,1,0
52,6.19,19,17.99,3,0.31,-12.5,0,1,1,0,1,0,0,0,0,0,0,1,0,0,0,1,0,0,0,0,0,1,0,0
45,9.87,46,13.99,4,0.21,-35.92,1,0,0,1,0,1,0,0,0,0,0,0,0,0,1,0,0,1,0,0,0,0,0,0
66,92.07,58,17.99,3,1.56,35.629999999999995,0,1,1,0,0,0,1,0,0,0,1,0,0,0,0,0,1,1,0,0,0,0,0,0
49,2.89,16,8.99,5,0.17,-12.94,1,0,0,0,0,0,0,1,0,1,0,0,0,0,0,0,0,0,0,1,0,0,0,1
35,0.23,54,13.99,5,0.0,-53.77,0,1,0,1,1,0,0,0,0,0,0,0,0,0,0,1,0,0,0,1,0,0,0,1
65,0.4,48,13.99,5,0.01,-47.59,0,1,0,1,0,1,0,0,0,0,0,1,0,0,0,1,0,1,0,0,0,0,0,1
64,11.05,12,8.99,5,0.85,-0.09999999999999964,0,1,0,0,0,0,0,0,0,1,0,0,0,1,0,0,0,0,0,0,0,0,0,0
61,25.26,7,17.99,5,3.16,21.42,1,0,1,0,0,0,1,0,0,0,0,0,1,0,1,0,0,0,0,0,1,0,0,0
31,14.43,9,17.99,5,1.44,6.869999999999999,0,1,1,0,0,0,0,0,0,0,0,1,0,0,0,0,0,0,1,0,0,0,0,0
56,10.6,55,13.99,1,0.19,-44.21,0,1,0,1,0,0,0,1,0,1,0,0,0,0,0,0,0,0,0,0,0,0,1,1
70,2.4,12,13.99,5,0.18,-9.42,0,0,0,1,1,0,0,0,0,0,0,0,0,0,0,0,1,1,0,0,0,0,0,0
40,7.02,18,13.99,4,0.37,-10.61,0,0,0,1,0,0,0,0,0,0,0,0,1,0,0,0,1,0,0,0,0,0,1,0
63,31.54,44,13.99,5,0.7,-11.759999999999998,1,0,0,1,0,0,1,0,0,0,0,1,0,1,0,0,0,0,0,1,0,0,0,0
56,17.44,11,13.99,1,1.45,7.890000000000001,0,1,0,1,0,0,0,1,0,0,0,1,0,1,0,0,0,0,1,0,0,0,0,0
64,4.74,39,8.99,3,0.12,-34.14,1,0,0,0,0,1,0,0,0,0,1,0,0,1,0,0,0,0,0,0,0,0,0,1
18,14.18,27,13.99,2,0.51,-12.31,1,0,0,1,0,0,1,0,0,0,0,0,1,1,0,0,0,0,0,1,0,0,0,0
60,7.61,8,13.99,5,0.85,0.46000000000000085,1,0,0,1,0,1,0,0,0,1,0,0,0,1,0,0,0,0,0,0,1,0,0,0
18,0.59,41,8.99,5,0.01,-40.4,0,1,0,0,1,0,0,0,0,0,0,0,0,0,1,0,0,0,0,0,1,0,0,1
32,27.72,58,13.99,3,0.47,-29.810000000000002,1,0,0,1,0,0,1,0,0,1,0,0,0,0,0,0,1,0,0,0,0,0,0,0
34,26.06,28,17.99,4,0.9,-1.0400000000000027,1,0,1,0,0,0,1,0,0,0,0,1,0,0,1,0,0,0,0,1,0,0,0,0
64,10.78,10,13.99,3,0.98,1.7599999999999998,0,0,0,1,0,0,0,1,0,0,1,0,0,0,0,0,1,0,0,1,0,0,0,0
22,8.07,36,13.99,2,0.22,-27.71,0,0,0,1,0,0,0,0,1,1,0,0,0,1,0,0,0,0,0,1,0,0,0,1
39,5.56,47,13.99,5,0.12,-41.32,0,1,0,1,1,0,0,0,0,0,0,1,0,1,0,0,0,0,1,0,0,0,0,1
59,0.27,44,8.99,5,0.01,-43.72,0,1,0,0,0,0,1,0,0,1,0,0,0,0,0,0,1,0,0,1,0,0,0,1
68,44.63,53,13.99,5,0.83,-7.539999999999999,1,0,0,1,0,0,0,1,0,0,1,0,0,0,0,0,0,0,0,0,0,0,1,0
38,13.61,16,13.99,5,0.8,-1.5899999999999999,1,0,0,1,0,0,0,0,0,0,0,0,0,0,0,0,1,0,0,0,1,0,0,0
22,13.24,37,17.99,5,0.35,-23.41,1,0,1,0,0,1,0,0,0,0,1,0,0,0,0,0,0,0,0,0,1,0,0,0
41,4.41,56,17.99,2,0.08,-51.51,1,0,1,0,0,0,0,0,0,0,0,1,0,0,0,1,0,0,0,0,1,0,0,1
36,12.92,14,17.99,5,0.86,-0.22000000000000064,0,1,1,0,0,0,0,1,0,0,0,0,1,0,0,1,0,0,0,0,0,0,1,0
30,1.29,4,13.99,5,0.26,-2.45,1,0,0,1,0,0,0,0,0,0,0,1,0,0,0,0,0,0,0,0,0,0,0,0
57,2.31,29,13.99,1,0.08,-26.61,1,0,0,1,0,1,0,0,0,0,0,0,1,1,0,0,0,0,0,0,0,0,1,1
54,8.56,33,13.99,4,0.25,-24.189999999999998,1,0,0,1,0,0,0,0,1,0,1,0,0,0,0,1,0,0,0,1,0,0,0,1
18,18.75,24,13.99,5,0.75,-4.5,1,0,0,1,0,0,0,0,1,0,1,0,0,0,0,0,1,0,0,0,0,0,1,0
46,0.71,26,13.99,5,0.03,-25.26,0,0,0,1,0,0,1,0,0,0,0,0,1,1,0,0,0,0,0,0,0,0,0,1
38,18.9,54,13.99,4,0.34,-34.760000000000005,1,0,0,1,0,0,0,0,0,0,0,0,1,0,0,1,0,0,0,0,1,0,0,1
48,6.52,34,8.99,4,0.19,-27.29,1,0,0,0,0,0,1,0,0,0,0,0,1,0,0,0,1,1,0,0,0,0,0,1
25,23.81,59,17.99,3,0.4,-34.790000000000006,1,0,1,0,0,0,0,0,1,1,0,0,0,0,1,0,0,1,0,0,0,0,0,0
31,2.47,33,17.99,2,0.07,-30.46,0,1,1,0,0,0,1,0,0,0,1,0,0,0,0,0,1,0,0,0,0,0,1,1
37,7.59,5,8.99,2,1.26,3.8499999999999996,0,0,0,0,0,1,0,0,0,0,0,0,0,1,0,0,0,0,0,1,0,0,0,0
57,9.88,44,8.99,3,0.22,-33.9,0,1,0,0,0,1,0,0,0,0,1,0,0,0,1,0,0,0,0,0,0,0,0,1
70,21.33,47,13.99,1,0.44,-25.23,0,1,0,1,0,1,0,0,0,0,0,0,1,0,1,0,0,0,0,0,0,0,1,0
65,4.2,54,8.99,4,0.08,-49.72,1,0,0,0,0,0,1,0,0,0,1,0,0,1,0,0,0,0,1,0,0,0,0,1
44,2.51,30,17.99,4,0.08,-27.41,1,0,1,0,0,1,0,0,0,0,1,0,0,0,1,0,0,0,0,0,0,0,1,0
47,11.36,13,17.99,1,0.81,-0.8300000000000001,0,0,1,0,0,0,0,0,1,0,1,0,0,0,0,1,0,0,0,0,1,0,0,0
70,13.24,1,17.99,5,6.62,18.86,0,1,1,0,0,0,0,0,0,0,0,1,0,0,0,1,0,0,0,1,0,0,0,0
55,7.78,7,13.99,3,0.97,1.75,1,0,0,1,1,0,0,0,0,0,1,0,0,0,0,0,1,0,0,1,0,0,0,0
46,3.18,11,17.99,4,0.27,-7.55,1,0,1,0,0,0,1,0,0,0,0,1,0,1,0,0,0,0,0,0,0,0,1,1
68,4.12,31,17.99,5,0.13,-26.75,0,1,1,0,0,1,0,0,0,0,0,1,0,0,0,0,0,0,0,1,0,0,0,1
36,29.27,35,8.99,4,0.81,-4.920000000000002,0,1,0,0,0,1,0,0,0,0,0,1,0,0,0,1,0,0,0,0,0,1,0,0
65,14.47,31,17.99,5,0.45,-16.08,0,0,1,0,0,0,0,0,1,0,0,1,0,0,1,0,0,0,0,1,0,0,0,0
50,13.98,56,17.99,4,0.25,-41.769999999999996,0,1,1,0,0,0,0,1,0,0,1,0,0,1,0,0,0,0,0,0,1,0,0,1
38,14.43,16,8.99,1,0.85,-0.7200000000000006,0,1,0,0,0,0,0,0,1,0,0,0,1,0,0,0,0,0,1,0,0,0,0,0
26,13.59,51,17.99,2,0.26,-37.15,0,0,1,0,0,0,0,1,0,0,1,0,0,1,0,0,0,0,0,1,0,0,0,1
45,4.59,47,8.99,1,0.1,-42.31,1,0,0,0,1,0,0,0,0,1,0,0,0,0,0,1,0,0,0,0,0,0,1,1
38,1.81,22,17.99,4,0.08,-20.11,0,1,1,0,1,0,0,0,0,1,0,0,0,0,0,1,0,0,0,0,0,0,0,1
41,12.04,32,8.99,1,0.36,-19.6,0,1,0,0,0,0,0,1,0,0,0,0,0,0,0,0,0,0,0,1,0,0,0,1
70,4.69,32,13.99,3,0.14,-27.17,0,1,0,1,1,0,0,0,0,0,0,1,0,0,1,0,0,0,1,0,0,0,0,1
43,12.37,37,17.99,3,0.33,-24.3,0,0,1,0,0,1,0,0,0,0,0,0,0,1,0,0,0,0,0,0,0,1,0,1
42,7.27,7,8.99,2,0.91,1.1799999999999997,0,0,0,0,0,0,0,0,0,1,0,0,0,1,0,0,0,0,0,0,0,1,0,0
48,26.34,40,17.99,2,0.64,-13.02,0,1,1,0,0,0,0,0,0,0,0,1,0,1,0,0,0,0,0,0,0,1,0,0
67,19.48,25,13.99,2,0.75,-4.77,1,0,0,1,0,0,1,0,0,0,1,0,0,0,1,0,0,0,0,1,0,0,0,0
22,1.04,56,13.99,3,0.02,-54.94,0,1,0,1,0,0,0,0,0,0,0,0,0,0,0,0,1,1,0,0,0,0,0,1
33,59.71,55,13.99,5,1.07,5.780000000000001,0,1,0,1,1,0,0,0,0,0,0,0,0,0,0,0,0,0,1,0,0,0,0,0
66,16.22,0,17.99,2,16.22,32.44,0,0,1,0,0,1,0,0,0,0,0,1,0,0,0,1,0,0,0,1,0,0,0,0
58,4.39,11,13.99,5,0.37,-6.24,0,0,0,1,0,0,0,0,1,0,1,0,0,0,1,0,0,0,0,0,0,1,0,0
20,13.2,56,13.99,2,0.23,-42.57,0,0,0,1,1,0,0,0,0,0,1,0,0,0,1,0,0,0,0,0,0,1,0,1
49,20.88,41,17.99,3,0.5,-19.62,0,0,1,0,0,0,0,0,1,0,0,1,0,1,0,0,0,0,0,0,1,0,0,0
50,7.35,26,8.99,3,0.27,-18.380000000000003,0,1,0,0,0,0,1,0,0,1,0,0,0,0,1,0,0,0,0,1,0,0,0,0
43,86.73,26,17.99,3,3.21,63.94,0,1,1,0,0,0,0,0,0,0,0,1,0,0,1,0,0,0,0,0,0,1,0,0
65,3.9,14,8.99,4,0.26,-9.84,0,1,0,0,0,1,0,0,0,0,1,0,0,0,1,0,0,0,0,0,0,0,1,1
61,0.42,51,17.99,3,0.01,-50.57,1,0,1,0,0,1,0,0,0,0,0,1,0,0,0,1,0,0,0,1,0,0,0,1
32,6.93,34,13.99,3,0.2,-26.87,0,0,0,1,0,0,0,0,1,0,1,0,0,1,0,0,0,1,0,0,0,0,0,1
31,5.18,36,8.99,1,0.14,-30.68,1,0,0,0,0,0,0,1,0,0,0,0,1,0,0,0,0,0,0,0,1,0,0,1
42,8.37,21,17.99,3,0.38,-12.25,1,0,1,0,0,1,0,0,0,0,0,0,1,1,0,0,0,0,1,0,0,0,0,0
69,38.02,30,17.99,3,1.23,9.25,0,1,1,0,0,1,0,0,0,0,0,0,1,0,1,0,0,1,0,0,0,0,0,0
65,52.33,24,17.99,5,2.09,30.42,0,0,1,0,0,1,0,0,0,0,0,0,1,0,0,1,0,0,0,0,0,0,0,0
44,1.83,25,17.99,5,0.07,-23.1,1,0,1,0,0,0,0,0,0,0,0,1,0,0,0,0,1,1,0,0,0,0,0,0
58,0.51,12,8.99,1,0.04,-11.45,0,0,0,0,1,0,0,0,0,0,0,0,1,0,0,0,1,0,0,0,0,0,0,1
56,8.54,16,8.99,5,0.5,-6.960000000000001,0,0,0,0,0,0,0,1,0,0,0,0,1,1,0,0,0,0,0,0,0,0,0,0
40,8.64,35,17.99,5,0.24,-26.119999999999997,0,0,1,0,0,0,0,0,1,1,0,0,0,0,1,0,0,0,0,0,0,1,0,0
25,6.38,23,17.99,5,0.27,-16.35,0,0,1,0,0,0,0,0,1,0,0,1,0,0,0,1,0,0,0,1,0,0,0,0
28,7.1,11,17.99,3,0.59,-3.3100000000000005,0,1,1,0,0,0,1,0,0,1,0,0,0,1,0,0,0,0,0,0,1,0,0,0
36,11.31,7,17.99,3,1.41,5.720000000000001,1,0,1,0,0,0,1,0,0,0,0,1,0,0,0,0,1,0,0,0,0,0,0,0
33,3.84,28,8.99,3,0.13,-24.03,0,1,0,0,0,0,0,0,1,0,1,0,0,0,0,0,0,0,0,0,1,0,0,1
21,10.63,4,13.99,1,2.13,8.760000000000002,1,0,0,1,0,0,0,1,0,0,0,0,1,0,0,1,0,1,0,0,0,0,0,0
24,0.02,35,13.99,3,0.0,-34.98,0,0,0,1,0,0,0,0,0,0,0,0,1,0,0,0,1,0,1,0,0,0,0,1
68,9.66,27,17.99,5,0.35,-16.990000000000002,0,0,1,0,0,0,0,0,0,0,0,1,0,0,0,0,0,0,0,0,0,0,1,0
70,0.36,15,17.99,5,0.02,-14.62,0,0,1,0,0,0,0,1,0,0,0,1,0,0,0,1,0,0,0,0,0,0,1,1
68,7.63,23,8.99,4,0.32,-15.05,1,0,0,0,0,0,1,0,0,0,0,0,1,0,1,0,0,0,0,1,0,0,0,0
41,6.47,32,13.99,4,0.2,-25.33,0,0,0,1,0,0,0,0,0,0,0,1,0,0,0,1,0,0,0,1,0,0,0,1
58,26.32,18,17.99,4,1.39,9.71,0,1,1,0,1,0,0,0,0,0,1,0,0,0,0,0,1,0,1,0,0,0,0,0
38,7.34,56,13.99,4,0.13,-48.53,0,0,0,1,0,1,0,0,0,0,0,1,0,0,0,1,0,0,0,0,0,1,0,1
33,8.19,53,8.99,1,0.15,-44.66,1,0,0,0,0,1,0,0,0,0,0,1,0,0,0,0,0,1,0,0,0,0,0,1
19,11.05,5,17.99,1,1.84,7.890000000000001,0,0,1,0,0,0,0,1,0,0,0,1,0,0,0,1,0,0,0,0,0,1,0,0
65,1.05,51,8.99,2,0.02,-49.93,0,1,0,0,0,0,0,0,0,0,1,0,0,0,0,1,0,0,0,0,0,0,1,1
66,27.5,32,13.99,3,0.83,-3.6700000000000017,1,0,0,1,0,0,0,0,0,0,1,0,0,0,0,1,0,0,0,0,0,1,0,0
28,9.85,46,8.99,5,0.21,-35.94,1,0,0,0,0,0,1,0,0,0,0,0,0,0,0,1,0,0,0,1,0,0,0,1
66,5.22,28,17.99,5,0.18,-22.6,0,0,1,0,1,0,0,0,0,0,0,0,0,1,0,0,0,0,0,0,0,0,0,0
21,19.14,28,8.99,2,0.66,-8.2,0,0,0,0,0,0,1,0,0,0,0,0,0,1,0,0,0,1,0,0,0,0,0,0
23,10.73,35,8.99,5,0.3,-23.97,0,1,0,0,0,1,0,0,0,0,0,0,1,0,0,0,0,1,0,0,0,0,0,1
30,5.1,9,13.99,5,0.51,-3.3900000000000006,1,0,0,1,0,0,1,0,0,0,0,1,0,0,0,0,1,1,0,0,0,0,0,0
36,16.65,36,8.99,2,0.45,-18.900000000000002,0,1,0,0,0,0,0,1,0,0,0,0,1,0,1,0,0,0,1,0,0,0,0,1
32,45.98,45,17.99,1,1.0,1.9799999999999969,0,1,1,0,1,0,0,0,0,0,0,0,0,1,0,0,0,1,0,0,0,0,0,0
18,20.65,19,13.99,4,1.03,2.6799999999999997,1,0,0,1,0,0,1,0,0,0,0,0,1,1,0,0,0,0,0,0,0,0,1,0
40,10.98,28,8.99,1,0.38,-16.64,1,0,0,0,0,0,0,0,1,0,1,0,0,0,1,0,0,0,0,0,0,0,0,1
28,1.78,35,13.99,3,0.05,-33.17,1,0,0,1,0,0,0,0,1,0,1,0,0,0,1,0,0,0,0,0,0,0,0,1
32,4.11,45,17.99,5,0.09,-40.8,1,0,1,0,1,0,0,0,0,1,0,0,0,0,0,0,0,0,0,0,0,0,0,1
20,21.21,0,13.99,2,21.21,42.42,0,1,0,1,0,0,1,0,0,0,1,0,0,1,0,0,0,0,0,1,0,0,0,0
67,15.45,46,17.99,5,0.33,-30.22,0,0,1,0,0,0,0,0,0,0,0,0,0,0,0,1,0,1,0,0,0,0,0,1
31,12.0,2,17.99,2,4.0,14.0,1,0,1,0,0,1,0,0,0,0,1,0,0,0,0,0,0,1,0,0,0,0,0,0
19,1.44,40,17.99,5,0.04,-38.52,0,1,1,0,0,0,0,0,1,0,0,1,0,0,0,1,0,1,0,0,0,0,0,1
47,8.67,41,13.99,2,0.21,-32.12,0,1,0,1,0,0,1,0,0,1,0,0,0,0,0,0,1,0,0,0,0,0,1,1
28,27.06,55,17.99,4,0.48,-27.46,0,0,1,0,0,0,1,0,0,0,0,0,1,0,1,0,0,0,0,0,0,0,0,0
22,7.24,30,17.99,2,0.23,-22.53,0,0,1,0,0,0,0,1,0,0,0,0,1,0,0,0,1,0,0,0,0,1,0,0
29,63.39,37,17.99,4,1.67,28.060000000000002,1,0,1,0,0,0,1,0,0,0,0,0,1,0,0,1,0,1,0,0,0,0,0,0
63,1.44,26,8.99,1,0.05,-24.51,1,0,0,0,0,1,0,0,0,0,1,0,0,0,1,0,0,0,1,0,0,0,0,1
42,4.26,6,17.99,5,0.61,-1.13,0,1,1,0,0,0,1,0,0,0,0,0,1,1,0,0,0,0,0,0,1,0,0,0
68,15.06,20,13.99,1,0.72,-4.219999999999999,0,0,0,1,0,0,1,0,0,0,1,0,0,0,0,1,0,0,0,0,0,1,0,0
48,29.96,44,13.99,5,0.67,-13.369999999999997,1,0,0,1,0,1,0,0,0,1,0,0,0,1,0,0,0,0,0,0,0,0,1,0
45,8.05,54,17.99,3,0.15,-45.8,0,0,1,0,0,0,0,0,0,0,0,1,0,1,0,0,0,0,0,0,0,0,0,1
57,3.51,50,13.99,1,0.07,-46.42,1,0,0,1,0,0,0,1,0,1,0,0,0,0,0,0,0,0,1,0,0,0,0,1
63,2.51,31,8.99,3,0.08,-28.41,1,0,0,0,0,1,0,0,0,1,0,0,0,0,1,0,0,1,0,0,0,0,0,1
32,1.8,32,17.99,2,0.05,-30.15,0,0,1,0,0,0,0,0,1,0,1,0,0,0,0,0,1,0,0,0,0,1,0,1
70,28.32,3,13.99,3,7.08,32.4,1,0,0,1,1,0,0,0,0,0,0,0,1,0,1,0,0,0,0,0,0,0,0,0
48,4.19,0,13.99,2,4.19,8.38,0,0,0,1,0,1,0,0,0,0,0,0,1,0,0,1,0,0,1,0,0,0,0,0
66,0.76,44,13.99,2,0.02,-43.22,0,1,0,1,0,1,0,0,0,0,0,0,1,0,0,1,0,0,0,0,0,0,0,1
38,0.61,9,13.99,4,0.06,-8.33,1,0,0,1,0,0,1,0,0,0,1,0,0,0,0,0,0,0,1,0,0,0,0,0
67,27.79,28,17.99,4,0.96,0.75,0,0,1,0,0,0,0,1,0,0,0,1,0,1,0,0,0,0,0,0,0,0,0,0
61,16.13,21,17.99,3,0.73,-4.140000000000001,0,0,1,0,0,1,0,0,0,0,0,0,1,1,0,0,0,0,1,0,0,0,0,0
32,24.87,41,17.99,5,0.59,-15.54,0,1,1,0,0,0,1,0,0,0,0,0,1,0,0,1,0,0,0,0,0,0,1,0
23,29.18,36,13.99,1,0.79,-6.030000000000001,0,0,0,1,0,0,0,1,0,0,0,1,0,0,1,0,0,0,1,0,0,0,0,0
30,11.65,21,17.99,5,0.53,-8.82,0,1,1,0,0,0,0,0,0,1,0,0,0,0,0,0,0,0,0,0,0,1,0,0
23,6.55,27,17.99,3,0.23,-20.22,1,0,1,0,0,0,0,1,0,1,0,0,0,0,0,0,1,0,0,0,0,1,0,0
20,0.52,29,13.99,1,0.02,-28.46,0,1,0,1,1,0,0,0,0,0,0,1,0,0,1,0,0,0,0,0,0,1,0,1
40,7.31,3,8.99,1,1.83,6.140000000000001,0,0,0,0,0,0,0,0,0,0,0,0,1,0,1,0,0,0,0,0,0,0,0,0
28,35.03,37,8.99,4,0.92,-1.0499999999999972,0,0,0,0,1,0,0,0,0,0,0,0,0,0,0,0,0,1,0,0,0,0,0,0
24,9.03,52,8.99,1,0.17,-42.8,0,0,0,0,0,0,0,0,1,0,1,0,0,1,0,0,0,0,1,0,0,0,0,1
54,14.2,6,17.99,5,2.03,10.23,0,1,1,0,0,1,0,0,0,1,0,0,0,1,0,0,0,0,0,0,0,1,0,0
25,8.01,20,13.99,4,0.38,-11.61,0,0,0,1,0,0,0,0,1,1,0,0,0,0,0,0,0,0,0,0,0,0,1,0
35,9.58,13,8.99,1,0.68,-2.74,0,1,0,0,0,0,1,0,0,0,1,0,0,0,1,0,0,0,0,0,1,0,0,0
30,0.36,60,8.99,3,0.01,-59.63,0,0,0,0,0,0,0,0,0,1,0,0,0,0,1,0,0,0,0,1,0,0,0,1
36,22.91,0,8.99,1,22.91,45.82,0,0,0,0,1,0,0,0,0,0,0,1,0,1,0,0,0,0,0,1,0,0,0,0
68,18.49,11,13.99,1,1.54,9.029999999999998,0,0,0,1,0,0,0,0,1,0,1,0,0,0,0,1,0,0,0,1,0,0,0,0
29,4.67,5,8.99,3,0.78,0.4500000000000002,0,1,0,0,0,0,0,0,1,1,0,0,0,0,0,0,1,0,0,0,0,0,1,0
39,17.14,3,17.99,5,4.29,18.43,0,0,1,0,1,0,0,0,0,0,1,0,0,0,0,0,0,1,0,0,0,0,0,0
61,26.79,34,17.99,4,0.77,-6.440000000000001,0,0,1,0,0,0,0,0,0,0,0,1,0,0,0,0,0,0,0,0,0,0,1,0
56,0.97,33,8.99,4,0.03,-32.0,0,0,0,0,1,0,0,0,0,0,1,0,0,0,1,0,0,0,0,0,1,0,0,1
61,0.25,1,17.99,2,0.12,-0.63,0,1,1,0,0,0,1,0,0,0,0,0,0,0,0,0,1,0,0,0,0,0,1,0
22,13.16,6,8.99,4,1.88,9.04,0,1,0,0,0,1,0,0,0,0,0,0,1,0,1,0,0,1,0,0,0,0,0,0
49,4.49,57,8.99,5,0.08,-52.43,0,0,0,0,0,0,0,0,1,0,0,0,1,1,0,0,0,0,1,0,0,0,0,1
21,6.28,3,17.99,4,1.57,4.8500000000000005,0,1,1,0,0,0,0,0,1,1,0,0,0,1,0,0,0,0,1,0,0,0,0,0
58,16.81,1,8.99,2,8.4,24.21,0,0,0,0,0,1,0,0,0,0,0,1,0,0,0,1,0,0,0,0,1,0,0,0
59,28.38,52,17.99,4,0.54,-23.080000000000002,0,1,1,0,0,0,0,0,0,0,0,0,1,0,0,0,1,0,0,1,0,0,0,0
32,3.87,32,8.99,2,0.12,-28.009999999999998,1,0,0,0,0,0,0,0,1,0,0,1,0,0,0,0,0,0,0,1,0,0,0,1
56,1.28,22,17.99,5,0.06,-20.66,0,1,1,0,0,0,0,0,0,0,0,0,0,0,0,0,1,0,0,0,0,0,0,0
45,3.31,34,17.99,2,0.09,-30.6,1,0,1,0,0,0,0,1,0,0,0,0,1,0,0,1,0,0,0,1,0,0,0,1
66,22.68,50,17.99,4,0.44,-26.88,1,0,1,0,0,1,0,0,0,1,0,0,0,0,0,0,1,0,1,0,0,0,0,0
33,11.02,22,17.99,4,0.48,-10.5,0,0,1,0,0,0,0,0,0,0,0,1,0,0,0,1,0,0,0,1,0,0,0,0
36,23.5,1,17.99,1,11.75,34.25,0,1,1,0,0,0,0,1,0,1,0,0,0,0,0,0,1,0,0,0,0,0,0,0
54,5.47,36,8.99,1,0.15,-30.38,1,0,0,0,0,0,0,0,1,0,1,0,0,0,0,0,0,1,0,0,0,0,0,1
61,21.36,39,13.99,3,0.53,-17.11,1,0,0,1,1,0,0,0,0,0,0,0,1,0,1,0,0,1,0,0,0,0,0,0
53,16.62,44,13.99,5,0.37,-27.009999999999998,1,0,0,1,0,0,0,0,0,0,0,1,0,0,0,0,1,0,0,1,0,0,0,0
55,8.26,32,13.99,4,0.25,-23.490000000000002,0,0,0,1,0,0,0,0,0,1,0,0,0,0,0,0,1,0,0,1,0,0,0,0
42,8.5,32,8.99,2,0.26,-23.240000000000002,0,0,0,0,1,0,0,0,0,0,0,0,0,0,0,0,1,1,0,0,0,0,0,1
22,8.84,52,17.99,2,0.17,-42.99,1,0,1,0,0,1,0,0,0,0,0,0,0,0,0,0,0,1,0,0,0,0,0,1
19,6.49,34,17.99,1,0.19,-27.32,0,0,1,0,0,0,1,0,0,0,0,0,1,0,0,1,0,0,0,0,0,1,0,1
20,8.47,53,13.99,2,0.16,-44.37,1,0,0,1,0,0,1,0,0,0,0,1,0,0,0,1,0,0,0,0,1,0,0,1
36,31.46,47,13.99,3,0.66,-14.880000000000003,0,1,0,1,0,0,0,1,0,0,0,0,0,0,0,0,1,1,0,0,0,0,0,0
40,13.4,49,13.99,1,0.27,-35.33,1,0,0,1,0,0,0,0,0,0,1,0,0,1,0,0,0,0,1,0,0,0,0,1
37,7.36,38,8.99,2,0.19,-30.45,0,0,0,0,0,0,0,1,0,1,0,0,0,0,1,0,0,0,0,0,0,1,0,1
21,5.1,53,8.99,3,0.09,-47.81,1,0,0,0,0,1,0,0,0,0,0,0,1,0,0,0,1,0,1,0,0,0,0,1
20,4.39,33,17.99,1,0.13,-28.48,0,0,1,0,0,0,0,1,0,0,1,0,0,0,0,1,0,0,0,0,1,0,0,1
35,8.39,0,13.99,2,8.39,16.78,0,0,0,1,0,0,0,0,0,0,0,1,0,0,0,0,0,1,0,0,0,0,0,0
31,5.12,12,8.99,5,0.39,-6.49,0,1,0,0,0,0,1,0,0,0,0,1,0,0,1,0,0,0,0,0,0,0,0,0
63,1.33,29,13.99,3,0.04,-27.63,0,0,0,1,1,0,0,0,0,1,0,0,0,0,0,0,0,0,0,0,1,0,0,1
21,3.88,0,13.99,1,3.88,7.76,0,0,0,1,0,0,0,0,0,0,1,0,0,1,0,0,0,0,0,0,0,0,0,0
28,19.03,17,13.99,2,1.06,3.09,1,0,0,1,0,1,0,0,0,1,0,0,0,0,0,1,0,0,0,1,0,0,0,0
61,4.08,35,13.99,3,0.11,-30.81,0,1,0,1,0,0,0,1,0,0,1,0,0,0,0,1,0,0,0,0,0,0,1,1
62,4.31,47,17.99,5,0.09,-42.6,0,1,1,0,1,0,0,0,0,0,1,0,0,0,1,0,0,0,0,0,0,0,0,1
38,1.18,4,17.99,3,0.24,-2.58,0,0,1,0,0,0,0,0,0,0,1,0,0,0,1,0,0,0,0,0,0,0,0,0
33,1.81,20,17.99,2,0.09,-18.1,0,1,1,0,0,0,1,0,0,0,0,0,1,1,0,0,0,1,0,0,0,0,0,1
49,11.06,50,13.99,3,0.22,-38.72,0,0,0,1,0,1,0,0,0,0,0,0,1,0,0,0,1,0,1,0,0,0,0,1
26,0.06,2,8.99,4,0.02,-1.92,0,1,0,0,0,0,0,0,1,0,0,1,0,0,0,0,0,0,0,0,0,0,0,1
70,22.22,5,17.99,2,3.7,20.919999999999998,0,1,1,0,0,1,0,0,0,0,0,1,0,0,0,0,0,0,0,0,0,1,0,0
39,8.99,32,13.99,3,0.27,-22.740000000000002,1,0,0,1,1,0,0,0,0,0,0,1,0,0,0,1,0,0,1,0,0,0,0,1
28,20.31,40,13.99,1,0.5,-19.19,1,0,0,1,0,0,0,1,0,1,0,0,0,0,0,1,0,0,0,0,0,0,0,0
61,0.65,24,8.99,5,0.03,-23.32,0,1,0,0,0,0,0,1,0,0,0,0,1,0,1,0,0,0,0,0,1,0,0,1
44,55.55,17,8.99,2,3.09,41.64,0,0,0,0,0,0,0,0,0,0,0,0,0,0,1,0,0,0,0,0,0,1,0,0
30,13.28,44,17.99,4,0.3,-30.42,1,0,1,0,0,0,0,0,1,0,1,0,0,0,0,0,1,0,0,0,0,1,0,0
61,7.11,33,17.99,3,0.21,-25.68,0,0,1,0,0,0,0,1,0,0,0,1,0,0,0,0,1,0,0,0,1,0,0,1
27,20.21,57,13.99,2,0.35,-36.44,1,0,0,1,0,0,0,1,0,0,0,0,1,1,0,0,0,0,0,0,1,0,0,0
43,4.64,7,17.99,5,0.58,-1.7800000000000002,1,0,1,0,0,0,0,1,0,0,0,0,1,0,1,0,0,0,1,0,0,0,0,0
31,2.08,8,17.99,3,0.23,-5.6899999999999995,0,0,1,0,0,0,0,0,1,0,0,0,0,0,0,0,0,0,0,0,0,1,0,1
59,25.47,32,13.99,4,0.77,-5.760000000000002,0,1,0,1,0,0,1,0,0,0,0,0,0,0,1,0,0,0,0,0,0,0,1,0
27,4.02,41,17.99,1,0.1,-36.88,0,1,1,0,0,0,0,0,1,0,1,0,0,0,0,0,0,0,1,0,0,0,0,1
29,31.52,12,13.99,3,2.42,21.939999999999998,0,1,0,1,0,1,0,0,0,0,0,0,1,0,1,0,0,0,0,1,0,0,0,0
61,0.76,22,13.99,5,0.03,-21.21,0,0,0,1,0,0,0,0,0,0,0,1,0,0,1,0,0,0,0,1,0,0,0,0
62,6.84,3,8.99,2,1.71,5.550000000000001,1,0,0,0,0,0,0,0,0,0,0,0,0,1,0,0,0,1,0,0,0,0,0,0
56,1.72,10,8.99,2,0.16,-8.120000000000001,0,1,0,0,0,0,1,0,0,0,1,0,0,0,1,0,0,0,0,0,1,0,0,1
59,19.34,25,13.99,3,0.74,-4.920000000000002,0,0,0,1,0,0,1,0,0,0,0,1,0,1,0,0,0,0,0,0,0,0,1,0
33,1.33,3,13.99,5,0.33,-1.3399999999999999,0,0,0,1,0,0,0,0,0,0,0,0,1,0,0,0,1,0,1,0,0,0,0,0
41,23.03,50,13.99,3,0.45,-26.52,0,0,0,1,0,1,0,0,0,0,0,1,0,0,0,0,0,0,0,1,0,0,0,0
54,21.67,18,13.99,3,1.14,4.810000000000002,0,0,0,1,0,0,0,0,0,0,0,1,0,0,0,1,0,0,0,0,0,1,0,0
34,27.09,9,8.99,1,2.71,20.8,0,0,0,0,0,0,0,1,0,0,0,1,0,0,1,0,0,0,1,0,0,0,0,0
41,22.75,22,17.99,2,0.99,1.7399999999999984,1,0,1,0,0,1,0,0,0,0,0,1,0,0,0,1,0,0,0,0,1,0,0,0
38,4.55,18,8.99,5,0.24,-13.21,0,1,0,0,0,0,0,0,0,0,0,1,0,0,0,0,0,0,0,1,0,0,0,1
42,0.79,18,8.99,4,0.04,-17.17,1,0,0,0,0,0,0,0,1,1,0,0,0,0,0,0,1,0,0,0,0,0,0,1
45,0.91,7,17.99,5,0.11,-5.98,0,0,1,0,0,0,0,0,1,0,1,0,0,1,0,0,0,0,0,0,1,0,0,1
66,4.63,26,13.99,5,0.17,-21.2,0,0,0,1,0,1,0,0,0,0,0,0,1,0,0,0,1,0,0,0,0,0,0,0
31,5.4,4,8.99,5,1.08,2.4800000000000004,0,1,0,0,0,1,0,0,0,0,0,0,0,0,0,0,0,0,0,0,0,1,0,0
64,18.21,21,17.99,4,0.83,-1.9600000000000009,0,0,1,0,0,1,0,0,0,0,0,0,0,0,0,0,1,0,0,1,0,0,0,0
37,1.99,13,17.99,4,0.14,-10.870000000000001,0,1,1,0,1,0,0,0,0,0,0,0,1,0,1,0,0,0,0,0,1,0,0,0
60,5.68,30,17.99,3,0.18,-24.14,0,0,1,0,0,0,0,1,0,1,0,0,0,0,1,0,0,0,0,0,0,1,0,0
51,41.24,38,13.99,5,1.06,4.300000000000004,1,0,0,1,0,0,1,0,0,0,1,0,0,0,0,0,0,1,0,0,0,0,0,0
18,7.4,18,13.99,2,0.39,-10.21,1,0,0,1,0,0,1,0,0,0,1,0,0,0,0,0,0,0,0,0,0,1,0,0
45,13.13,5,13.99,5,2.19,10.32,1,0,0,1,1,0,0,0,0,0,0,0,0,1,0,0,0,0,0,1,0,0,0,0
69,21.91,24,8.99,5,0.88,-1.2100000000000009,0,1,0,0,1,0,0,0,0,0,0,0,0,0,1,0,0,0,0,0,0,0,0,0
67,9.57,5,13.99,5,1.59,6.16,1,0,0,1,0,1,0,0,0,0,1,0,0,1,0,0,0,0,0,0,0,0,0,0
44,0.78,3,13.99,3,0.2,-2.02,0,0,0,1,0,0,1,0,0,0,1,0,0,0,0,0,0,0,0,1,0,0,0,0
43,31.73,34,13.99,3,0.91,-1.3599999999999994,1,0,0,1,1,0,0,0,0,0,0,1,0,0,0,0,0,0,0,0,1,0,0,0
49,4.26,40,17.99,3,0.1,-35.64,0,0,1,0,0,0,0,0,0,0,1,0,0,0,0,0,0,1,0,0,0,0,0,1
57,21.15,43,17.99,2,0.48,-21.37,0,0,1,0,0,0,0,0,1,1,0,0,0,0,0,0,0,1,0,0,0,0,0,0
59,9.77,5,13.99,4,1.63,6.399999999999999,0,0,0,1,0,0,0,0,0,0,0,1,0,1,0,0,0,1,0,0,0,0,0,0
28,3.02,4,17.99,2,0.6,-0.3799999999999999,0,0,1,0,0,0,0,0,0,0,0,0,0,0,1,0,0,0,0,0,0,0,0,0
58,1.05,58,17.99,1,0.02,-56.93,0,1,1,0,0,0,0,0,1,1,0,0,0,1,0,0,0,1,0,0,0,0,0,1
47,8.22,4,8.99,2,1.64,5.860000000000001,0,0,0,0,0,0,0,0,0,0,0,1,0,0,0,1,0,0,0,0,0,0,0,0
22,0.97,13,17.99,2,0.07,-11.96,0,0,1,0,0,0,0,1,0,1,0,0,0,0,0,0,1,0,0,0,0,0,0,1
44,1.41,33,17.99,1,0.04,-31.55,0,1,1,0,0,0,0,0,1,1,0,0,0,0,0,0,0,0,1,0,0,0,0,1
22,46.56,3,13.99,3,11.64,55.2,0,1,0,1,0,1,0,0,0,0,1,0,0,0,0,0,1,1,0,0,0,0,0,0
22,12.77,33,13.99,2,0.38,-19.85,0,1,0,1,0,0,1,0,0,0,0,0,0,0,0,0,0,0,0,0,0,0,1,1
62,12.66,42,8.99,2,0.29,-29.05,1,0,0,0,1,0,0,0,0,0,0,1,0,0,1,0,0,0,0,0,0,0,0,1
67,12.02,20,13.99,1,0.57,-7.41,1,0,0,1,1,0,0,0,0,0,0,1,0,0,0,0,0,0,0,0,0,0,1,0
44,6.67,25,8.99,5,0.26,-18.07,1,0,0,0,0,0,0,0,0,0,0,0,1,1,0,0,0,0,0,1,0,0,0,0
58,7.36,18,13.99,4,0.39,-10.25,1,0,0,1,0,0,0,1,0,1,0,0,0,0,0,1,0,0,0,0,0,1,0,0
50,3.28,59,8.99,3,0.05,-55.67,1,0,0,0,0,0,0,0,0,0,0,0,1,0,0,1,0,0,1,0,0,0,0,1
69,3.94,38,17.99,2,0.1,-33.96,0,0,1,0,0,0,0,1,0,1,0,0,0,0,0,0,1,0,0,0,0,0,1,1
70,9.1,16,13.99,2,0.54,-6.359999999999999,0,1,0,1,0,1,0,0,0,0,0,0,1,0,0,1,0,0,0,0,0,0,1,0
50,4.27,50,17.99,3,0.08,-45.65,1,0,1,0,1,0,0,0,0,0,1,0,0,0,0,0,0,0,1,0,0,0,0,1
66,9.17,28,17.99,2,0.32,-18.509999999999998,1,0,1,0,1,0,0,0,0,1,0,0,0,0,1,0,0,0,0,0,1,0,0,0
59,26.45,55,13.99,4,0.47,-28.080000000000002,0,0,0,1,0,0,0,1,0,1,0,0,0,0,0,0,1,1,0,0,0,0,0,0
62,7.16,5,17.99,5,1.19,3.3499999999999996,0,1,1,0,0,0,1,0,0,0,0,0,0,0,0,1,0,0,0,0,0,1,0,0
51,4.74,27,8.99,3,0.17,-22.09,0,0,0,0,0,0,0,0,0,0,0,0,1,0,0,0,1,0,0,1,0,0,0,1
51,23.59,9,8.99,3,2.36,16.95,0,0,0,0,0,0,0,0,1,0,0,1,0,0,1,0,0,0,1,0,0,0,0,0
44,18.92,0,17.99,4,18.92,37.84,1,0,1,0,0,0,0,1,0,0,0,0,1,1,0,0,0,0,0,0,0,1,0,0
53,0.77,21,17.99,3,0.04,-20.19,1,0,1,0,0,0,0,0,1,1,0,0,0,1,0,0,0,0,0,0,0,0,1,1
31,0.96,55,13.99,3,0.02,-54.02,0,0,0,1,0,0,1,0,0,1,0,0,0,1,0,0,0,0,0,0,0,0,0,1
41,40.64,31,8.99,2,1.27,10.910000000000004,0,0,0,0,0,0,0,0,0,1,0,0,0,0,0,1,0,0,0,0,0,0,0,0
49,0.59,4,13.99,1,0.12,-3.29,0,0,0,1,0,0,0,0,0,0,0,0,0,0,0,0,0,1,0,0,0,0,0,1
30,17.02,29,8.99,3,0.57,-11.41,0,0,0,0,0,0,0,0,0,0,0,0,0,0,0,1,0,1,0,0,0,0,0,0
22,2.61,10,17.99,4,0.24,-7.15,0,1,1,0,0,1,0,0,0,0,0,1,0,0,0,0,1,0,0,0,0,0,1,0
53,23.5,20,8.99,4,1.12,4.620000000000001,0,1,0,0,0,0,0,0,1,0,1,0,0,0,0,1,0,0,1,0,0,0,0,0
24,7.5,4,8.99,2,1.5,5.0,0,0,0,0,0,0,0,0,1,0,0,0,1,0,1,0,0,0,0,0,0,1,0,0
62,23.97,60,13.99,1,0.39,-35.64,0,1,0,1,0,0,0,0,0,0,0,0,0,1,0,0,0,0,0,0,1,0,0,1
43,9.58,13,8.99,4,0.68,-2.74,1,0,0,0,0,0,0,1,0,0,0,0,0,0,1,0,0,0,0,1,0,0,0,0
47,19.68,59,17.99,2,0.33,-38.99,1,0,1,0,0,0,0,0,1,0,0,0,0,1,0,0,0,0,0,0,1,0,0,1
57,6.14,29,8.99,2,0.2,-22.66,0,0,0,0,0,0,0,0,1,0,0,0,0,0,0,0,1,0,1,0,0,0,0,0
56,13.15,6,17.99,2,1.88,9.030000000000001,0,1,1,0,0,0,0,0,0,0,1,0,0,0,0,0,0,0,0,0,1,0,0,0
62,4.34,45,17.99,3,0.09,-40.57,0,0,1,0,0,0,0,0,0,0,0,0,0,0,0,1,0,0,0,1,0,0,0,1
44,3.95,26,17.99,4,0.15,-21.9,1,0,1,0,1,0,0,0,0,0,0,0,0,0,0,1,0,0,0,0,0,0,0,1
45,2.73,27,8.99,3,0.1,-24.17,1,0,0,0,1,0,0,0,0,0,1,0,0,0,1,0,0,0,0,1,0,0,0,1
20,0.67,59,8.99,4,0.01,-58.32,1,0,0,0,0,0,1,0,0,0,0,1,0,0,0,0,1,0,0,0,1,0,0,1
44,6.71,40,8.99,1,0.16,-33.13,0,0,0,0,1,0,0,0,0,0,1,0,0,1,0,0,0,0,0,0,0,0,1,1
36,14.33,44,8.99,2,0.32,-29.35,0,0,0,0,0,0,0,0,1,1,0,0,0,0,0,1,0,0,0,1,0,0,0,1
55,11.62,51,13.99,4,0.22,-39.16,0,1,0,1,0,0,0,0,1,0,0,0,0,0,0,0,1,0,1,0,0,0,0,0
35,16.34,39,13.99,2,0.41,-22.25,1,0,0,1,1,0,0,0,0,0,0,0,0,0,0,1,0,0,1,0,0,0,0,1
53,16.53,43,17.99,1,0.38,-26.09,1,0,1,0,0,1,0,0,0,0,1,0,0,0,0,1,0,0,0,0,0,1,0,1
42,0.68,50,13.99,4,0.01,-49.31,0,1,0,1,0,0,0,0,0,0,1,0,0,0,0,1,0,0,0,0,0,0,1,1
60,20.83,43,8.99,5,0.47,-21.700000000000003,1,0,0,0,0,1,0,0,0,0,1,0,0,0,0,1,0,0,1,0,0,0,0,1
53,0.07,50,13.99,3,0.0,-49.93,0,1,0,1,0,0,1,0,0,0,0,0,0,0,0,0,1,0,0,0,0,0,0,1
52,22.21,54,8.99,1,0.4,-31.39,0,0,0,0,0,0,0,1,0,0,0,1,0,0,0,0,0,0,0,0,0,1,0,1
32,8.26,39,13.99,1,0.21,-30.53,1,0,0,1,1,0,0,0,0,1,0,0,0,0,0,1,0,0,0,1,0,0,0,1
54,13.49,4,17.99,1,2.7,12.190000000000001,0,1,1,0,0,0,0,0,0,1,0,0,0,0,1,0,0,0,0,0,0,0,0,0
54,11.38,31,17.99,4,0.36,-19.259999999999998,1,0,1,0,1,0,0,0,0,0,1,0,0,0,0,0,0,0,0,0,1,0,0,0
66,21.29,7,8.99,5,2.66,16.95,0,1,0,0,0,0,0,0,0,0,0,0,1,1,0,0,0,0,0,0,0,1,0,0
49,10.87,14,8.99,5,0.72,-2.41,0,0,0,0,0,0,0,0,1,0,0,0,1,0,0,0,0,0,0,0,0,0,1,0
63,41.15,9,13.99,2,4.12,36.269999999999996,0,0,0,1,0,0,0,0,1,1,0,0,0,0,0,0,1,0,0,0,0,1,0,0
62,11.96,48,13.99,3,0.24,-35.8,0,1,0,1,0,0,0,1,0,0,0,0,1,0,0,1,0,0,0,1,0,0,0,1
40,0.68,37,13.99,3,0.02,-36.3,0,0,0,1,0,0,0,0,0,1,0,0,0,0,1,0,0,0,0,0,1,0,0,1
24,5.56,32,13.99,1,0.17,-26.27,0,0,0,1,0,1,0,0,0,1,0,0,0,0,0,0,1,0,0,1,0,0,0,1
36,11.87,5,17.99,4,1.98,8.85,0,1,1,0,0,0,1,0,0,0,0,1,0,0,0,1,0,1,0,0,0,0,0,0
57,0.97,52,17.99,1,0.02,-51.01,0,1,1,0,0,0,0,0,0,0,0,0,0,0,0,0,0,0,0,1,0,0,0,1
48,17.68,47,8.99,3,0.37,-28.95,0,0,0,0,0,0,0,1,0,0,0,0,1,0,0,0,1,0,0,0,0,1,0,1
27,16.36,8,8.99,1,1.82,10.18,0,1,0,0,1,0,0,0,0,0,0,1,0,0,0,1,0,0,0,1,0,0,0,0
22,5.42,1,13.99,2,2.71,7.129999999999999,0,1,0,1,1,0,0,0,0,0,0,0,0,0,1,0,0,0,0,0,0,0,0,0
42,3.6,2,17.99,1,1.2,2.8,0,1,1,0,0,0,0,1,0,0,0,1,0,0,0,0,0,0,0,0,0,0,0,0
68,0.34,41,13.99,4,0.01,-40.65,0,0,0,1,0,0,1,0,0,0,1,0,0,0,0,0,1,0,0,0,0,0,0,1
61,47.74,56,8.99,2,0.84,-7.419999999999995,1,0,0,0,0,1,0,0,0,0,1,0,0,1,0,0,0,0,1,0,0,0,0,0
40,9.61,39,13.99,2,0.24,-29.15,1,0,0,1,0,0,0,1,0,0,0,0,0,0,1,0,0,0,1,0,0,0,0,1
25,6.11,0,13.99,1,6.11,12.22,0,1,0,1,1,0,0,0,0,1,0,0,0,0,0,0,0,0,0,1,0,0,0,0
69,0.74,48,17.99,3,0.02,-47.24,0,1,1,0,0,0,0,1,0,0,0,0,1,0,0,0,1,0,1,0,0,0,0,1
50,8.77,42,13.99,2,0.2,-33.03,0,1,0,1,0,0,1,0,0,0,0,0,1,0,0,0,1,0,0,0,0,0,0,1
64,1.02,16,8.99,4,0.06,-14.92,1,0,0,0,0,0,1,0,0,0,0,1,0,0,0,1,0,0,0,0,0,0,1,1
64,6.71,42,17.99,5,0.16,-35.13,0,0,1,0,0,0,1,0,0,0,0,1,0,0,0,0,1,0,1,0,0,0,0,0
54,9.78,56,13.99,5,0.17,-46.05,1,0,0,1,0,0,0,0,0,0,1,0,0,0,1,0,0,0,1,0,0,0,0,0
28,2.97,23,8.99,5,0.12,-19.91,0,0,0,0,0,1,0,0,0,0,0,0,1,0,0,0,0,0,0,0,0,1,0,1
62,4.75,0,17.99,2,4.75,9.5,0,0,1,0,0,0,0,0,1,0,1,0,0,0,0,1,0,1,0,0,0,0,0,0
48,0.71,24,17.99,2,0.03,-23.26,0,1,1,0,0,0,0,0,0,0,1,0,0,0,0,0,1,0,0,0,0,0,1,1
29,54.65,49,17.99,5,1.09,6.740000000000002,0,0,1,0,0,0,0,0,0,0,0,0,1,0,1,0,0,1,0,0,0,0,0,0
53,1.49,14,13.99,2,0.1,-12.41,0,0,0,1,0,0,1,0,0,0,0,0,0,0,0,1,0,0,0,0,0,0,0,1
42,1.11,14,13.99,2,0.07,-12.82,0,1,0,1,0,0,0,1,0,0,1,0,0,0,0,1,0,0,0,1,0,0,0,1
19,7.32,39,17.99,4,0.18,-31.5,0,1,1,0,0,0,1,0,0,0,0,1,0,0,0,0,0,0,1,0,0,0,0,0
26,1.71,52,13.99,2,0.03,-50.26,1,0,0,1,0,0,0,0,0,0,1,0,0,0,0,0,0,0,0,1,0,0,0,1
61,6.53,14,13.99,3,0.44,-7.029999999999999,0,0,0,1,1,0,0,0,0,0,0,1,0,0,0,0,0,0,0,0,0,0,1,0
19,15.85,43,13.99,2,0.36,-26.79,1,0,0,1,0,0,0,1,0,0,0,0,0,0,0,1,0,1,0,0,0,0,0,1
46,7.59,3,13.99,3,1.9,6.49,0,0,0,1,0,0,0,1,0,1,0,0,0,1,0,0,0,1,0,0,0,0,0,0
63,16.91,20,13.99,1,0.81,-2.280000000000001,0,0,0,1,0,0,1,0,0,0,0,0,0,0,0,1,0,0,0,0,1,0,0,0
56,24.68,9,17.99,1,2.47,18.15,0,0,1,0,0,1,0,0,0,0,1,0,0,0,0,0,0,0,0,1,0,0,0,0
18,1.62,20,13.99,1,0.08,-18.3,0,1,0,1,1,0,0,0,0,0,1,0,0,1,0,0,0,0,1,0,0,0,0,1
59,16.39,40,17.99,5,0.4,-23.21,0,0,1,0,1,0,0,0,0,1,0,0,0,0,1,0,0,0,0,0,1,0,0,0
39,1.28,45,8.99,5,0.03,-43.69,0,0,0,0,0,0,0,0,0,0,0,1,0,0,0,1,0,0,0,0,1,0,0,1
33,25.15,0,17.99,1,25.15,50.3,0,0,1,0,0,0,1,0,0,0,0,1,0,1,0,0,0,1,0,0,0,0,0,0
19,8.01,47,8.99,2,0.17,-38.82,0,0,0,0,0,1,0,0,0,0,0,0,1,0,1,0,0,0,0,0,0,0,1,1
27,4.07,42,13.99,5,0.09,-37.84,0,0,0,1,0,0,1,0,0,0,0,0,0,1,0,0,0,0,0,1,0,0,0,1
70,15.81,44,8.99,1,0.35,-27.84,1,0,0,0,0,0,0,0,0,0,0,0,1,1,0,0,0,0,1,0,0,0,0,1
64,30.64,50,13.99,3,0.6,-18.759999999999998,1,0,0,1,0,0,0,0,1,1,0,0,0,0,0,0,1,1,0,0,0,0,0,0
66,8.03,7,8.99,4,1.0,2.0299999999999994,0,1,0,0,0,0,0,0,0,0,1,0,0,1,0,0,0,0,0,0,1,0,0,0
63,15.63,22,17.99,2,0.68,-5.689999999999998,0,1,1,0,0,0,0,0,1,0,0,0,0,1,0,0,0,0,1,0,0,0,0,0
48,0.23,37,8.99,2,0.01,-36.76,0,0,0,0,0,1,0,0,0,0,1,0,0,0,0,0,0,0,0,0,0,0,0,1
57,12.33,4,8.99,2,2.47,10.8,1,0,0,0,0,0,0,0,1,0,0,0,0,1,0,0,0,0,0,1,0,0,0,0
25,4.43,11,17.99,5,0.37,-6.2,0,0,1,0,1,0,0,0,0,0,0,1,0,0,0,0,0,0,0,0,0,1,0,0
25,2.39,8,8.99,1,0.27,-5.34,1,0,0,0,0,1,0,0,0,1,0,0,0,0,0,0,0,0,0,0,1,0,0,1
55,16.83,16,17.99,4,0.99,1.8199999999999967,0,0,1,0,0,0,0,0,0,0,1,0,0,0,0,0,1,0,1,0,0,0,0,0
65,20.18,4,17.99,4,4.04,20.22,1,0,1,0,0,0,0,1,0,0,1,0,0,1,0,0,0,0,0,1,0,0,0,0
47,3.88,53,17.99,5,0.07,-49.05,1,0,1,0,0,0,1,0,0,0,1,0,0,1,0,0,0,0,1,0,0,0,0,1
43,8.99,53,13.99,1,0.17,-43.84,1,0,0,1,0,0,1,0,0,1,0,0,0,1,0,0,0,0,0,0,0,0,0,1
34,12.65,2,13.99,4,4.22,14.870000000000001,0,1,0,1,0,0,0,0,1,1,0,0,0,0,1,0,0,0,1,0,0,0,0,0
24,25.78,8,8.99,3,2.86,20.64,0,0,0,0,0,1,0,0,0,1,0,0,0,0,0,0,0,0,0,0,1,0,0,0
50,0.27,31,13.99,1,0.01,-30.72,0,0,0,1,0,0,0,0,1,0,0,0,1,1,0,0,0,0,0,0,0,1,0,1
28,29.12,31,8.99,4,0.91,-0.9699999999999989,1,0,0,0,0,0,0,0,0,0,0,0,1,0,0,0,1,0,1,0,0,0,0,0
56,2.98,39,17.99,3,0.07,-35.95,0,0,1,0,0,1,0,0,0,1,0,0,0,0,0,0,1,1,0,0,0,0,0,1
42,1.65,41,13.99,3,0.04,-39.31,1,0,0,1,0,0,0,0,0,0,1,0,0,0,0,0,1,0,0,0,0,0,0,1
46,5.98,31,17.99,1,0.19,-24.83,0,1,1,0,1,0,0,0,0,1,0,0,0,0,0,0,1,1,0,0,0,0,0,1
62,29.21,1,17.99,1,14.61,42.82,1,0,1,0,0,0,0,0,1,0,1,0,0,0,0,1,0,0,1,0,0,0,0,0
20,11.58,44,17.99,4,0.26,-32.16,0,1,1,0,0,0,0,0,0,1,0,0,0,1,0,0,0,0,0,1,0,0,0,1
24,40.81,40,13.99,4,1.0,1.8100000000000023,0,1,0,1,0,1,0,0,0,1,0,0,0,0,1,0,0,0,0,0,0,0,0,0
62,5.63,26,13.99,3,0.21,-20.16,0,1,0,1,1,0,0,0,0,0,0,1,0,0,0,0,0,0,0,0,0,1,0,0
26,1.84,15,13.99,5,0.12,-13.04,0,0,0,1,1,0,0,0,0,0,1,0,0,0,0,1,0,0,0,0,0,0,0,1
58,2.11,5,13.99,1,0.35,-2.54,1,0,0,1,0,0,1,0,0,0,0,1,0,0,0,0,0,0,0,0,0,0,0,1
62,1.16,2,8.99,2,0.39,-0.4500000000000002,0,1,0,0,0,0,0,0,1,0,0,1,0,0,0,0,1,0,0,0,1,0,0,1
70,11.06,38,17.99,1,0.28,-26.66,0,0,1,0,0,0,0,1,0,1,0,0,0,0,0,1,0,0,0,1,0,0,0,1
25,23.19,59,8.99,5,0.39,-35.42,0,0,0,0,0,0,1,0,0,0,0,0,0,0,1,0,0,0,0,0,0,0,1,0
36,22.1,40,17.99,4,0.54,-17.36,0,0,1,0,0,0,0,0,1,0,0,1,0,1,0,0,0,0,1,0,0,0,0,0
37,6.47,21,8.99,3,0.29,-14.24,0,0,0,0,0,0,1,0,0,0,1,0,0,0,0,1,0,0,0,0,0,0,0,1
52,6.28,44,17.99,1,0.14,-37.58,0,0,1,0,0,0,1,0,0,0,0,0,0,1,0,0,0,0,0,0,0,1,0,1
38,3.49,54,8.99,5,0.06,-50.45,0,0,0,0,1,0,0,0,0,0,0,0,1,0,0,0,1,0,0,0,1,0,0,1
36,0.99,24,8.99,3,0.04,-22.97,0,0,0,0,0,0,0,0,0,1,0,0,0,0,1,0,0,1,0,0,0,0,0,1
47,1.57,39,17.99,5,0.04,-37.39,1,0,1,0,0,0,0,1,0,0,0,0,0,0,0,0,0,0,0,0,1,0,0,1
29,12.32,49,17.99,5,0.25,-36.43,1,0,1,0,1,0,0,0,0,0,1,0,0,0,0,0,1,0,0,0,1,0,0,0
27,0.69,39,17.99,5,0.02,-38.29,0,1,1,0,0,0,0,0,1,1,0,0,0,0,1,0,0,0,0,0,0,0,1,1
70,7.15,27,17.99,3,0.26,-19.59,0,1,1,0,1,0,0,0,0,0,0,0,0,0,0,0,0,0,0,0,0,0,1,0
55,2.59,54,13.99,3,0.05,-51.36,0,1,0,1,0,1,0,0,0,0,0,0,0,0,0,1,0,0,0,0,0,0,1,1
33,25.28,32,17.99,3,0.77,-5.949999999999999,0,1,1,0,1,0,0,0,0,1,0,0,0,0,1,0,0,0,0,0,0,0,1,0
22,13.68,48,17.99,3,0.28,-34.04,0,1,1,0,0,0,1,0,0,0,0,1,0,0,0,0,1,1,0,0,0,0,0,1
44,18.75,44,17.99,5,0.42,-24.83,0,1,1,0,1,0,0,0,0,0,0,0,0,0,0,0,1,0,0,0,0,0,0,0
20,9.24,33,17.99,5,0.27,-23.490000000000002,0,1,1,0,0,0,1,0,0,0,0,1,0,0,0,1,0,0,0,1,0,0,0,1
69,0.52,42,17.99,3,0.01,-41.47,1,0,1,0,0,0,0,0,1,0,0,0,0,0,0,1,0,0,0,0,0,0,0,1
23,4.46,24,13.99,3,0.18,-19.36,1,0,0,1,0,0,0,0,0,0,1,0,0,0,0,1,0,0,1,0,0,0,0,1
24,9.94,34,17.99,2,0.28,-23.78,0,0,1,0,0,0,1,0,0,1,0,0,0,0,0,0,0,0,0,1,0,0,0,1
36,25.82,3,13.99,1,6.46,29.28,0,1,0,1,0,0,0,0,0,0,1,0,0,0,0,0,1,1,0,0,0,0,0,0
29,1.22,25,17.99,5,0.05,-23.73,0,0,1,0,1,0,0,0,0,1,0,0,0,0,0,0,1,1,0,0,0,0,0,0
34,6.49,6,13.99,1,0.93,1.42,0,1,0,1,0,0,0,0,1,0,1,0,0,0,0,0,0,1,0,0,0,0,0,0
39,8.63,8,13.99,4,0.96,1.5899999999999999,0,1,0,1,0,0,0,1,0,0,1,0,0,0,1,0,0,0,0,0,0,1,0,0
44,22.85,1,13.99,3,11.43,33.28,0,0,0,1,0,0,0,0,1,0,0,0,1,0,0,0,0,1,0,0,0,0,0,0
43,5.59,32,8.99,4,0.17,-26.240000000000002,0,0,0,0,0,1,0,0,0,0,0,1,0,0,1,0,0,0,1,0,0,0,0,1
35,11.93,45,13.99,1,0.26,-32.81,1,0,0,1,0,1,0,0,0,0,0,0,0,0,0,1,0,0,1,0,0,0,0,1
26,3.24,57,17.99,3,0.06,-53.7,1,0,1,0,0,1,0,0,0,0,0,0,1,0,0,0,1,0,0,0,0,0,1,1
66,25.03,16,8.99,3,1.47,10.5,1,0,0,0,0,0,1,0,0,0,0,1,0,0,0,0,0,0,0,0,0,0,0,0
66,6.11,9,17.99,4,0.61,-2.2799999999999994,0,1,1,0,0,1,0,0,0,0,0,0,1,1,0,0,0,0,0,1,0,0,0,0
29,24.18,59,8.99,1,0.4,-34.42,1,0,0,0,0,0,0,0,0,1,0,0,0,0,0,0,0,0,1,0,0,0,0,1
20,7.19,26,13.99,4,0.27,-18.54,1,0,0,1,0,0,1,0,0,0,0,1,0,0,0,0,1,0,0,0,0,0,0,0
52,2.73,45,17.99,5,0.06,-42.21,1,0,1,0,0,0,1,0,0,0,0,1,0,1,0,0,0,0,0,0,1,0,0,1
41,28.13,42,13.99,2,0.65,-13.220000000000002,1,0,0,1,0,0,0,1,0,0,1,0,0,0,0,0,0,0,1,0,0,0,0,0
38,15.32,56,8.99,2,0.27,-40.41,1,0,0,0,0,1,0,0,0,0,1,0,0,1,0,0,0,0,0,0,0,0,0,1
18,2.75,43,8.99,5,0.06,-40.19,0,1,0,0,0,0,0,1,0,1,0,0,0,0,0,1,0,0,0,0,0,1,0,1
28,4.67,5,13.99,2,0.78,0.4500000000000002,0,0,0,1,0,0,0,1,0,0,1,0,0,1,0,0,0,0,0,1,0,0,0,0
19,3.36,27,13.99,1,0.12,-23.52,0,0,0,1,0,0,1,0,0,1,0,0,0,0,1,0,0,0,0,0,0,0,0,1
56,5.03,22,8.99,4,0.22,-16.75,1,0,0,0,1,0,0,0,0,0,0,0,0,0,1,0,0,0,0,0,1,0,0,0
34,53.98,10,8.99,5,4.91,48.89,1,0,0,0,0,0,1,0,0,0,0,0,1,1,0,0,0,0,1,0,0,0,0,0
58,23.39,52,13.99,1,0.44,-28.169999999999998,0,0,0,1,1,0,0,0,0,0,0,0,1,0,0,0,0,1,0,0,0,0,0,0
63,7.04,46,17.99,4,0.15,-38.81,0,0,1,0,0,1,0,0,0,0,1,0,0,0,0,1,0,0,0,0,0,1,0,1
66,32.06,51,17.99,4,0.62,-18.32,1,0,1,0,1,0,0,0,0,0,0,0,0,0,1,0,0,0,0,1,0,0,0,0
37,28.08,25,17.99,4,1.08,4.159999999999997,0,1,1,0,0,0,1,0,0,0,0,1,0,0,0,0,0,0,0,0,1,0,0,0
21,23.95,50,8.99,3,0.47,-25.580000000000002,1,0,0,0,0,0,1,0,0,1,0,0,0,0,1,0,0,0,0,0,0,0,1,1
44,20.32,46,17.99,3,0.43,-25.25,1,0,1,0,0,0,0,1,0,1,0,0,0,0,1,0,0,0,0,0,1,0,0,0
66,0.77,36,13.99,4,0.02,-35.21,0,1,0,1,0,0,0,0,0,0,0,1,0,1,0,0,0,0,0,1,0,0,0,1
56,2.95,52,13.99,1,0.06,-48.99,1,0,0,1,0,1,0,0,0,0,0,0,1,0,0,1,0,0,0,1,0,0,0,1
21,11.85,34,8.99,4,0.34,-21.810000000000002,1,0,0,0,0,0,0,1,0,0,1,0,0,0,0,0,0,0,0,1,0,0,0,1
49,9.61,27,17.99,3,0.34,-17.05,0,1,1,0,0,0,0,0,1,0,0,1,0,0,0,0,1,0,0,0,1,0,0,0
28,49.34,31,17.99,1,1.54,19.880000000000003,1,0,1,0,0,0,0,1,0,0,0,1,0,0,0,1,0,0,0,0,1,0,0,0
62,3.02,16,13.99,2,0.18,-12.8,1,0,0,1,0,1,0,0,0,0,0,1,0,0,1,0,0,0,0,1,0,0,0,1
67,2.02,52,17.99,2,0.04,-49.94,0,0,1,0,0,0,0,1,0,0,1,0,0,0,0,0,1,0,0,0,0,0,0,1
47,9.78,18,13.99,3,0.51,-7.710000000000001,0,0,0,1,1,0,0,0,0,0,0,0,1,1,0,0,0,1,0,0,0,0,0,0
57,4.39,60,17.99,3,0.07,-55.54,0,0,1,0,0,0,1,0,0,0,0,1,0,1,0,0,0,0,0,0,1,0,0,1
43,0.59,11,8.99,3,0.05,-10.36,0,1,0,0,0,1,0,0,0,0,1,0,0,0,1,0,0,0,0,1,0,0,0,1
24,1.68,1,8.99,1,0.84,1.52,1,0,0,0,0,0,1,0,0,1,0,0,0,0,0,0,0,0,0,0,0,0,1,1
34,1.58,7,17.99,1,0.2,-5.22,0,0,1,0,0,0,0,1,0,0,0,1,0,0,0,1,0,1,0,0,0,0,0,1
39,67.05,24,13.99,2,2.68,45.730000000000004,0,0,0,1,0,0,0,1,0,0,1,0,0,0,0,0,1,0,0,0,0,1,0,0
60,1.07,3,8.99,3,0.27,-1.66,0,0,0,0,0,0,0,1,0,0,0,0,1,0,0,0,0,0,0,0,0,1,0,1
66,1.85,57,17.99,3,0.03,-55.12,0,1,1,0,0,0,0,0,1,0,0,0,1,0,1,0,0,0,0,0,0,0,0,1
29,16.42,4,17.99,3,3.28,15.700000000000003,1,0,1,0,0,0,0,1,0,0,0,0,1,0,0,0,0,0,0,1,0,0,0,0
35,11.85,57,8.99,3,0.2,-44.95,0,0,0,0,0,0,1,0,0,0,0,1,0,0,0,1,0,0,1,0,0,0,0,1
36,24.09,36,17.99,5,0.65,-11.260000000000002,0,1,1,0,0,0,0,1,0,1,0,0,0,0,0,0,0,0,0,1,0,0,0,0
46,14.53,19,8.99,4,0.73,-3.74,0,1,0,0,0,0,0,0,1,0,1,0,0,1,0,0,0,0,0,0,0,1,0,0
58,2.4,11,13.99,5,0.2,-8.4,0,0,0,1,0,0,1,0,0,0,1,0,0,0,0,0,1,0,1,0,0,0,0,0
18,0.17,16,17.99,5,0.01,-15.82,0,0,1,0,0,0,1,0,0,0,0,0,0,0,1,0,0,0,0,0,1,0,0,0
60,8.42,59,17.99,2,0.14,-50.44,1,0,1,0,0,0,1,0,0,0,1,0,0,0,1,0,0,0,0,0,0,0,1,1
39,20.87,59,13.99,1,0.35,-37.78,0,0,0,1,0,1,0,0,0,0,0,1,0,0,0,0,0,0,0,0,0,1,0,0
65,2.75,36,13.99,2,0.07,-33.18,0,0,0,1,0,1,0,0,0,1,0,0,0,0,0,0,1,0,0,0,0,1,0,1
38,10.25,42,8.99,2,0.24,-31.509999999999998,0,1,0,0,0,1,0,0,0,0,0,0,0,0,0,0,1,0,0,0,0,0,0,1
20,1.98,45,8.99,4,0.04,-42.98,1,0,0,0,0,0,1,0,0,0,0,0,0,0,0,0,1,0,0,0,0,1,0,1
27,7.37,15,8.99,2,0.46,-7.17,0,0,0,0,0,0,1,0,0,0,0,1,0,0,0,0,1,0,1,0,0,0,0,0
58,13.35,18,17.99,5,0.7,-3.950000000000001,0,0,1,0,0,0,0,0,1,0,0,1,0,0,0,0,0,0,0,0,0,0,1,0
39,1.97,53,13.99,2,0.04,-50.99,1,0,0,1,1,0,0,0,0,0,1,0,0,0,1,0,0,0,0,1,0,0,0,1
26,12.57,30,8.99,3,0.41,-17.02,0,1,0,0,1,0,0,0,0,0,1,0,0,0,0,1,0,0,0,0,0,0,0,1
25,12.4,57,17.99,5,0.21,-44.39,0,1,1,0,1,0,0,0,0,0,1,0,0,0,0,1,0,0,0,0,0,0,0,1
56,23.82,55,13.99,5,0.43,-30.75,0,0,0,1,0,0,0,0,1,1,0,0,0,0,1,0,0,0,1,0,0,0,0,0
49,2.74,46,17.99,5,0.06,-43.2,0,0,1,0,1,0,0,0,0,0,0,1,0,0,0,0,0,0,0,0,1,0,0,1
70,13.11,59,17.99,2,0.22,-45.67,0,1,1,0,0,0,0,0,0,1,0,0,0,0,0,1,0,0,0,1,0,0,0,1
21,12.25,13,13.99,1,0.88,0.13000000000000078,1,0,0,1,0,1,0,0,0,0,0,1,0,0,0,0,0,0,0,0,0,0,0,0
26,12.29,31,8.99,3,0.38,-18.33,0,1,0,0,1,0,0,0,0,0,0,0,1,0,0,1,0,0,0,0,0,0,0,1
33,27.72,42,13.99,4,0.64,-13.64,0,0,0,1,0,1,0,0,0,0,1,0,0,0,1,0,0,0,0,0,0,0,0,0
29,13.77,24,8.99,4,0.55,-9.68,0,1,0,0,0,0,0,0,0,0,1,0,0,0,1,0,0,0,0,1,0,0,0,0
70,4.88,9,8.99,1,0.49,-3.63,0,1,0,0,0,1,0,0,0,0,0,1,0,0,0,0,1,0,0,1,0,0,0,1
48,10.98,44,13.99,1,0.24,-32.78,0,0,0,1,1,0,0,0,0,0,0,0,1,1,0,0,0,0,0,1,0,0,0,1
20,17.03,47,8.99,2,0.35,-29.619999999999997,1,0,0,0,0,1,0,0,0,0,1,0,0,0,0,0,0,0,1,0,0,0,0,1
40,33.55,5,8.99,1,5.59,34.14,0,0,0,0,0,0,0,0,0,0,1,0,0,0,0,0,1,0,0,0,1,0,0,0
53,4.01,49,8.99,2,0.08,-44.91,0,0,0,0,0,0,1,0,0,0,0,0,0,1,0,0,0,0,0,0,0,0,0,1
56,8.2,19,17.99,2,0.41,-10.39,1,0,1,0,0,1,0,0,0,0,0,1,0,0,0,0,1,1,0,0,0,0,0,0
43,4.17,46,17.99,1,0.09,-41.74,0,1,1,0,0,0,0,0,1,0,1,0,0,0,0,0,0,1,0,0,0,0,0,1
36,14.63,52,8.99,1,0.28,-37.09,0,1,0,0,0,0,0,0,1,0,0,0,0,1,0,0,0,0,0,0,1,0,0,1
54,19.26,10,13.99,5,1.75,11.010000000000002,1,0,0,1,0,0,0,0,0,0,1,0,0,0,1,0,0,1,0,0,0,0,0,0
64,4.8,46,8.99,1,0.1,-41.1,0,1,0,0,0,0,0,1,0,1,0,0,0,0,0,0,0,0,0,0,0,1,0,1
28,12.82,47,8.99,1,0.27,-33.91,0,0,0,0,0,0,1,0,0,0,0,0,1,0,0,0,0,0,0,0,0,0,0,1
52,8.34,21,17.99,2,0.38,-12.28,1,0,1,0,0,0,0,0,0,0,0,1,0,0,0,0,1,0,0,0,0,0,1,0
50,4.17,44,13.99,1,0.09,-39.74,1,0,0,1,0,0,0,1,0,0,0,0,1,0,0,1,0,0,1,0,0,0,0,1
61,3.49,23,13.99,1,0.15,-19.36,0,1,0,1,0,0,1,0,0,1,0,0,0,0,1,0,0,0,0,0,0,1,0,1
70,9.13,50,17.99,3,0.18,-40.69,0,1,1,0,0,0,0,0,1,1,0,0,0,0,1,0,0,0,0,0,1,0,0,1
43,4.17,24,17.99,4,0.17,-19.66,1,0,1,0,0,0,0,0,1,1,0,0,0,1,0,0,0,0,0,0,0,1,0,1
62,0.28,21,17.99,5,0.01,-20.71,1,0,1,0,0,0,0,1,0,0,0,0,1,0,0,0,1,0,0,0,0,0,0,0
26,3.82,14,13.99,2,0.25,-9.93,0,0,0,1,0,0,0,0,1,0,0,1,0,1,0,0,0,0,0,1,0,0,0,1
63,32.75,30,17.99,1,1.06,3.8100000000000023,1,0,1,0,0,0,0,0,1,0,0,0,0,0,0,0,0,0,0,0,1,0,0,0
38,1.05,24,17.99,4,0.04,-22.91,1,0,1,0,0,0,0,1,0,1,0,0,0,0,1,0,0,0,0,0,0,0,1,0
50,29.04,48,8.99,4,0.59,-18.37,0,1,0,0,0,0,0,0,1,0,0,1,0,0,0,0,0,0,0,0,0,1,0,0
49,4.67,48,13.99,5,0.1,-43.230000000000004,1,0,0,1,0,0,1,0,0,1,0,0,0,0,1,0,0,0,0,0,1,0,0,1
38,16.27,24,8.99,2,0.65,-7.080000000000002,0,1,0,0,0,0,0,0,0,0,0,0,0,0,0,1,0,0,0,0,0,1,0,0
23,4.64,55,8.99,1,0.08,-50.28,1,0,0,0,0,1,0,0,0,0,0,1,0,0,0,0,0,0,1,0,0,0,0,1
46,8.78,13,17.99,4,0.63,-3.59,1,0,1,0,1,0,0,0,0,0,0,0,1,0,0,0,1,0,0,0,0,0,0,0
44,9.0,33,8.99,1,0.26,-23.740000000000002,1,0,0,0,0,0,0,0,1,0,0,1,0,1,0,0,0,0,0,0,0,0,0,1
36,9.2,7,13.99,2,1.15,3.3499999999999996,0,0,0,1,0,0,0,1,0,0,0,0,0,0,1,0,0,0,0,0,0,0,0,0
23,8.26,33,8.99,5,0.24,-24.5,0,0,0,0,0,1,0,0,0,0,0,0,0,0,0,1,0,0,0,0,1,0,0,1
34,35.2,14,17.99,3,2.35,23.550000000000004,0,1,1,0,0,1,0,0,0,0,0,0,1,1,0,0,0,0,0,0,0,1,0,0
62,1.12,43,17.99,4,0.03,-41.85,0,0,1,0,1,0,0,0,0,0,0,1,0,0,0,1,0,1,0,0,0,0,0,1
24,10.67,28,13.99,1,0.37,-16.96,0,1,0,1,1,0,0,0,0,0,0,0,1,0,0,0,1,0,0,0,1,0,0,0
36,14.29,4,13.99,4,2.86,13.149999999999999,1,0,0,1,0,0,0,0,0,0,1,0,0,0,0,0,0,0,0,0,0,0,1,0
33,18.33,48,13.99,1,0.37,-29.3,0,0,0,1,0,0,0,1,0,0,1,0,0,0,1,0,0,1,0,0,0,0,0,1
58,3.57,20,8.99,2,0.17,-16.26,0,0,0,0,0,0,1,0,0,1,0,0,0,0,0,1,0,0,1,0,0,0,0,1
20,15.54,24,8.99,3,0.62,-7.84,0,1,0,0,1,0,0,0,0,0,0,0,0,0,1,0,0,0,0,0,0,0,1,0
20,10.28,43,8.99,2,0.23,-32.49,0,0,0,0,0,0,0,0,1,1,0,0,0,0,0,0,1,0,0,0,0,0,0,1
33,2.2,40,17.99,4,0.05,-37.75,0,0,1,0,0,0,0,0,1,0,0,0,0,0,0,1,0,0,1,0,0,0,0,1
30,0.52,4,8.99,2,0.1,-3.38,0,1,0,0,1,0,0,0,0,0,0,1,0,0,0,0,1,0,0,0,0,0,1,1
59,7.52,0,13.99,4,7.52,15.04,1,0,0,1,0,1,0,0,0,0,0,1,0,0,0,0,1,0,0,0,0,0,0,0
54,18.96,18,13.99,3,1.0,1.9600000000000009,1,0,0,1,0,0,0,1,0,0,0,0,1,1,0,0,0,0,1,0,0,0,0,0
47,6.33,9,17.99,4,0.63,-2.04,1,0,1,0,1,0,0,0,0,1,0,0,0,0,0,1,0,0,1,0,0,0,0,0
59,20.13,6,8.99,1,2.88,17.009999999999998,0,1,0,0,0,0,0,0,0,0,1,0,0,0,0,0,0,0,0,1,0,0,0,0
24,6.73,16,8.99,4,0.4,-8.87,0,0,0,0,0,0,0,0,0,0,1,0,0,1,0,0,0,1,0,0,0,0,0,0
24,21.53,57,13.99,3,0.37,-35.099999999999994,0,1,0,1,0,0,1,0,0,0,0,0,1,1,0,0,0,0,0,1,0,0,0,0
53,8.85,3,13.99,1,2.21,8.059999999999999,0,1,0,1,0,0,0,1,0,0,1,0,0,0,0,1,0,0,0,0,0,0,1,0
57,0.15,39,13.99,3,0.0,-38.85,1,0,0,1,0,0,0,0,0,0,0,0,1,0,1,0,0,1,0,0,0,0,0,1
66,0.27,40,8.99,1,0.01,-39.72,0,0,0,0,0,0,0,0,0,1,0,0,0,0,0,0,0,0,0,0,0,0,1,1
24,7.75,29,13.99,5,0.26,-20.990000000000002,1,0,0,1,0,1,0,0,0,0,0,0,1,0,1,0,0,0,0,0,1,0,0,0
28,6.79,54,17.99,1,0.12,-47.09,0,1,1,0,0,0,0,1,0,0,0,0,1,0,0,0,1,0,0,0,1,0,0,1
29,21.53,36,17.99,5,0.58,-13.89,1,0,1,0,0,0,0,0,0,0,0,1,0,0,0,0,0,0,0,0,0,0,1,0
45,13.88,26,17.99,1,0.51,-11.61,1,0,1,0,0,0,1,0,0,0,0,0,0,1,0,0,0,0,1,0,0,0,0,0
50,0.32,35,17.99,2,0.01,-34.67,0,1,1,0,0,1,0,0,0,0,0,0,0,0,1,0,0,1,0,0,0,0,0,1
23,2.28,46,13.99,1,0.05,-43.67,0,0,0,1,0,0,0,1,0,0,0,0,1,0,0,0,1,0,0,0,1,0,0,1
68,0.27,4,8.99,2,0.05,-3.68,0,0,0,0,0,0,0,1,0,0,0,0,1,1,0,0,0,0,0,0,1,0,0,1
25,6.05,60,8.99,3,0.1,-53.85,1,0,0,0,0,0,1,0,0,0,1,0,0,0,1,0,0,0,0,0,0,0,1,1
68,1.66,42,17.99,4,0.04,-40.3,0,1,1,0,0,0,1,0,0,0,1,0,0,0,0,1,0,0,1,0,0,0,0,1
23,4.01,27,8.99,2,0.14,-22.85,0,1,0,0,1,0,0,0,0,0,0,0,1,1,0,0,0,0,0,0,0,1,0,1
27,6.01,5,17.99,1,1.0,2.01,0,0,1,0,0,1,0,0,0,0,1,0,0,0,0,1,0,0,0,0,1,0,0,0
62,15.54,51,8.99,4,0.3,-35.16,0,1,0,0,1,0,0,0,0,0,1,0,0,0,0,0,1,0,0,0,0,0,1,1
28,5.32,25,17.99,4,0.2,-19.48,1,0,1,0,0,0,0,0,0,1,0,0,0,0,1,0,0,0,0,0,1,0,0,0
45,7.03,2,13.99,2,2.34,7.370000000000001,0,1,0,1,0,0,0,0,0,1,0,0,0,0,0,0,1,0,0,1,0,0,0,0
22,5.42,0,8.99,1,5.42,10.84,0,0,0,0,0,0,0,0,0,0,0,0,0,0,0,0,1,0,0,0,0,0,0,0
66,5.33,36,8.99,2,0.14,-30.53,0,1,0,0,0,0,0,0,0,0,1,0,0,0,0,0,0,0,0,0,0,1,0,1
49,2.86,30,13.99,3,0.09,-27.05,0,1,0,1,0,1,0,0,0,0,0,0,1,0,0,0,0,0,0,1,0,0,0,1
37,11.76,17,13.99,3,0.65,-4.59,0,1,0,1,0,0,0,1,0,0,0,0,0,1,0,0,0,1,0,0,0,0,0,0
60,36.16,42,13.99,5,0.84,-5.0,1,0,0,1,0,0,1,0,0,0,0,1,0,0,0,1,0,0,0,1,0,0,0,0
64,0.27,49,8.99,4,0.01,-48.72,1,0,0,0,0,0,0,0,1,0,1,0,0,1,0,0,0,0,0,0,1,0,0,1
21,8.08,16,13.99,4,0.48,-7.4399999999999995,0,1,0,1,0,0,0,1,0,1,0,0,0,1,0,0,0,0,0,0,0,0,0,0
45,7.13,8,8.99,3,0.79,-0.08000000000000007,0,0,0,0,0,0,0,1,0,0,1,0,0,0,0,0,0,0,0,0,1,0,0,0
47,4.13,30,13.99,2,0.13,-25.740000000000002,0,0,0,1,0,0,0,0,1,0,0,0,1,0,0,1,0,0,0,0,1,0,0,1
60,12.6,33,17.99,2,0.37,-20.03,0,0,1,0,0,1,0,0,0,0,0,0,0,0,0,1,0,0,0,0,0,0,1,1
60,0.62,48,13.99,4,0.01,-47.37,0,1,0,1,0,0,0,0,0,0,0,1,0,1,0,0,0,0,1,0,0,0,0,1
28,2.6,45,13.99,2,0.06,-42.34,1,0,0,1,0,1,0,0,0,1,0,0,0,0,0,0,0,0,0,0,0,0,1,1
25,3.17,32,13.99,5,0.1,-28.73,0,0,0,1,0,1,0,0,0,0,0,0,0,0,1,0,0,0,1,0,0,0,0,1
19,3.16,43,13.99,1,0.07,-39.77,0,1,0,1,0,0,0,1,0,0,1,0,0,0,0,1,0,0,0,0,1,0,0,1
25,0.64,32,17.99,4,0.02,-31.34,0,0,1,0,1,0,0,0,0,1,0,0,0,0,0,1,0,0,0,0,0,1,0,1
58,5.63,4,13.99,5,1.13,2.76,0,0,0,1,0,0,0,0,0,0,0,1,0,0,0,1,0,0,1,0,0,0,0,0
31,20.73,60,17.99,4,0.34,-38.93,0,0,1,0,0,0,0,0,1,0,0,0,1,0,0,1,0,0,0,0,0,0,1,0
54,6.26,47,13.99,2,0.13,-40.61,0,0,0,1,0,0,0,0,1,0,0,0,0,0,0,0,0,0,0,1,0,0,0,1
65,34.39,19,13.99,3,1.72,17.11,0,0,0,1,1,0,0,0,0,0,0,1,0,0,0,0,0,0,0,0,0,1,0,0
26,7.33,30,17.99,1,0.24,-22.43,0,0,1,0,0,0,0,1,0,1,0,0,0,0,0,1,0,0,0,0,0,0,1,0
32,1.96,49,8.99,4,0.04,-47.0,0,1,0,0,0,0,1,0,0,1,0,0,0,0,0,0,1,0,1,0,0,0,0,1
32,8.25,59,8.99,4,0.14,-50.61,1,0,0,0,0,0,0,0,0,0,0,1,0,0,0,0,1,0,0,0,0,0,0,1
52,28.47,15,13.99,1,1.78,15.25,1,0,0,1,0,1,0,0,0,1,0,0,0,0,0,0,0,0,0,1,0,0,0,0
67,1.74,4,8.99,2,0.35,-1.9100000000000001,1,0,0,0,0,1,0,0,0,0,1,0,0,0,0,1,0,0,0,0,0,0,0,1
37,21.82,40,8.99,2,0.53,-17.65,1,0,0,0,0,1,0,0,0,0,0,0,1,0,0,0,0,0,0,1,0,0,0,0
68,13.41,35,17.99,1,0.37,-21.22,0,0,1,0,0,0,1,0,0,0,1,0,0,1,0,0,0,0,0,0,0,0,0,1
38,3.39,35,13.99,1,0.09,-31.52,0,1,0,1,0,0,0,0,1,0,0,0,0,0,1,0,0,0,0,1,0,0,0,1
61,54.86,27,17.99,2,1.96,29.82,0,0,1,0,0,0,0,0,0,0,1,0,0,0,0,1,0,0,1,0,0,0,0,0
40,23.97,48,8.99,5,0.49,-23.540000000000003,0,0,0,0,0,0,0,0,1,0,0,0,0,0,1,0,0,0,0,0,0,0,0,0
56,3.29,58,8.99,1,0.06,-54.65,1,0,0,0,0,1,0,0,0,0,1,0,0,0,1,0,0,0,0,0,0,0,0,1
68,2.28,60,8.99,2,0.04,-57.68,0,1,0,0,0,0,1,0,0,0,0,0,1,0,1,0,0,0,1,0,0,0,0,1
54,0.37,39,13.99,4,0.01,-38.62,0,1,0,1,0,0,1,0,0,0,0,0,1,0,0,0,0,0,0,0,0,0,1,1
32,14.0,44,17.99,1,0.31,-29.689999999999998,0,1,1,0,0,1,0,0,0,1,0,0,0,0,1,0,0,0,0,0,0,0,1,1
59,5.26,5,13.99,1,0.88,1.1399999999999997,0,0,0,1,0,0,0,0,0,1,0,0,0,1,0,0,0,0,1,0,0,0,0,0
24,18.29,52,13.99,4,0.35,-33.36,0,1,0,1,0,0,1,0,0,0,0,0,1,0,0,0,1,1,0,0,0,0,0,0
21,0.74,16,13.99,5,0.04,-15.22,0,0,0,1,1,0,0,0,0,0,0,0,0,0,0,0,0,0,0,0,0,1,0,0
66,29.93,46,13.99,5,0.64,-15.43,0,1,0,1,0,0,0,0,0,0,1,0,0,0,0,0,0,0,0,0,0,0,1,0
26,3.77,52,17.99,4,0.07,-48.16,0,1,1,0,0,0,0,0,0,0,0,1,0,1,0,0,0,1,0,0,0,0,0,1
51,15.14,17,8.99,4,0.84,-1.0199999999999996,0,1,0,0,0,0,1,0,0,0,0,0,0,0,0,1,0,0,1,0,0,0,0,0
18,0.67,11,8.99,4,0.06,-10.27,0,1,0,0,1,0,0,0,0,1,0,0,0,0,0,1,0,0,1,0,0,0,0,1
29,9.22,6,17.99,4,1.32,4.540000000000001,1,0,1,0,0,0,0,0,1,1,0,0,0,0,1,0,0,0,0,1,0,0,0,0
58,4.41,39,17.99,5,0.11,-34.48,0,0,1,0,0,0,0,1,0,1,0,0,0,0,0,0,1,0,1,0,0,0,0,1
54,3.47,31,13.99,5,0.11,-27.42,1,0,0,1,0,1,0,0,0,1,0,0,0,1,0,0,0,0,0,0,0,0,1,1
61,6.52,26,8.99,4,0.24,-19.240000000000002,0,0,0,0,0,0,0,0,0,0,0,1,0,0,0,0,0,0,0,0,1,0,0,0
24,18.31,45,17.99,1,0.4,-26.290000000000003,0,1,1,0,0,0,1,0,0,1,0,0,0,0,1,0,0,0,0,0,0,0,1,1
57,4.08,27,17.99,1,0.15,-22.77,1,0,1,0,0,1,0,0,0,0,0,1,0,0,0,0,0,0,0,0,1,0,0,1
41,0.43,2,17.99,5,0.14,-1.43,0,0,1,0,0,0,0,1,0,0,1,0,0,0,0,1,0,0,0,0,1,0,0,0
28,46.68,10,8.99,1,4.24,40.92,0,0,0,0,1,0,0,0,0,0,0,0,0,0,0,0,1,0,0,0,0,0,1,0
64,3.84,38,8.99,1,0.1,-34.06,0,1,0,0,0,0,0,0,0,0,0,0,1,0,0,0,0,0,1,0,0,0,0,1
26,30.34,42,8.99,5,0.71,-10.95,1,0,0,0,1,0,0,0,0,1,0,0,0,0,0,0,0,0,0,0,1,0,0,0
30,8.01,40,13.99,2,0.2,-31.79,0,0,0,1,1,0,0,0,0,1,0,0,0,1,0,0,0,0,0,0,0,1,0,1
18,20.25,9,8.99,3,2.02,13.27,0,0,0,0,0,0,0,0,1,0,0,0,1,0,0,1,0,0,0,0,0,1,0,0
20,18.31,41,13.99,1,0.44,-22.25,0,1,0,1,0,0,0,1,0,1,0,0,0,0,0,0,0,0,0,0,0,1,0,1
61,6.79,16,13.99,5,0.4,-8.809999999999999,1,0,0,1,1,0,0,0,0,0,0,0,0,0,0,1,0,1,0,0,0,0,0,0
68,2.48,0,8.99,3,2.48,4.96,0,1,0,0,1,0,0,0,0,0,0,0,1,0,0,0,0,0,0,0,1,0,0,0
59,1.12,13,17.99,2,0.08,-11.8,0,1,1,0,0,0,1,0,0,0,0,0,1,1,0,0,0,0,0,1,0,0,0,1
48,9.65,60,17.99,4,0.16,-50.19,0,0,1,0,0,0,0,1,0,1,0,0,0,0,0,1,0,0,0,1,0,0,0,1
40,1.2,7,17.99,1,0.15,-5.65,0,1,1,0,0,0,0,0,0,0,0,0,1,0,0,0,1,0,0,0,0,0,0,1
56,2.23,26,8.99,5,0.08,-23.69,0,0,0,0,0,0,0,0,0,0,0,0,1,0,0,0,0,0,1,0,0,0,0,1
27,22.68,45,13.99,3,0.49,-21.830000000000002,0,1,0,1,0,0,1,0,0,1,0,0,0,1,0,0,0,0,0,0,0,0,1,0
46,19.63,30,13.99,1,0.63,-9.740000000000002,0,0,0,1,0,0,1,0,0,0,1,0,0,0,0,0,0,1,0,0,0,0,0,0
43,0.69,39,8.99,1,0.02,-38.29,0,0,0,0,0,0,0,0,1,1,0,0,0,0,1,0,0,0,0,0,0,0,0,1
21,2.51,19,13.99,2,0.13,-16.36,0,1,0,1,0,0,0,0,1,0,1,0,0,1,0,0,0,0,0,1,0,0,0,1
23,5.62,9,8.99,4,0.56,-2.8200000000000003,0,1,0,0,0,0,0,0,0,0,0,0,1,0,0,1,0,0,1,0,0,0,0,0
58,6.01,12,8.99,2,0.46,-5.53,0,1,0,0,0,0,1,0,0,0,0,0,0,0,1,0,0,1,0,0,0,0,0,0
65,2.42,48,17.99,2,0.05,-45.53,0,1,1,0,0,0,0,0,0,0,0,0,0,0,0,1,0,1,0,0,0,0,0,1
54,8.41,55,13.99,4,0.15,-46.44,0,0,0,1,0,0,1,0,0,0,1,0,0,1,0,0,0,0,0,0,0,0,1,1
31,4.58,26,8.99,2,0.17,-21.25,1,0,0,0,0,0,1,0,0,0,0,0,0,0,0,0,1,0,0,0,0,0,0,1
20,9.46,35,17.99,2,0.26,-25.28,0,0,1,0,0,0,1,0,0,0,1,0,0,1,0,0,0,0,0,0,0,0,1,1
54,11.96,37,17.99,3,0.31,-24.729999999999997,0,0,1,0,0,0,0,1,0,0,0,0,0,0,0,1,0,0,0,0,0,1,0,1
57,10.03,21,17.99,2,0.46,-10.51,0,1,1,0,0,0,0,0,0,0,0,0,1,0,0,0,0,0,0,0,1,0,0,0
40,14.34,15,13.99,1,0.9,0.2400000000000002,0,1,0,1,0,0,1,0,0,0,0,0,0,0,1,0,0,0,0,0,0,0,1,0
65,0.47,25,17.99,3,0.02,-24.51,0,1,1,0,1,0,0,0,0,0,0,1,0,0,1,0,0,0,0,1,0,0,0,1
21,1.3,13,17.99,2,0.09,-11.61,1,0,1,0,0,0,0,1,0,0,0,0,1,0,0,0,1,0,1,0,0,0,0,1
60,9.71,46,8.99,5,0.21,-36.08,0,1,0,0,0,0,1,0,0,0,0,0,1,0,1,0,0,0,0,0,0,0,0,1
38,20.79,21,17.99,4,0.94,0.7300000000000004,0,1,1,0,1,0,0,0,0,0,0,1,0,0,0,0,0,0,0,0,1,0,0,0
57,31.69,18,13.99,4,1.67,15.36,0,1,0,1,0,1,0,0,0,0,1,0,0,0,0,0,1,0,0,0,0,0,1,0
38,11.42,5,8.99,5,1.9,8.32,0,1,0,0,0,0,0,0,1,1,0,0,0,1,0,0,0,0,0,0,0,1,0,0
43,17.91,26,17.99,1,0.66,-7.43,0,0,1,0,0,0,0,0,0,0,0,0,0,0,0,1,0,0,0,0,0,0,0,0
62,5.32,6,17.99,5,0.76,0.08000000000000007,0,0,1,0,1,0,0,0,0,1,0,0,0,0,1,0,0,0,0,1,0,0,0,0
27,23.17,36,17.99,3,0.63,-12.2,0,0,1,0,0,0,1,0,0,1,0,0,0,0,1,0,0,0,0,1,0,0,0,0
47,3.99,53,17.99,2,0.07,-48.94,0,1,1,0,0,0,0,0,0,0,1,0,0,0,0,1,0,0,0,0,0,0,1,1
49,3.34,50,8.99,5,0.07,-46.59,1,0,0,0,0,0,0,0,0,1,0,0,0,0,0,0,0,0,0,0,0,0,1,1
29,1.46,54,8.99,3,0.03,-52.51,0,0,0,0,0,1,0,0,0,0,0,1,0,1,0,0,0,0,0,0,0,0,1,1
41,12.78,48,13.99,5,0.26,-34.96,0,1,0,1,0,1,0,0,0,0,0,0,0,1,0,0,0,0,0,0,0,0,1,1
29,7.18,23,17.99,1,0.3,-15.52,1,0,1,0,0,1,0,0,0,0,0,0,0,0,1,0,0,0,0,0,1,0,0,0
55,12.82,47,17.99,3,0.27,-33.91,0,0,1,0,0,0,0,0,1,0,1,0,0,0,0,1,0,0,0,0,1,0,0,1
70,12.97,34,8.99,5,0.37,-20.66,0,0,0,0,0,0,0,0,1,1,0,0,0,0,0,1,0,0,0,0,0,0,0,1
23,11.37,16,8.99,3,0.67,-3.960000000000001,0,1,0,0,0,0,0,0,0,0,0,1,0,0,0,0,0,0,0,0,1,0,0,0
25,2.42,1,17.99,5,1.21,2.63,1,0,1,0,0,0,1,0,0,0,0,0,1,0,0,0,0,0,0,0,0,0,1,0
59,22.89,38,13.99,4,0.59,-14.52,1,0,0,1,0,0,0,0,0,0,0,1,0,0,0,0,1,0,0,0,0,0,0,0
51,7.53,39,8.99,3,0.19,-31.28,0,1,0,0,0,0,0,0,0,0,1,0,0,0,0,0,0,0,0,1,0,0,0,1
46,13.41,42,13.99,1,0.31,-28.28,0,0,0,1,0,0,0,1,0,0,0,0,1,1,0,0,0,0,0,1,0,0,0,1
27,6.89,6,8.99,5,0.98,1.8699999999999992,0,1,0,0,0,1,0,0,0,0,0,0,1,0,0,0,0,0,1,0,0,0,0,0
70,20.64,34,8.99,1,0.59,-12.77,0,0,0,0,0,0,0,0,0,0,1,0,0,1,0,0,0,0,0,0,0,0,1,1
66,3.11,3,13.99,3,0.78,0.8899999999999997,1,0,0,1,0,0,0,0,0,0,0,1,0,0,0,0,1,1,0,0,0,0,0,0
68,5.37,49,8.99,3,0.11,-43.519999999999996,1,0,0,0,0,1,0,0,0,0,0,0,0,0,1,0,0,0,1,0,0,0,0,1
41,26.57,58,17.99,3,0.45,-30.98,0,1,1,0,0,1,0,0,0,0,0,0,0,1,0,0,0,1,0,0,0,0,0,0
41,4.32,0,8.99,1,4.32,8.64,1,0,0,0,0,0,0,0,1,0,0,0,1,0,0,0,1,0,0,0,1,0,0,1
35,14.76,26,17.99,4,0.55,-10.69,1,0,1,0,0,0,0,0,1,0,0,0,0,0,0,0,0,0,0,1,0,0,0,0
27,1.77,41,13.99,2,0.04,-39.19,0,0,0,1,0,0,0,0,1,0,1,0,0,0,0,0,1,0,0,0,1,0,0,1
44,2.14,4,13.99,2,0.43,-1.4299999999999997,0,1,0,1,1,0,0,0,0,0,0,0,0,1,0,0,0,1,0,0,0,0,0,1
38,53.06,55,8.99,4,0.95,-0.9899999999999949,0,1,0,0,0,0,0,0,0,1,0,0,0,0,0,0,1,0,0,0,1,0,0,0
18,1.71,49,13.99,3,0.03,-47.26,0,0,0,1,0,0,0,0,1,0,0,1,0,0,0,0,1,0,0,0,1,0,0,1
58,2.75,8,17.99,4,0.31,-4.9399999999999995,0,1,1,0,0,0,0,0,1,1,0,0,0,0,0,0,1,0,1,0,0,0,0,0
58,6.28,4,17.99,4,1.26,3.54,1,0,1,0,0,1,0,0,0,0,0,0,1,0,1,0,0,0,0,1,0,0,0,0
70,1.24,29,8.99,1,0.04,-27.72,1,0,0,0,0,0,0,1,0,1,0,0,0,0,0,0,1,0,0,0,1,0,0,1
38,3.86,37,8.99,4,0.1,-33.04,1,0,0,0,0,0,0,0,1,1,0,0,0,0,0,0,1,0,0,0,0,1,0,1
58,14.3,43,8.99,2,0.33,-28.369999999999997,0,1,0,0,0,0,0,0,1,0,0,1,0,0,0,0,0,0,0,1,0,0,0,1
56,9.13,11,8.99,2,0.76,-1.1099999999999994,0,1,0,0,1,0,0,0,0,0,0,0,0,0,1,0,0,0,0,0,0,1,0,0
38,4.12,54,17.99,1,0.07,-49.81,0,0,1,0,0,0,0,1,0,0,0,0,1,0,0,1,0,0,0,0,0,1,0,1
70,6.17,25,13.99,2,0.24,-18.59,0,1,0,1,0,0,0,1,0,0,1,0,0,0,0,0,0,0,0,1,0,0,0,0
61,19.93,59,17.99,1,0.33,-38.74,0,1,1,0,0,0,1,0,0,1,0,0,0,0,0,0,0,0,0,0,0,0,0,1
53,7.94,12,8.99,1,0.61,-3.4499999999999993,0,0,0,0,0,1,0,0,0,0,1,0,0,0,0,0,1,0,1,0,0,0,0,0
53,2.72,8,17.99,1,0.3,-4.98,1,0,1,0,1,0,0,0,0,0,0,0,0,1,0,0,0,0,0,0,0,1,0,1
58,17.99,8,13.99,1,2.0,11.989999999999998,0,0,0,1,0,0,0,0,1,0,0,1,0,0,1,0,0,0,0,1,0,0,0,0
19,0.17,34,13.99,3,0.0,-33.83,0,0,0,1,0,1,0,0,0,1,0,0,0,0,0,1,0,0,0,0,0,1,0,1
47,6.51,58,8.99,5,0.11,-51.38,0,0,0,0,1,0,0,0,0,1,0,0,0,0,0,1,0,0,1,0,0,0,0,1
19,0.24,4,17.99,4,0.05,-3.71,0,1,1,0,0,0,0,1,0,0,0,0,0,0,0,1,0,0,0,0,0,0,1,0
67,15.34,39,13.99,2,0.38,-23.28,0,1,0,1,0,0,1,0,0,1,0,0,0,0,0,0,0,0,0,0,1,0,0,1
47,16.29,57,8.99,3,0.28,-40.43,0,0,0,0,0,0,1,0,0,0,0,0,1,0,0,0,0,0,0,0,1,0,0,1
25,35.36,34,8.99,5,1.01,2.3699999999999974,0,1,0,0,0,0,0,1,0,0,0,0,1,1,0,0,0,0,0,0,0,0,1,0
59,20.89,27,13.99,2,0.75,-5.359999999999999,0,0,0,1,0,0,0,0,0,1,0,0,0,0,1,0,0,0,0,0,1,0,0,0
39,1.83,12,17.99,3,0.14,-10.03,0,1,1,0,0,0,0,0,0,0,1,0,0,0,0,0,0,0,0,0,0,1,0,1
27,65.86,40,8.99,5,1.61,27.47,0,1,0,0,0,1,0,0,0,0,1,0,0,0,1,0,0,0,0,0,0,0,1,0
68,38.25,16,17.99,3,2.25,24.5,0,1,1,0,0,0,0,0,1,0,0,0,0,0,0,0,0,0,0,0,0,0,1,0
26,24.14,18,13.99,1,1.27,7.41,0,1,0,1,0,0,0,1,0,1,0,0,0,0,1,0,0,0,0,0,1,0,0,0
49,10.83,56,13.99,1,0.19,-44.980000000000004,0,0,0,1,0,1,0,0,0,0,1,0,0,0,0,1,0,0,0,0,0,0,1,1
41,9.25,47,8.99,5,0.19,-37.56,0,1,0,0,0,0,0,1,0,0,0,0,0,0,1,0,0,0,0,1,0,0,0,1
27,0.43,27,13.99,2,0.02,-26.55,1,0,0,1,0,1,0,0,0,1,0,0,0,0,0,0,1,0,0,0,0,0,1,1
20,41.67,44,13.99,2,0.93,-1.3999999999999986,1,0,0,1,0,0,0,1,0,0,0,0,1,0,1,0,0,0,0,0,0,0,1,0
51,8.0,11,17.99,1,0.67,-2.33,0,1,1,0,0,0,0,0,1,0,0,1,0,1,0,0,0,0,0,0,0,0,1,0
32,21.32,13,13.99,5,1.52,9.84,0,1,0,1,1,0,0,0,0,0,0,0,1,1,0,0,0,0,0,0,0,0,1,0
23,31.27,10,13.99,4,2.84,24.11,0,0,0,1,0,0,0,1,0,0,1,0,0,0,1,0,0,0,0,1,0,0,0,0
60,14.57,40,13.99,4,0.36,-25.07,1,0,0,1,0,0,0,0,0,0,0,1,0,0,0,1,0,0,0,0,0,1,0,1
39,8.27,36,13.99,2,0.22,-27.509999999999998,0,1,0,1,0,0,0,0,1,1,0,0,0,0,0,1,0,0,1,0,0,0,0,1
70,5.45,42,8.99,5,0.13,-36.42,1,0,0,0,0,0,0,0,1,0,1,0,0,0,0,1,0,0,0,1,0,0,0,1
34,22.28,51,13.99,1,0.43,-28.29,1,0,0,1,0,0,0,0,1,0,1,0,0,0,0,0,1,0,0,1,0,0,0,0
42,14.77,29,8.99,3,0.49,-13.74,1,0,0,0,0,1,0,0,0,0,1,0,0,0,0,1,0,0,0,0,1,0,0,1
32,2.34,32,13.99,5,0.07,-29.59,0,0,0,1,0,0,0,1,0,0,1,0,0,1,0,0,0,0,0,0,0,0,0,1
50,21.92,6,17.99,1,3.13,19.05,0,1,1,0,1,0,0,0,0,0,1,0,0,0,0,0,1,0,1,0,0,0,0,0
26,2.48,56,13.99,4,0.04,-53.48,1,0,0,1,1,0,0,0,0,1,0,0,0,0,0,0,0,0,1,0,0,0,0,1
29,16.41,25,17.99,5,0.63,-7.960000000000001,0,1,1,0,0,0,0,0,1,0,1,0,0,0,0,0,1,0,0,1,0,0,0,0
60,9.16,37,13.99,5,0.24,-27.6,0,0,0,1,0,0,1,0,0,0,0,0,1,0,0,1,0,0,0,0,0,1,0,1
58,11.98,41,17.99,4,0.29,-28.73,1,0,1,0,0,0,0,0,1,0,0,0,1,1,0,0,0,0,0,0,0,1,0,1
55,14.39,54,13.99,3,0.26,-39.35,0,0,0,1,0,0,0,1,0,0,0,1,0,0,0,0,0,0,0,0,0,1,0,1
60,9.15,18,17.99,1,0.48,-8.37,1,0,1,0,0,0,0,1,0,0,0,0,0,0,1,0,0,0,0,1,0,0,0,0
24,2.98,11,17.99,2,0.25,-7.77,0,1,1,0,0,1,0,0,0,0,0,1,0,0,0,0,1,0,0,1,0,0,0,1
30,29.21,2,13.99,3,9.74,36.95,1,0,0,1,1,0,0,0,0,0,1,0,0,0,0,0,1,0,0,0,0,1,0,0
44,9.89,25,17.99,4,0.38,-14.729999999999999,0,0,1,0,0,0,0,0,1,0,0,0,0,0,0,0,0,1,0,0,0,0,0,0
63,18.77,56,8.99,2,0.33,-36.900000000000006,0,1,0,0,0,0,0,0,1,0,1,0,0,1,0,0,0,0,0,0,0,0,1,1
22,13.57,3,13.99,4,3.39,13.96,1,0,0,1,0,0,0,1,0,0,0,0,1,0,1,0,0,0,1,0,0,0,0,0
49,3.91,10,13.99,3,0.36,-5.7299999999999995,1,0,0,1,0,0,0,1,0,0,0,1,0,0,0,1,0,0,0,0,0,1,0,1
46,16.42,58,13.99,2,0.28,-41.3,0,1,0,1,0,0,0,0,0,0,1,0,0,0,1,0,0,1,0,0,0,0,0,1
46,2.09,36,17.99,3,0.06,-33.85,0,0,1,0,0,0,1,0,0,0,1,0,0,0,1,0,0,0,0,0,0,0,1,1
48,5.22,51,8.99,2,0.1,-45.68,0,0,0,0,0,1,0,0,0,0,0,1,0,0,0,1,0,0,1,0,0,0,0,1
34,11.95,47,13.99,5,0.25,-34.8,0,0,0,1,0,0,0,0,1,1,0,0,0,0,1,0,0,1,0,0,0,0,0,0
27,7.3,54,13.99,3,0.13,-46.57,1,0,0,1,0,0,0,0,1,0,0,1,0,0,0,0,0,0,0,0,0,0,0,1
42,0.45,15,13.99,5,0.03,-14.52,0,1,0,1,0,0,0,0,0,1,0,0,0,0,0,1,0,0,0,0,0,1,0,1
34,1.59,8,17.99,5,0.18,-6.23,0,1,1,0,0,0,0,0,1,1,0,0,0,1,0,0,0,0,0,0,0,0,0,1
63,0.4,0,13.99,4,0.4,0.8,1,0,0,1,0,0,1,0,0,0,0,1,0,0,0,0,1,1,0,0,0,0,0,0
63,59.23,27,8.99,2,2.12,34.349999999999994,0,1,0,0,0,0,0,1,0,0,0,0,0,0,1,0,0,1,0,0,0,0,0,0
52,26.94,6,17.99,3,3.85,24.790000000000003,0,1,1,0,0,0,1,0,0,0,0,0,0,1,0,0,0,0,1,0,0,0,0,0
44,7.91,7,17.99,1,0.99,1.9000000000000004,0,1,1,0,0,0,0,0,1,0,1,0,0,0,1,0,0,0,1,0,0,0,0,0
32,8.12,36,8.99,5,0.22,-27.66,0,0,0,0,0,0,0,1,0,1,0,0,0,0,1,0,0,0,0,1,0,0,0,1
28,4.1,55,17.99,2,0.07,-50.83,0,0,1,0,0,0,0,1,0,0,0,0,0,0,0,0,1,0,0,0,0,0,1,1
39,23.44,22,13.99,5,1.02,2.460000000000001,0,1,0,1,0,0,0,1,0,0,0,1,0,0,1,0,0,1,0,0,0,0,0,0
51,16.03,48,13.99,4,0.33,-31.64,0,1,0,1,0,0,0,0,0,0,0,0,1,1,0,0,0,0,0,0,0,1,0,1
53,7.88,23,13.99,1,0.33,-14.790000000000001,1,0,0,1,0,0,0,0,1,0,0,1,0,0,0,0,0,0,0,0,1,0,0,0
50,3.81,53,17.99,1,0.07,-49.12,0,0,1,0,0,1,0,0,0,0,1,0,0,0,0,1,0,0,0,0,0,0,1,1
37,6.42,3,17.99,1,1.6,5.02,1,0,1,0,0,0,1,0,0,1,0,0,0,0,1,0,0,1,0,0,0,0,0,0
69,33.34,42,8.99,3,0.78,-7.8799999999999955,0,0,0,0,1,0,0,0,0,1,0,0,0,0,0,1,0,0,0,0,0,1,0,0
26,20.2,46,13.99,5,0.43,-25.37,0,0,0,1,0,0,1,0,0,0,0,0,0,1,0,0,0,0,0,0,0,0,1,0
38,23.78,1,8.99,2,11.89,34.67,0,0,0,0,0,0,0,1,0,0,0,0,0,0,0,0,0,0,0,0,0,0,0,0
50,7.86,55,8.99,1,0.14,-47.0,0,1,0,0,1,0,0,0,0,0,0,1,0,0,0,1,0,0,0,1,0,0,0,1
61,4.69,45,13.99,3,0.1,-40.21,0,1,0,1,1,0,0,0,0,0,1,0,0,1,0,0,0,0,0,0,1,0,0,1
54,6.83,53,17.99,4,0.13,-46.04,0,1,1,0,0,0,0,1,0,0,0,1,0,0,1,0,0,0,1,0,0,0,0,0
66,56.24,2,8.99,4,18.75,72.99000000000001,1,0,0,0,0,0,1,0,0,1,0,0,0,0,0,0,0,0,0,0,0,1,0,0
39,17.35,29,8.99,4,0.58,-11.07,0,0,0,0,0,0,0,0,1,0,0,0,1,0,0,0,1,0,0,0,1,0,0,0
27,4.61,42,8.99,2,0.11,-37.28,1,0,0,0,1,0,0,0,0,0,1,0,0,1,0,0,0,1,0,0,0,0,0,1
62,9.41,31,8.99,1,0.29,-21.3,0,0,0,0,1,0,0,0,0,0,0,1,0,0,0,0,0,0,0,1,0,0,0,1
22,7.49,29,17.99,2,0.25,-21.259999999999998,1,0,1,0,0,1,0,0,0,0,1,0,0,0,0,1,0,0,0,0,0,1,0,0
61,39.09,5,13.99,1,6.52,40.61,0,0,0,1,0,1,0,0,0,0,0,0,1,0,0,0,1,0,1,0,0,0,0,0
49,25.4,47,8.99,4,0.53,-21.07,0,1,0,0,0,0,1,0,0,1,0,0,0,1,0,0,0,0,1,0,0,0,0,0
32,18.28,10,17.99,4,1.66,9.940000000000001,0,0,1,0,0,0,0,0,1,0,0,0,0,0,0,0,0,0,0,0,0,0,0,0
49,6.23,12,17.99,2,0.48,-5.289999999999999,0,1,1,0,0,1,0,0,0,1,0,0,0,0,1,0,0,0,0,1,0,0,0,0
38,1.21,21,13.99,4,0.06,-19.73,1,0,0,1,0,0,0,0,1,0,0,1,0,0,0,0,1,0,0,0,0,1,0,0
29,0.48,29,13.99,3,0.02,-28.5,1,0,0,1,1,0,0,0,0,0,0,1,0,0,1,0,0,0,0,0,0,0,0,1
47,14.8,43,17.99,3,0.34,-27.86,0,0,1,0,0,1,0,0,0,0,0,1,0,0,0,0,0,0,0,0,0,1,0,1
56,1.22,23,8.99,5,0.05,-21.73,0,1,0,0,0,0,1,0,0,0,0,1,0,0,0,0,1,0,0,0,1,0,0,1
23,7.45,41,13.99,3,0.18,-33.37,0,1,0,1,1,0,0,0,0,0,0,0,0,1,0,0,0,0,0,0,0,0,0,1
28,15.45,44,17.99,4,0.34,-28.21,1,0,1,0,0,0,0,0,1,0,0,0,0,1,0,0,0,0,0,1,0,0,0,1
19,0.95,22,13.99,2,0.04,-21.01,1,0,0,1,1,0,0,0,0,1,0,0,0,0,0,0,0,0,1,0,0,0,0,1
52,34.13,32,8.99,3,1.03,3.1600000000000037,0,0,0,0,0,0,0,0,1,0,0,0,0,1,0,0,0,1,0,0,0,0,0,0
62,10.02,33,17.99,2,0.29,-22.69,0,1,1,0,0,0,0,0,0,0,0,1,0,0,0,0,1,1,0,0,0,0,0,1
28,48.58,10,8.99,2,4.42,43.0,1,0,0,0,0,0,1,0,0,1,0,0,0,0,1,0,0,0,0,1,0,0,0,0
43,7.18,14,17.99,5,0.48,-6.34,0,0,1,0,0,1,0,0,0,0,1,0,0,0,0,1,0,0,0,0,0,1,0,0
62,12.0,27,8.99,2,0.43,-14.57,0,0,0,0,1,0,0,0,0,0,0,1,0,1,0,0,0,0,0,1,0,0,0,1
45,13.11,8,13.99,1,1.46,6.57,1,0,0,1,1,0,0,0,0,1,0,0,0,0,0,1,0,0,0,0,0,0,1,0
68,1.91,57,8.99,3,0.03,-55.06,0,0,0,0,0,0,0,0,0,0,0,0,0,0,1,0,0,0,0,0,0,0,1,1
24,0.17,25,8.99,5,0.01,-24.82,0,1,0,0,0,0,0,0,1,0,0,1,0,0,1,0,0,1,0,0,0,0,0,1
45,6.78,23,8.99,2,0.28,-15.94,1,0,0,0,1,0,0,0,0,1,0,0,0,0,0,0,1,0,0,0,0,0,1,0
64,46.62,48,13.99,3,0.95,-0.4299999999999997,1,0,0,1,1,0,0,0,0,1,0,0,0,0,0,0,1,0,0,0,1,0,0,0
21,1.31,10,8.99,2,0.12,-8.57,0,0,0,0,0,0,0,0,1,0,1,0,0,0,1,0,0,1,0,0,0,0,0,1
66,0.83,30,8.99,5,0.03,-29.14,0,1,0,0,0,1,0,0,0,1,0,0,0,0,0,0,1,1,0,0,0,0,0,1
59,4.67,13,17.99,5,0.33,-8.0,0,0,1,0,0,0,0,1,0,0,1,0,0,0,0,0,1,0,0,0,0,0,0,0
25,48.76,47,17.99,1,1.02,2.780000000000001,0,1,1,0,0,0,1,0,0,1,0,0,0,1,0,0,0,0,0,0,0,1,0,0
55,3.76,22,8.99,4,0.16,-18.08,1,0,0,0,1,0,0,0,0,0,0,0,0,1,0,0,0,0,0,0,0,1,0,1
46,0.49,35,8.99,3,0.01,-34.5,0,0,0,0,0,0,0,0,0,0,1,0,0,0,0,1,0,0,0,1,0,0,0,1
41,10.68,14,8.99,5,0.71,-2.6099999999999994,1,0,0,0,0,1,0,0,0,1,0,0,0,0,0,1,0,0,0,1,0,0,0,0
63,15.93,31,17.99,3,0.5,-14.57,0,0,1,0,0,0,0,1,0,0,1,0,0,0,0,0,1,0,1,0,0,0,0,0
27,11.44,54,17.99,3,0.21,-42.35,1,0,1,0,0,0,0,0,1,1,0,0,0,1,0,0,0,0,0,0,1,0,0,1
50,4.6,6,17.99,4,0.66,-0.7400000000000002,1,0,1,0,0,0,1,0,0,0,0,0,1,0,0,0,1,0,0,0,0,0,1,0
42,27.93,59,13.99,4,0.47,-30.6,0,0,0,1,1,0,0,0,0,0,0,1,0,1,0,0,0,0,0,0,1,0,0,0
60,0.76,59,13.99,2,0.01,-58.23,0,0,0,1,0,0,1,0,0,0,0,0,0,0,0,0,0,0,0,0,0,1,0,1
22,3.24,5,17.99,4,0.54,-1.2199999999999998,0,1,1,0,0,0,0,0,1,1,0,0,0,0,0,1,0,0,0,0,0,1,0,0
67,5.4,3,17.99,2,1.35,3.75,0,0,1,0,1,0,0,0,0,0,1,0,0,0,0,0,1,0,0,0,0,0,1,0
50,1.21,44,17.99,1,0.03,-42.76,0,1,1,0,0,1,0,0,0,0,0,0,1,0,0,0,0,0,0,0,0,0,0,1
64,15.0,24,17.99,2,0.6,-8.4,0,1,1,0,1,0,0,0,0,0,0,0,0,1,0,0,0,0,1,0,0,0,0,0
26,5.22,24,17.99,5,0.21,-18.57,0,0,1,0,1,0,0,0,0,1,0,0,0,0,0,1,0,0,0,0,0,0,0,0
37,0.52,37,17.99,4,0.01,-36.47,0,0,1,0,0,0,1,0,0,0,0,1,0,0,0,0,1,0,1,0,0,0,0,1
64,8.35,32,13.99,2,0.25,-23.4,1,0,0,1,0,0,0,0,0,0,0,1,0,0,0,0,0,0,0,0,0,0,0,1
32,13.49,8,13.99,4,1.5,6.99,0,0,0,1,0,0,0,0,0,0,0,0,0,0,0,1,0,0,0,0,0,0,1,0
39,3.98,39,17.99,3,0.1,-34.92,0,1,1,0,1,0,0,0,0,0,0,0,1,0,1,0,0,0,0,1,0,0,0,1
66,0.24,13,13.99,5,0.02,-12.74,1,0,0,1,0,0,0,1,0,0,0,0,1,1,0,0,0,0,0,0,0,0,0,1
57,20.0,41,17.99,2,0.48,-20.52,1,0,1,0,0,0,0,0,1,1,0,0,0,0,1,0,0,0,0,1,0,0,0,1
53,20.8,27,8.99,5,0.74,-5.460000000000001,0,0,0,0,1,0,0,0,0,0,1,0,0,0,0,1,0,1,0,0,0,0,0,0
36,0.95,41,8.99,5,0.02,-40.03,0,1,0,0,0,0,1,0,0,0,0,0,0,0,0,1,0,0,1,0,0,0,0,1
67,3.33,11,17.99,3,0.28,-7.39,0,0,1,0,0,1,0,0,0,0,1,0,0,1,0,0,0,0,0,0,0,0,0,1
32,5.21,9,8.99,2,0.52,-3.2699999999999996,0,1,0,0,1,0,0,0,0,1,0,0,0,0,0,1,0,0,0,0,0,1,0,0
48,8.82,1,17.99,5,4.41,12.23,1,0,1,0,0,0,0,0,1,1,0,0,0,0,0,0,1,0,0,0,0,1,0,0
32,3.15,26,8.99,2,0.12,-22.73,0,0,0,0,0,0,1,0,0,1,0,0,0,0,1,0,0,1,0,0,0,0,0,1
50,75.9,40,17.99,5,1.85,37.75,0,1,1,0,0,0,0,0,1,0,1,0,0,1,0,0,0,0,0,0,0,0,0,0
55,3.27,21,17.99,1,0.15,-17.58,0,0,1,0,0,0,0,0,1,0,0,1,0,0,0,0,1,0,0,0,0,0,0,1
41,4.15,39,8.99,5,0.1,-34.75,0,1,0,0,1,0,0,0,0,1,0,0,0,0,0,0,1,1,0,0,0,0,0,1
34,13.49,51,17.99,1,0.26,-37.25,1,0,1,0,0,0,0,0,1,0,0,0,1,0,1,0,0,0,0,0,1,0,0,1
26,26.05,42,17.99,4,0.61,-15.34,0,0,1,0,0,0,0,0,1,0,0,0,1,1,0,0,0,0,0,0,0,0,1,0
59,8.86,35,17.99,5,0.25,-25.89,0,0,1,0,0,0,0,0,0,1,0,0,0,0,1,0,0,0,0,1,0,0,0,0
58,8.74,49,17.99,1,0.17,-40.09,0,0,1,0,0,0,0,0,0,1,0,0,0,0,1,0,0,0,0,0,0,1,0,1
22,0.8,35,8.99,1,0.02,-34.18,1,0,0,0,0,0,0,1,0,0,0,1,0,0,0,1,0,0,0,0,0,0,1,1
44,16.91,23,8.99,4,0.7,-5.390000000000001,0,1,0,0,0,0,0,0,0,0,1,0,0,1,0,0,0,0,0,0,0,1,0,0
62,7.12,10,8.99,1,0.65,-2.2299999999999995,1,0,0,0,0,0,1,0,0,0,0,0,0,0,0,1,0,0,0,1,0,0,0,0
20,5.68,54,13.99,3,0.1,-48.22,0,0,0,1,0,0,1,0,0,0,0,1,0,0,0,1,0,0,0,0,0,0,1,1
49,18.19,23,8.99,3,0.76,-4.049999999999997,0,0,0,0,0,1,0,0,0,0,1,0,0,0,0,1,0,0,0,0,0,0,1,0
52,10.14,42,17.99,5,0.24,-31.619999999999997,1,0,1,0,0,1,0,0,0,1,0,0,0,0,0,0,0,0,0,1,0,0,0,0
69,20.85,57,17.99,4,0.36,-35.79,0,1,1,0,0,0,1,0,0,1,0,0,0,0,0,1,0,0,0,1,0,0,0,0
55,14.3,32,17.99,5,0.43,-17.27,0,1,1,0,0,0,0,0,0,0,0,1,0,0,0,1,0,0,0,1,0,0,0,1
51,18.3,56,13.99,3,0.32,-37.379999999999995,0,0,0,1,0,0,0,0,0,0,0,1,0,0,1,0,0,0,0,0,1,0,0,1
32,3.64,12,17.99,4,0.28,-8.08,0,0,1,0,0,1,0,0,0,0,0,0,1,0,0,0,0,0,0,1,0,0,0,0
53,1.25,37,17.99,5,0.03,-35.72,0,0,1,0,1,0,0,0,0,0,1,0,0,0,0,0,1,0,0,0,0,0,0,1
44,3.72,37,8.99,1,0.1,-33.18,0,0,0,0,0,0,0,1,0,0,0,1,0,0,1,0,0,0,1,0,0,0,0,1
25,1.27,43,8.99,2,0.03,-41.7,1,0,0,0,1,0,0,0,0,0,1,0,0,0,1,0,0,0,0,0,0,0,1,1
60,2.52,32,17.99,4,0.08,-29.4,1,0,1,0,1,0,0,0,0,0,0,0,1,0,0,0,1,0,0,1,0,0,0,1
68,1.68,33,13.99,3,0.05,-31.27,1,0,0,1,0,0,0,0,0,0,0,0,0,0,0,0,0,0,0,1,0,0,0,1
22,0.43,23,17.99,4,0.02,-22.55,0,1,1,0,0,1,0,0,0,0,0,0,1,0,0,0,0,0,0,0,1,0,0,0
43,50.47,37,8.99,4,1.33,14.799999999999997,1,0,0,0,0,0,0,0,0,1,0,0,0,0,1,0,0,0,0,0,0,0,1,0
65,3.46,48,8.99,4,0.07,-44.47,0,0,0,0,0,0,0,1,0,0,0,0,1,0,0,0,0,0,0,1,0,0,0,1
38,5.46,5,8.99,2,0.91,1.37,1,0,0,0,0,0,0,1,0,0,0,1,0,0,0,1,0,0,0,0,1,0,0,0
61,2.22,43,17.99,4,0.05,-40.73,0,1,1,0,1,0,0,0,0,0,0,1,0,0,0,1,0,0,1,0,0,0,0,1
68,27.23,53,17.99,3,0.5,-25.27,0,0,1,0,0,0,1,0,0,0,0,0,0,0,0,1,0,0,1,0,0,0,0,0
54,8.18,36,13.99,2,0.22,-27.6,1,0,0,1,0,0,0,1,0,0,1,0,0,0,0,0,0,0,1,0,0,0,0,1
28,4.6,16,17.99,4,0.27,-11.13,1,0,1,0,0,0,0,0,1,0,1,0,0,0,0,0,1,0,0,0,0,0,0,0
54,12.13,50,8.99,1,0.24,-37.629999999999995,0,1,0,0,0,0,0,0,1,0,0,0,1,1,0,0,0,0,0,0,0,1,0,1
63,3.65,55,8.99,5,0.07,-51.28,0,0,0,0,0,0,0,0,1,0,0,0,0,1,0,0,0,1,0,0,0,0,0,1
59,10.87,31,8.99,4,0.34,-19.79,0,1,0,0,0,0,0,0,1,1,0,0,0,0,1,0,0,1,0,0,0,0,0,1
54,30.06,37,8.99,2,0.79,-6.150000000000002,0,1,0,0,0,0,0,1,0,0,0,1,0,0,0,1,0,0,0,0,0,0,0,0
62,2.68,55,17.99,1,0.05,-52.27,1,0,1,0,0,0,0,0,0,0,0,1,0,0,0,1,0,0,0,0,0,0,0,1
54,15.72,0,13.99,5,15.72,31.44,0,0,0,1,0,0,0,0,0,0,1,0,0,0,0,0,1,0,0,0,0,1,0,0
37,2.31,28,13.99,1,0.08,-25.61,1,0,0,1,1,0,0,0,0,1,0,0,0,0,0,0,1,0,0,0,1,0,0,1
64,22.72,32,13.99,1,0.69,-8.59,1,0,0,1,0,0,1,0,0,1,0,0,0,0,0,0,1,0,0,0,0,1,0,0
26,4.76,27,17.99,4,0.17,-22.07,0,1,1,0,0,0,0,1,0,0,1,0,0,1,0,0,0,0,1,0,0,0,0,1
41,2.74,19,17.99,3,0.14,-16.12,0,1,1,0,1,0,0,0,0,1,0,0,0,0,1,0,0,0,0,0,0,0,1,1
60,17.42,27,13.99,5,0.62,-8.959999999999997,0,0,0,1,1,0,0,0,0,0,0,0,0,0,0,0,0,0,0,0,0,0,0,0
56,10.22,56,17.99,5,0.18,-45.6,0,0,1,0,0,0,0,0,0,0,0,1,0,0,1,0,0,0,0,1,0,0,0,0
20,5.12,18,17.99,1,0.27,-12.61,0,1,1,0,0,0,0,1,0,0,0,0,0,0,0,0,1,0,0,0,0,0,0,0
19,2.3,1,17.99,3,1.15,2.4499999999999997,0,0,1,0,0,0,0,0,1,0,1,0,0,1,0,0,0,1,0,0,0,0,0,0
20,1.45,0,13.99,5,1.45,2.9,0,0,0,1,0,0,1,0,0,0,0,0,1,0,0,1,0,0,0,0,1,0,0,0
57,19.3,42,17.99,4,0.45,-22.25,0,0,1,0,0,1,0,0,0,0,0,0,0,0,0,1,0,0,0,0,0,1,0,1
61,34.86,23,17.99,3,1.45,13.310000000000002,1,0,1,0,0,0,0,1,0,0,1,0,0,1,0,0,0,0,1,0,0,0,0,0
24,4.89,58,13.99,2,0.08,-53.03,0,1,0,1,0,0,0,0,1,0,1,0,0,0,1,0,0,0,0,0,0,0,0,1
47,24.11,31,13.99,3,0.75,-6.140000000000001,0,1,0,1,0,1,0,0,0,1,0,0,0,0,0,0,1,0,0,0,0,0,1,0
68,81.07,42,13.99,1,1.89,40.959999999999994,0,0,0,1,0,0,1,0,0,1,0,0,0,0,1,0,0,0,1,0,0,0,0,0
40,0.86,5,8.99,2,0.14,-4.0,0,1,0,0,0,0,0,1,0,0,0,0,1,0,1,0,0,0,1,0,0,0,0,1
42,1.91,44,17.99,1,0.04,-42.05,1,0,1,0,0,1,0,0,0,0,1,0,0,1,0,0,0,0,0,0,0,0,0,1
59,14.32,47,8.99,1,0.3,-32.379999999999995,0,1,0,0,0,0,0,0,1,1,0,0,0,0,0,0,0,0,0,0,1,0,0,1
59,0.09,25,8.99,2,0.0,-24.91,0,1,0,0,0,1,0,0,0,1,0,0,0,1,0,0,0,0,0,0,0,0,1,1
33,9.68,57,17.99,1,0.17,-47.15,1,0,1,0,1,0,0,0,0,1,0,0,0,0,0,1,0,0,1,0,0,0,0,1
24,13.71,51,13.99,1,0.26,-37.03,1,0,0,1,0,0,0,1,0,0,1,0,0,0,1,0,0,0,0,0,1,0,0,1
45,11.99,54,17.99,2,0.22,-41.79,0,0,1,0,0,0,1,0,0,0,0,0,0,0,0,0,0,0,0,0,1,0,0,1
48,7.18,53,17.99,4,0.13,-45.69,1,0,1,0,1,0,0,0,0,0,0,0,1,0,1,0,0,1,0,0,0,0,0,0
39,31.83,2,13.99,5,10.61,40.44,1,0,0,1,0,0,0,0,0,0,1,0,0,1,0,0,0,0,0,0,1,0,0,0
25,7.26,43,13.99,1,0.17,-35.57,1,0,0,1,0,0,0,1,0,0,0,0,0,0,0,0,1,0,0,0,0,0,0,1
64,3.51,30,17.99,5,0.11,-26.38,1,0,1,0,0,1,0,0,0,0,0,0,1,0,0,0,1,0,0,0,0,0,0,0
25,16.61,34,17.99,4,0.47,-16.92,1,0,1,0,0,0,0,1,0,0,1,0,0,0,1,0,0,1,0,0,0,0,0,0
59,6.96,4,8.99,2,1.39,4.35,0,0,0,0,1,0,0,0,0,0,0,1,0,0,0,0,1,0,0,0,1,0,0,0
64,15.22,4,17.99,1,3.04,14.260000000000002,1,0,1,0,0,0,1,0,0,1,0,0,0,0,0,1,0,0,1,0,0,0,0,0
62,4.99,10,17.99,2,0.45,-4.56,0,1,1,0,0,0,1,0,0,0,0,1,0,0,1,0,0,1,0,0,0,0,0,1
57,3.73,5,13.99,2,0.62,-0.6500000000000004,1,0,0,1,0,1,0,0,0,1,0,0,0,0,0,0,1,1,0,0,0,0,0,0
24,30.8,19,17.99,5,1.54,13.340000000000003,0,0,1,0,0,1,0,0,0,0,1,0,0,0,0,0,0,0,0,0,0,1,0,0
51,36.62,43,8.99,4,0.83,-5.550000000000004,0,1,0,0,0,0,1,0,0,1,0,0,0,0,0,0,0,0,0,0,1,0,0,0
69,4.81,22,8.99,2,0.21,-16.98,0,0,0,0,0,0,0,0,1,0,0,1,0,0,0,1,0,0,0,0,0,0,0,1
20,4.28,14,13.99,5,0.29,-9.43,0,0,0,1,0,0,1,0,0,0,0,0,1,0,1,0,0,0,0,0,0,0,1,0
46,10.98,20,13.99,5,0.52,-8.5,0,0,0,1,0,0,0,0,0,0,1,0,0,0,0,1,0,0,0,0,0,0,1,0
21,3.06,24,17.99,4,0.12,-20.82,1,0,1,0,0,0,1,0,0,0,1,0,0,0,0,0,1,0,0,0,0,1,0,0
56,16.86,34,13.99,2,0.48,-16.66,0,1,0,1,0,0,0,0,1,0,0,1,0,0,0,0,0,0,0,0,0,0,0,1
40,9.41,46,13.99,3,0.2,-36.39,0,1,0,1,0,0,0,0,0,0,0,1,0,1,0,0,0,0,0,1,0,0,0,1
21,54.56,11,8.99,5,4.55,48.11,0,1,0,0,0,0,1,0,0,0,0,0,0,0,0,0,0,0,0,0,0,1,0,0
18,1.61,29,17.99,1,0.05,-27.34,1,0,1,0,1,0,0,0,0,0,1,0,0,0,0,0,1,0,0,1,0,0,0,1
18,0.38,37,17.99,5,0.01,-36.61,0,0,1,0,0,0,1,0,0,0,0,1,0,1,0,0,0,0,0,0,0,0,0,1
31,0.54,16,17.99,1,0.03,-15.43,0,0,1,0,0,0,1,0,0,0,0,0,0,0,0,0,0,0,0,0,0,0,1,1
45,5.8,39,8.99,4,0.14,-33.06,1,0,0,0,0,0,1,0,0,0,1,0,0,0,1,0,0,0,1,0,0,0,0,1
33,6.15,13,13.99,5,0.44,-6.409999999999999,0,0,0,1,0,0,1,0,0,0,0,0,1,0,0,1,0,0,0,0,1,0,0,0
33,3.98,49,13.99,4,0.08,-44.94,0,0,0,1,0,0,0,1,0,0,0,0,1,0,1,0,0,0,0,1,0,0,0,1
31,1.9,31,17.99,1,0.06,-29.04,1,0,1,0,0,1,0,0,0,0,1,0,0,0,0,1,0,0,0,0,1,0,0,1
18,7.93,60,17.99,4,0.13,-51.94,0,1,1,0,0,0,0,1,0,0,1,0,0,0,1,0,0,0,1,0,0,0,0,0
29,1.23,50,13.99,3,0.02,-48.75,1,0,0,1,1,0,0,0,0,0,0,0,0,0,0,0,1,1,0,0,0,0,0,1
46,8.69,35,8.99,1,0.24,-26.07,0,1,0,0,0,0,0,1,0,0,0,1,0,0,0,1,0,1,0,0,0,0,0,1
60,21.16,23,8.99,5,0.88,-0.9600000000000009,1,0,0,0,0,1,0,0,0,0,0,1,0,0,0,0,0,0,0,0,0,1,0,0
52,8.61,45,13.99,3,0.19,-36.2,0,1,0,1,0,0,1,0,0,0,1,0,0,1,0,0,0,0,0,0,1,0,0,1
30,14.41,51,13.99,1,0.28,-36.31,0,1,0,1,1,0,0,0,0,0,0,0,1,0,0,1,0,1,0,0,0,0,0,1
25,1.36,4,13.99,5,0.27,-2.37,1,0,0,1,0,0,1,0,0,1,0,0,0,0,0,1,0,0,0,0,0,1,0,0
33,0.03,51,8.99,1,0.0,-50.97,0,0,0,0,0,0,1,0,0,1,0,0,0,0,0,0,0,0,0,0,1,0,0,1
63,45.57,53,13.99,4,0.84,-6.589999999999996,0,0,0,1,0,1,0,0,0,0,0,0,0,0,1,0,0,0,0,0,0,1,0,0
21,19.21,57,8.99,4,0.33,-37.46,0,1,0,0,1,0,0,0,0,1,0,0,0,0,0,1,0,0,1,0,0,0,0,1
46,0.83,12,13.99,4,0.06,-11.11,0,1,0,1,0,0,0,0,1,0,1,0,0,1,0,0,0,1,0,0,0,0,0,1
21,9.39,41,13.99,5,0.22,-31.39,0,0,0,1,0,0,0,0,1,0,1,0,0,0,0,0,1,0,0,1,0,0,0,0
49,3.31,59,17.99,1,0.06,-55.63,0,0,1,0,0,1,0,0,0,1,0,0,0,0,0,0,1,0,0,0,0,0,1,1
55,0.87,48,17.99,4,0.02,-47.11,1,0,1,0,1,0,0,0,0,0,0,0,1,0,1,0,0,0,0,0,0,0,0,1
39,2.99,46,17.99,4,0.06,-42.95,0,1,1,0,0,1,0,0,0,0,0,0,1,1,0,0,0,0,0,0,0,1,0,1
67,15.71,20,17.99,5,0.75,-3.539999999999999,0,0,1,0,0,0,1,0,0,0,1,0,0,0,0,0,0,0,0,0,0,0,1,0
55,55.93,43,13.99,1,1.27,14.200000000000003,1,0,0,1,1,0,0,0,0,0,0,1,0,0,0,1,0,0,0,0,0,0,0,0
19,40.16,20,8.99,3,1.91,22.069999999999993,0,0,0,0,0,0,0,1,0,0,0,0,0,0,0,0,1,0,0,0,0,0,0,0
65,11.56,18,17.99,1,0.61,-5.83,1,0,1,0,0,0,0,0,1,0,0,0,0,1,0,0,0,0,0,0,0,0,1,0
34,7.93,60,8.99,1,0.13,-51.94,0,0,0,0,1,0,0,0,0,0,0,0,0,1,0,0,0,0,0,0,0,0,0,1
58,23.72,34,13.99,4,0.68,-9.600000000000001,0,0,0,1,0,0,1,0,0,0,0,0,1,0,0,0,1,1,0,0,0,0,0,0
25,17.57,16,17.99,4,1.03,2.6000000000000014,0,0,1,0,0,0,0,1,0,0,0,0,1,0,0,0,1,1,0,0,0,0,0,0
65,0.53,1,13.99,5,0.27,-0.19999999999999996,0,0,0,1,0,1,0,0,0,1,0,0,0,0,0,0,0,0,0,0,0,0,1,0
65,27.63,8,17.99,5,3.07,22.7,0,1,1,0,1,0,0,0,0,0,0,1,0,1,0,0,0,0,0,0,0,1,0,0
28,50.96,23,17.99,3,2.12,30.08,1,0,1,0,0,0,1,0,0,0,1,0,0,1,0,0,0,0,0,0,1,0,0,0
57,3.09,43,8.99,5,0.07,-39.84,1,0,0,0,0,0,0,0,1,0,1,0,0,0,1,0,0,0,0,0,1,0,0,1
64,1.09,37,13.99,5,0.03,-35.88,0,1,0,1,0,0,0,0,1,1,0,0,0,0,0,0,0,0,1,0,0,0,0,1
66,10.25,28,13.99,4,0.35,-17.4,0,1,0,1,0,0,1,0,0,0,0,0,0,0,1,0,0,1,0,0,0,0,0,0
29,17.56,13,17.99,3,1.25,5.809999999999999,1,0,1,0,1,0,0,0,0,0,0,1,0,0,1,0,0,0,0,0,0,1,0,0
66,32.92,33,17.99,4,0.97,0.8900000000000006,1,0,1,0,1,0,0,0,0,0,1,0,0,0,1,0,0,0,0,1,0,0,0,0
24,1.71,3,8.99,3,0.43,-0.8599999999999999,0,0,0,0,0,0,0,0,0,0,1,0,0,1,0,0,0,0,0,0,0,0,1,1
36,18.51,11,8.99,3,1.54,9.05,0,1,0,0,0,0,0,0,1,0,0,1,0,0,1,0,0,0,0,0,0,0,1,0
51,13.68,3,13.99,4,3.42,14.100000000000001,0,0,0,1,0,0,0,0,0,0,0,0,0,0,0,0,1,0,1,0,0,0,0,0
23,11.61,38,17.99,3,0.3,-26.09,0,1,1,0,0,0,1,0,0,0,1,0,0,0,0,0,0,0,0,0,1,0,0,1
66,14.44,48,17.99,3,0.29,-33.27,0,1,1,0,0,0,0,0,0,0,0,1,0,1,0,0,0,1,0,0,0,0,0,1
29,8.31,30,13.99,1,0.27,-21.42,0,1,0,1,1,0,0,0,0,0,1,0,0,0,0,0,1,0,0,0,0,0,0,0
32,11.48,34,8.99,1,0.33,-22.189999999999998,0,0,0,0,0,0,0,1,0,0,0,0,1,0,1,0,0,0,0,0,1,0,0,1
43,1.99,17,17.99,5,0.11,-14.9,1,0,1,0,0,0,0,0,0,0,0,1,0,1,0,0,0,0,0,0,0,0,0,1
61,8.12,56,13.99,4,0.14,-47.74,0,1,0,1,0,0,0,0,0,0,0,1,0,0,0,0,0,0,0,0,1,0,0,0
44,1.4,58,8.99,5,0.02,-56.58,0,1,0,0,1,0,0,0,0,0,0,1,0,0,1,0,0,0,0,1,0,0,0,1
35,4.13,32,13.99,1,0.13,-27.740000000000002,1,0,0,1,0,0,0,0,0,0,0,1,0,0,0,0,0,0,0,0,1,0,0,1
67,23.72,49,8.99,5,0.47,-24.810000000000002,0,0,0,0,0,0,0,1,0,0,0,0,0,0,0,1,0,0,1,0,0,0,0,1
67,8.12,26,13.99,3,0.3,-17.58,0,0,0,1,0,0,0,0,1,0,0,1,0,0,0,0,0,0,0,1,0,0,0,0
46,1.24,60,13.99,5,0.02,-58.74,0,1,0,1,0,1,0,0,0,0,0,1,0,0,1,0,0,0,0,0,1,0,0,1
41,22.67,51,13.99,2,0.44,-27.889999999999997,0,1,0,1,0,0,1,0,0,0,0,0,0,0,0,0,1,0,1,0,0,0,0,0
28,13.35,17,8.99,1,0.74,-2.91,0,0,0,0,0,0,1,0,0,0,0,0,1,0,0,0,1,1,0,0,0,0,0,0
48,25.07,29,17.99,4,0.84,-3.09,0,1,1,0,0,0,1,0,0,0,0,0,1,0,0,0,0,0,0,1,0,0,0,0
62,5.47,31,13.99,1,0.17,-25.36,0,0,0,1,0,0,0,0,1,0,0,1,0,0,1,0,0,0,0,0,0,0,1,1
29,11.65,22,8.99,2,0.51,-9.84,1,0,0,0,1,0,0,0,0,1,0,0,0,0,0,0,1,1,0,0,0,0,0,0
40,1.79,14,8.99,1,0.12,-12.09,0,0,0,0,0,0,0,0,1,1,0,0,0,0,0,0,1,0,1,0,0,0,0,1
35,5.61,18,8.99,2,0.3,-12.09,0,0,0,0,0,1,0,0,0,0,1,0,0,1,0,0,0,0,0,0,1,0,0,1
35,3.26,39,13.99,2,0.08,-35.66,0,0,0,1,0,1,0,0,0,0,0,0,1,0,1,0,0,0,0,1,0,0,0,1
42,3.67,13,13.99,3,0.26,-9.07,0,0,0,1,0,0,0,1,0,0,0,1,0,0,1,0,0,0,0,0,0,0,0,1
24,1.12,55,17.99,5,0.02,-53.86,1,0,1,0,1,0,0,0,0,0,0,0,1,1,0,0,0,0,1,0,0,0,0,1
38,15.94,54,17.99,2,0.29,-37.769999999999996,0,0,1,0,0,0,0,1,0,0,0,0,0,1,0,0,0,0,0,0,0,0,0,1
26,8.32,48,17.99,5,0.17,-39.51,0,1,1,0,0,0,0,0,0,1,0,0,0,1,0,0,0,0,0,0,0,0,1,1
65,22.68,40,17.99,2,0.55,-16.77,0,0,1,0,0,1,0,0,0,0,0,0,1,1,0,0,0,0,0,0,1,0,0,0
24,0.58,57,17.99,3,0.01,-56.41,1,0,1,0,0,1,0,0,0,0,0,0,1,0,0,0,1,0,0,0,0,0,1,1
56,11.81,14,8.99,2,0.79,-1.3999999999999986,0,1,0,0,1,0,0,0,0,1,0,0,0,0,0,0,1,0,0,1,0,0,0,0
34,0.95,44,8.99,4,0.02,-43.03,0,0,0,0,1,0,0,0,0,0,1,0,0,0,0,0,1,0,0,0,0,0,0,1
26,0.67,8,17.99,4,0.07,-7.26,0,0,1,0,1,0,0,0,0,1,0,0,0,0,1,0,0,0,0,0,0,0,1,0
56,3.67,19,17.99,5,0.18,-15.15,0,1,1,0,1,0,0,0,0,0,0,1,0,0,1,0,0,0,0,0,0,0,0,0
57,16.97,55,13.99,4,0.3,-37.730000000000004,0,0,0,1,1,0,0,0,0,0,0,1,0,0,0,1,0,1,0,0,0,0,0,1
54,8.61,11,13.99,3,0.72,-1.67,0,1,0,1,0,0,0,0,0,0,0,0,1,0,0,1,0,0,0,0,0,1,0,0
48,4.15,53,17.99,4,0.08,-48.769999999999996,1,0,1,0,0,0,0,0,0,1,0,0,0,0,0,0,0,0,1,0,0,0,0,1
38,6.63,24,8.99,3,0.27,-17.1,0,0,0,0,0,1,0,0,0,0,1,0,0,1,0,0,0,0,0,1,0,0,0,1
70,13.01,32,8.99,2,0.39,-18.6,0,0,0,0,1,0,0,0,0,0,0,1,0,1,0,0,0,1,0,0,0,0,0,1
53,20.82,13,13.99,2,1.49,9.309999999999999,0,0,0,1,1,0,0,0,0,1,0,0,0,0,0,0,0,0,0,0,0,1,0,0
48,5.85,3,17.99,4,1.46,4.31,0,0,1,0,0,0,1,0,0,0,0,0,1,0,0,0,0,0,0,0,0,0,0,0
63,8.83,13,8.99,4,0.63,-3.539999999999999,0,0,0,0,1,0,0,0,0,1,0,0,0,1,0,0,0,0,0,0,0,0,1,0
67,31.33,29,17.99,2,1.04,3.3699999999999974,0,0,1,0,0,0,1,0,0,0,1,0,0,0,0,1,0,0,0,0,1,0,0,0
54,0.5,54,8.99,1,0.01,-53.49,0,1,0,0,1,0,0,0,0,0,0,0,0,1,0,0,0,1,0,0,0,0,0,1
59,8.39,59,17.99,3,0.14,-50.47,1,0,1,0,0,0,0,0,0,0,1,0,0,0,1,0,0,0,0,0,1,0,0,1
22,18.39,44,8.99,1,0.41,-25.2,0,1,0,0,0,0,0,0,0,0,0,1,0,0,0,0,0,1,0,0,0,0,0,1
24,12.03,28,8.99,4,0.41,-15.56,0,0,0,0,1,0,0,0,0,0,1,0,0,0,1,0,0,1,0,0,0,0,0,0
69,0.64,21,8.99,1,0.03,-20.33,0,0,0,0,0,0,0,0,1,0,1,0,0,0,0,0,1,0,0,1,0,0,0,1
24,3.9,32,13.99,5,0.12,-27.98,0,0,0,1,0,0,0,0,1,0,0,1,0,0,0,0,1,0,0,0,0,0,1,1
64,4.86,33,8.99,5,0.14,-28.0,0,1,0,0,0,0,0,0,1,0,0,1,0,0,1,0,0,0,1,0,0,0,0,1
57,28.21,1,17.99,5,14.11,41.32,0,0,1,0,1,0,0,0,0,0,0,0,0,1,0,0,0,0,1,0,0,0,0,0
45,10.01,46,8.99,3,0.21,-35.78,0,1,0,0,1,0,0,0,0,0,1,0,0,0,0,0,1,1,0,0,0,0,0,1
34,4.45,60,8.99,4,0.07,-55.48,0,0,0,0,0,0,1,0,0,1,0,0,0,0,0,1,0,0,0,0,0,0,0,1
18,33.81,5,17.99,2,5.64,34.45,0,0,1,0,1,0,0,0,0,0,0,1,0,1,0,0,0,0,0,0,0,1,0,0
21,9.85,54,17.99,1,0.18,-43.97,0,1,1,0,0,0,0,0,1,0,0,0,0,0,1,0,0,0,0,0,0,0,0,1
63,6.37,48,13.99,5,0.13,-41.5,0,0,0,1,1,0,0,0,0,0,1,0,0,0,0,0,0,0,0,0,0,1,0,0
23,24.23,52,13.99,2,0.46,-27.31,0,1,0,1,0,0,0,0,0,0,0,1,0,0,0,1,0,0,1,0,0,0,0,0
57,52.8,0,8.99,2,52.8,105.6,0,1,0,0,0,1,0,0,0,0,0,0,1,0,0,0,1,0,0,0,0,0,1,0
63,15.77,2,8.99,4,5.26,19.03,0,1,0,0,0,1,0,0,0,0,0,0,1,0,0,0,1,0,0,1,0,0,0,0
69,13.94,32,8.99,1,0.42,-17.64,0,1,0,0,0,0,1,0,0,0,0,1,0,0,0,0,1,0,0,0,0,0,0,1
64,2.56,3,13.99,4,0.64,0.20000000000000018,0,0,0,1,0,0,1,0,0,1,0,0,0,0,1,0,0,0,1,0,0,0,0,0
65,1.55,1,13.99,2,0.78,1.33,1,0,0,1,1,0,0,0,0,1,0,0,0,0,1,0,0,0,0,0,1,0,0,0
32,4.46,40,17.99,1,0.11,-35.43,0,0,1,0,0,0,0,0,1,0,1,0,0,1,0,0,0,1,0,0,0,0,0,1
53,7.98,20,17.99,3,0.38,-11.639999999999999,1,0,1,0,0,1,0,0,0,0,0,0,0,0,0,0,0,0,0,0,0,0,0,0
23,9.6,54,13.99,4,0.17,-44.230000000000004,0,1,0,1,1,0,0,0,0,1,0,0,0,0,0,1,0,0,0,0,0,0,0,1
28,3.16,8,17.99,1,0.35,-4.49,0,0,1,0,0,1,0,0,0,0,0,0,1,1,0,0,0,0,0,0,1,0,0,1
69,1.85,33,17.99,2,0.05,-31.1,0,1,1,0,0,0,0,1,0,1,0,0,0,0,1,0,0,0,0,1,0,0,0,1
21,14.71,11,13.99,1,1.23,4.940000000000001,0,1,0,1,1,0,0,0,0,1,0,0,0,1,0,0,0,0,0,0,0,0,1,0
29,0.19,54,17.99,2,0.0,-53.81,0,0,1,0,0,1,0,0,0,0,1,0,0,0,0,0,1,0,0,1,0,0,0,1
21,20.0,22,17.99,5,0.87,-1.129999999999999,1,0,1,0,0,0,1,0,0,1,0,0,0,0,1,0,0,0,0,0,0,0,1,0
32,12.51,30,8.99,2,0.4,-17.09,1,0,0,0,0,0,0,0,1,0,1,0,0,0,0,0,1,0,0,0,0,1,0,0
47,26.18,8,13.99,1,2.91,21.09,1,0,0,1,0,0,1,0,0,0,0,1,0,0,1,0,0,0,0,0,0,0,0,0
66,12.19,24,13.99,1,0.49,-11.32,1,0,0,1,0,0,0,1,0,0,0,0,1,0,1,0,0,0,0,0,0,0,0,0
60,17.3,36,8.99,3,0.47,-18.23,1,0,0,0,0,1,0,0,0,0,0,0,1,0,0,1,0,0,0,1,0,0,0,1
18,17.83,37,17.99,4,0.47,-18.700000000000003,1,0,1,0,1,0,0,0,0,1,0,0,0,0,0,0,0,0,0,0,0,0,0,0
46,7.08,23,8.99,5,0.29,-15.629999999999999,1,0,0,0,1,0,0,0,0,0,0,0,0,0,0,0,0,0,0,0,0,0,0,0
25,22.64,14,17.99,2,1.51,10.150000000000002,1,0,1,0,0,0,0,0,0,0,0,0,0,0,0,0,1,0,0,0,1,0,0,0
51,26.04,8,8.99,1,2.89,20.93,1,0,0,0,0,0,0,0,1,1,0,0,0,0,0,0,0,0,0,0,0,1,0,0
39,12.07,15,17.99,1,0.75,-2.1799999999999997,0,0,1,0,0,0,0,0,1,0,0,0,0,0,1,0,0,0,1,0,0,0,0,0
69,6.06,30,8.99,4,0.2,-23.740000000000002,1,0,0,0,0,1,0,0,0,0,0,1,0,0,0,0,0,0,0,0,0,1,0,0
55,24.21,35,8.99,1,0.67,-10.119999999999997,0,0,0,0,0,0,0,1,0,1,0,0,0,0,0,0,1,0,0,1,0,0,0,0
20,3.19,53,13.99,4,0.06,-49.75,0,1,0,1,0,0,0,0,1,0,0,0,1,0,0,1,0,0,0,0,0,0,1,1
20,39.85,26,17.99,1,1.48,15.329999999999998,1,0,1,0,0,1,0,0,0,0,0,0,0,0,1,0,0,0,0,0,1,0,0,0
31,31.29,9,13.99,4,3.13,25.42,0,1,0,1,0,0,0,0,1,0,0,1,0,1,0,0,0,0,1,0,0,0,0,0
18,11.81,9,13.99,4,1.18,3.99,0,0,0,1,0,0,0,0,1,0,1,0,0,0,0,0,0,0,0,0,1,0,0,0
58,6.1,26,8.99,2,0.23,-19.67,0,1,0,0,0,0,0,1,0,0,0,0,1,0,0,0,0,1,0,0,0,0,0,0
37,26.5,12,17.99,5,2.04,16.54,0,1,1,0,0,0,0,0,1,0,0,0,1,0,1,0,0,0,0,1,0,0,0,0
23,10.77,23,13.99,3,0.45,-11.780000000000001,1,0,0,1,0,0,1,0,0,1,0,0,0,0,0,0,1,0,0,0,0,0,1,0
46,4.68,11,13.99,5,0.39,-5.930000000000001,0,0,0,1,0,0,0,0,0,0,0,0,1,0,0,1,0,1,0,0,0,0,0,1
22,17.8,54,13.99,1,0.32,-35.879999999999995,1,0,0,1,0,0,1,0,0,0,0,0,0,0,1,0,0,0,0,0,0,0,0,1
36,2.79,10,13.99,1,0.25,-6.96,0,1,0,1,0,1,0,0,0,0,0,0,0,0,0,1,0,0,0,0,0,0,1,1
51,8.6,9,17.99,1,0.86,0.4599999999999991,0,0,1,0,0,1,0,0,0,0,0,1,0,0,0,1,0,0,0,0,0,0,1,0
60,4.57,60,13.99,3,0.07,-55.36,0,1,0,1,0,0,0,1,0,0,0,1,0,0,0,1,0,0,0,0,0,1,0,1
37,2.43,6,13.99,5,0.35,-3.2199999999999998,1,0,0,1,0,0,1,0,0,0,0,0,1,1,0,0,0,0,0,0,0,1,0,0
55,43.73,28,13.99,4,1.51,17.239999999999995,1,0,0,1,0,0,1,0,0,1,0,0,0,0,0,0,1,0,0,0,1,0,0,0
22,21.47,51,17.99,3,0.41,-29.12,1,0,1,0,0,0,0,0,1,0,0,1,0,0,0,0,1,0,0,0,0,0,1,0
18,16.89,33,17.99,4,0.5,-15.61,0,1,1,0,0,0,0,0,1,1,0,0,0,0,1,0,0,0,0,0,0,1,0,0
46,2.96,33,17.99,5,0.09,-29.95,1,0,1,0,0,0,0,0,1,0,0,1,0,0,0,0,1,0,0,0,0,0,0,1
49,22.29,19,17.99,1,1.11,4.399999999999999,0,1,1,0,0,0,0,0,0,0,0,0,1,0,0,1,0,1,0,0,0,0,0,0
23,10.37,30,8.99,2,0.33,-19.3,1,0,0,0,0,0,0,1,0,0,0,0,1,0,0,0,1,0,0,1,0,0,0,0
24,21.04,10,8.99,2,1.91,12.95,0,0,0,0,0,0,0,1,0,0,0,0,1,0,0,1,0,0,0,0,0,0,0,0
31,8.02,28,13.99,5,0.28,-19.700000000000003,0,1,0,1,0,0,0,1,0,0,0,1,0,0,0,1,0,0,0,1,0,0,0,0
66,18.96,6,13.99,3,2.71,15.670000000000002,0,0,0,1,0,0,0,0,1,1,0,0,0,0,0,1,0,0,0,0,0,0,0,0
65,15.79,22,8.99,5,0.69,-5.52,0,1,0,0,0,0,0,0,1,0,1,0,0,0,1,0,0,0,0,0,0,0,1,0
64,15.26,48,8.99,1,0.31,-32.43,0,1,0,0,1,0,0,0,0,0,1,0,0,0,0,0,0,1,0,0,0,0,0,1
29,0.36,3,8.99,4,0.09,-2.55,0,0,0,0,1,0,0,0,0,0,1,0,0,0,1,0,0,0,0,0,1,0,0,1
55,20.71,7,17.99,5,2.59,16.3,0,0,1,0,0,0,1,0,0,0,1,0,0,0,1,0,0,0,0,0,0,0,1,0
62,11.99,7,8.99,2,1.5,6.49,1,0,0,0,0,1,0,0,0,0,0,1,0,0,0,0,1,0,0,0,0,1,0,0
59,0.75,6,8.99,3,0.11,-5.14,0,0,0,0,0,0,0,1,0,0,0,1,0,0,1,0,0,0,0,0,0,1,0,1
55,3.19,45,13.99,2,0.07,-41.74,0,1,0,1,0,0,0,0,1,0,1,0,0,0,0,1,0,1,0,0,0,0,0,1
52,1.92,0,17.99,4,1.92,3.84,1,0,1,0,0,0,1,0,0,0,0,1,0,0,1,0,0,0,0,0,0,0,0,0
26,2.04,59,8.99,5,0.03,-56.93,1,0,0,0,0,0,0,0,1,1,0,0,0,0,0,0,0,0,0,1,0,0,0,1
25,30.99,52,13.99,4,0.58,-20.430000000000003,1,0,0,1,0,1,0,0,0,0,0,1,0,0,0,1,0,0,0,0,1,0,0,0
33,20.06,32,8.99,3,0.61,-11.330000000000002,0,1,0,0,0,0,0,0,1,0,0,0,1,0,1,0,0,0,0,1,0,0,0,0
40,3.91,53,17.99,4,0.07,-49.02,0,0,1,0,0,1,0,0,0,0,1,0,0,0,0,0,1,0,0,0,0,0,0,1
55,1.98,25,17.99,2,0.08,-22.94,0,1,1,0,0,0,0,0,1,0,1,0,0,0,0,1,0,0,0,0,0,1,0,1
67,5.74,1,8.99,5,2.87,7.609999999999999,0,0,0,0,0,0,0,0,0,1,0,0,0,0,0,0,0,0,0,1,0,0,0,0
62,1.04,16,8.99,5,0.06,-14.9,0,0,0,0,0,0,1,0,0,0,1,0,0,0,0,0,0,1,0,0,0,0,0,1
69,3.47,58,13.99,3,0.06,-54.47,0,0,0,1,0,0,0,0,1,1,0,0,0,0,0,1,0,1,0,0,0,0,0,1
53,10.75,48,17.99,4,0.22,-37.03,0,0,1,0,0,0,0,0,1,0,1,0,0,0,0,0,1,0,0,0,0,0,1,0
20,14.05,12,8.99,2,1.08,3.130000000000001,1,0,0,0,1,0,0,0,0,0,1,0,0,0,0,1,0,0,0,0,0,1,0,0
60,10.71,53,17.99,1,0.2,-42.09,1,0,1,0,0,0,0,0,1,0,0,0,0,0,0,0,0,0,1,0,0,0,0,1
56,4.78,51,8.99,1,0.09,-46.13,0,1,0,0,0,0,0,1,0,0,0,0,0,0,0,1,0,0,0,0,0,1,0,1
65,4.11,41,17.99,2,0.1,-36.79,0,1,1,0,1,0,0,0,0,0,1,0,0,0,0,1,0,0,0,1,0,0,0,1
67,6.47,47,8.99,2,0.13,-40.4,1,0,0,0,0,1,0,0,0,0,0,1,0,0,0,0,1,0,0,0,0,0,1,1
58,10.29,26,8.99,1,0.38,-15.33,0,1,0,0,0,0,0,0,1,0,1,0,0,0,0,0,1,0,0,0,0,1,0,1
65,10.17,19,8.99,5,0.51,-8.32,0,0,0,0,1,0,0,0,0,0,1,0,0,0,1,0,0,0,1,0,0,0,0,0
63,22.9,11,8.99,1,1.91,13.809999999999999,0,0,0,0,0,1,0,0,0,0,0,1,0,0,0,0,0,0,0,0,0,1,0,0
38,8.36,1,17.99,2,4.18,11.54,0,1,1,0,0,0,0,0,1,0,0,1,0,0,0,1,0,0,0,1,0,0,0,0
31,11.96,6,8.99,4,1.71,7.670000000000002,1,0,0,0,0,0,0,0,0,1,0,0,0,0,0,0,1,0,0,0,0,0,1,0
23,3.04,48,13.99,2,0.06,-44.9,0,1,0,1,0,1,0,0,0,0,0,0,1,1,0,0,0,0,0,0,1,0,0,1
27,0.21,44,13.99,3,0.0,-43.79,0,0,0,1,0,0,0,0,0,0,1,0,0,0,0,1,0,0,1,0,0,0,0,1
46,5.62,58,8.99,4,0.1,-52.28,0,0,0,0,0,1,0,0,0,0,1,0,0,0,0,0,1,0,1,0,0,0,0,1
62,14.73,23,8.99,1,0.61,-7.66,1,0,0,0,0,0,0,0,0,0,0,0,0,1,0,0,0,0,0,0,0,1,0,0
25,21.23,10,8.99,1,1.93,13.16,0,0,0,0,0,0,0,0,0,1,0,0,0,0,1,0,0,0,0,0,1,0,0,0
24,0.65,34,17.99,4,0.02,-33.33,0,0,1,0,0,0,0,0,0,0,1,0,0,0,0,1,0,0,0,1,0,0,0,1
18,17.01,43,17.99,2,0.39,-25.599999999999998,0,1,1,0,0,0,0,0,1,0,0,0,0,0,0,0,1,0,0,1,0,0,0,1
45,15.57,24,17.99,4,0.62,-7.809999999999999,0,0,1,0,0,1,0,0,0,0,1,0,0,0,0,0,0,0,1,0,0,0,0,0
39,1.28,39,8.99,5,0.03,-37.69,0,1,0,0,0,0,0,0,1,0,0,0,0,0,0,0,0,0,1,0,0,0,0,1
27,2.95,30,17.99,2,0.1,-26.95,1,0,1,0,0,0,0,0,1,0,0,0,0,0,0,0,1,0,0,0,1,0,0,1
33,21.76,33,8.99,4,0.64,-10.599999999999998,0,0,0,0,1,0,0,0,0,1,0,0,0,1,0,0,0,0,0,0,0,0,0,0
57,16.85,33,17.99,1,0.5,-15.649999999999999,1,0,1,0,0,0,0,1,0,1,0,0,0,0,0,1,0,0,0,0,1,0,0,1
32,19.63,18,17.99,5,1.03,2.66,1,0,1,0,1,0,0,0,0,1,0,0,0,1,0,0,0,0,0,0,1,0,0,0
42,23.89,18,8.99,4,1.26,7.150000000000002,0,0,0,0,0,0,0,1,0,0,1,0,0,1,0,0,0,0,0,0,1,0,0,0
63,2.95,41,8.99,2,0.07,-37.98,0,0,0,0,0,0,0,0,1,1,0,0,0,0,0,0,1,0,0,0,0,1,0,1
61,30.44,60,8.99,2,0.5,-29.06,0,1,0,0,0,0,0,1,0,0,0,0,1,0,0,1,0,0,0,0,1,0,0,0
67,4.77,30,17.99,1,0.15,-25.08,1,0,1,0,0,0,1,0,0,0,0,0,0,0,1,0,0,0,0,0,0,0,0,1
46,20.57,43,13.99,3,0.47,-21.96,0,1,0,1,1,0,0,0,0,0,1,0,0,0,0,0,0,0,0,1,0,0,0,0
23,4.03,3,17.99,5,1.01,2.04,0,0,1,0,0,0,1,0,0,0,1,0,0,0,0,0,1,0,0,0,0,1,0,0
60,12.66,12,13.99,1,0.97,1.6300000000000008,0,1,0,1,1,0,0,0,0,0,0,0,0,0,1,0,0,0,0,0,0,1,0,0
58,11.16,31,8.99,1,0.35,-19.490000000000002,0,0,0,0,1,0,0,0,0,1,0,0,0,0,0,1,0,0,1,0,0,0,0,1
50,31.24,8,13.99,4,3.47,26.71,0,1,0,1,0,0,0,0,1,0,0,1,0,0,0,0,1,0,0,0,0,1,0,0
35,3.63,57,17.99,5,0.06,-53.31,0,1,1,0,0,1,0,0,0,1,0,0,0,0,0,0,0,0,0,0,0,0,1,1
18,5.19,37,8.99,1,0.14,-31.67,0,0,0,0,0,0,0,0,1,0,0,0,1,1,0,0,0,0,0,0,0,1,0,1
62,9.89,7,8.99,2,1.24,4.130000000000001,1,0,0,0,0,1,0,0,0,0,0,0,1,0,0,1,0,0,0,0,1,0,0,0
55,3.83,28,8.99,4,0.13,-24.04,1,0,0,0,0,1,0,0,0,0,0,0,0,0,0,0,0,0,0,0,0,0,1,1
53,3.65,2,13.99,4,1.22,2.87,1,0,0,1,1,0,0,0,0,1,0,0,0,0,0,0,1,0,0,0,0,1,0,0
27,1.29,22,17.99,5,0.06,-20.65,0,0,1,0,0,0,1,0,0,1,0,0,0,0,1,0,0,1,0,0,0,0,0,0
56,19.59,23,13.99,1,0.82,-2.59,0,1,0,1,0,0,1,0,0,0,1,0,0,0,1,0,0,1,0,0,0,0,0,0
51,4.52,59,17.99,3,0.08,-54.4,0,1,1,0,0,0,1,0,0,0,0,1,0,1,0,0,0,1,0,0,0,0,0,1
58,17.27,6,8.99,3,2.47,13.739999999999998,0,0,0,0,1,0,0,0,0,0,0,1,0,0,1,0,0,0,0,0,0,1,0,0
54,12.9,48,8.99,4,0.26,-34.84,0,1,0,0,0,0,0,0,0,0,0,0,1,0,0,1,0,0,0,0,0,0,0,1
38,18.33,21,13.99,5,0.83,-1.8400000000000034,0,1,0,1,0,0,0,0,0,0,0,0,0,0,0,1,0,1,0,0,0,0,0,0
21,10.77,24,8.99,2,0.43,-12.8,1,0,0,0,0,0,0,0,0,0,0,1,0,0,0,0,1,0,0,0,1,0,0,0
40,5.11,8,8.99,1,0.57,-2.3199999999999994,1,0,0,0,0,0,1,0,0,0,0,0,0,1,0,0,0,0,0,0,0,1,0,0
59,0.5,60,8.99,2,0.01,-59.49,1,0,0,0,0,0,1,0,0,0,0,0,1,0,0,0,0,0,0,0,0,0,1,1
62,33.77,31,17.99,4,1.06,3.8300000000000054,0,0,1,0,1,0,0,0,0,0,0,0,1,0,0,0,1,0,0,0,0,0,0,0
31,1.02,39,17.99,3,0.03,-37.95,0,0,1,0,0,0,0,1,0,1,0,0,0,1,0,0,0,0,0,1,0,0,0,1
27,30.11,3,17.99,3,7.53,34.64,0,1,1,0,0,0,0,0,0,0,1,0,0,1,0,0,0,0,0,0,0,1,0,0
51,7.8,59,17.99,2,0.13,-51.07,1,0,1,0,0,0,1,0,0,0,0,0,0,0,1,0,0,0,0,0,0,1,0,1
47,3.64,15,8.99,4,0.23,-11.129999999999999,0,1,0,0,0,0,0,1,0,0,1,0,0,1,0,0,0,0,0,1,0,0,0,1
42,16.37,45,17.99,4,0.36,-28.27,1,0,1,0,1,0,0,0,0,0,0,0,0,0,1,0,0,1,0,0,0,0,0,0
60,3.29,50,13.99,3,0.06,-46.65,0,1,0,1,0,0,0,0,1,0,0,1,0,1,0,0,0,0,0,0,1,0,0,1
19,1.98,26,17.99,4,0.07,-23.95,1,0,1,0,1,0,0,0,0,1,0,0,0,0,0,0,1,0,0,0,1,0,0,0
61,5.31,25,17.99,3,0.2,-19.490000000000002,1,0,1,0,0,1,0,0,0,1,0,0,0,0,0,1,0,0,0,0,0,0,1,0
68,41.2,30,17.99,5,1.33,12.530000000000001,0,0,1,0,0,0,0,1,0,0,0,0,1,0,0,1,0,1,0,0,0,0,0,0
44,1.05,18,13.99,3,0.06,-16.89,1,0,0,1,0,0,0,0,0,0,0,0,1,0,0,0,1,0,0,1,0,0,0,1
46,30.92,15,17.99,5,1.93,17.85,1,0,1,0,0,1,0,0,0,0,0,0,0,0,0,0,0,0,0,0,0,0,0,0
30,14.06,50,8.99,1,0.28,-35.66,0,1,0,0,0,0,1,0,0,1,0,0,0,0,0,1,0,0,1,0,0,0,0,1
60,0.27,35,8.99,2,0.01,-34.72,0,1,0,0,0,1,0,0,0,0,1,0,0,0,0,0,0,0,0,1,0,0,0,1
66,35.88,18,17.99,5,1.89,19.770000000000003,0,1,1,0,0,0,1,0,0,0,0,0,1,0,0,0,0,0,0,1,0,0,0,0
48,17.72,22,8.99,3,0.77,-3.5100000000000016,0,1,0,0,0,0,0,0,0,0,1,0,0,1,0,0,0,1,0,0,0,0,0,0
46,1.76,28,17.99,4,0.06,-26.18,0,1,1,0,0,0,0,1,0,0,0,0,0,0,0,0,0,0,1,0,0,0,0,0
66,30.91,51,17.99,1,0.59,-19.5,1,0,1,0,0,0,1,0,0,0,0,1,0,0,0,0,1,0,0,1,0,0,0,0
40,1.18,39,8.99,2,0.03,-37.79,1,0,0,0,1,0,0,0,0,0,0,0,1,0,1,0,0,0,0,0,0,0,1,1
35,5.0,48,8.99,1,0.1,-42.9,0,0,0,0,0,0,0,0,0,0,0,0,0,1,0,0,0,0,0,1,0,0,0,1
52,0.41,48,8.99,5,0.01,-47.58,1,0,0,0,0,1,0,0,0,0,0,1,0,0,0,0,0,0,1,0,0,0,0,1
24,8.96,34,13.99,2,0.26,-24.78,1,0,0,1,0,0,0,0,1,0,1,0,0,0,0,1,0,1,0,0,0,0,0,1
46,7.86,10,17.99,1,0.71,-1.4299999999999997,0,1,1,0,0,0,0,1,0,0,0,0,1,0,0,0,0,0,0,1,0,0,0,0
30,1.21,14,13.99,5,0.08,-12.71,0,0,0,1,0,1,0,0,0,0,0,1,0,1,0,0,0,0,0,1,0,0,0,1
36,0.05,25,8.99,4,0.0,-24.95,0,0,0,0,0,1,0,0,0,0,0,0,0,0,1,0,0,0,0,0,0,0,0,1
30,7.59,36,8.99,3,0.21,-28.2,0,0,0,0,0,0,0,1,0,0,1,0,0,0,0,0,0,0,0,0,1,0,0,1
26,22.41,15,8.99,4,1.4,8.809999999999999,1,0,0,0,0,0,0,0,1,0,0,0,1,0,0,1,0,0,0,0,0,0,0,0
46,13.15,57,17.99,5,0.23,-43.62,0,1,1,0,0,0,0,1,0,0,0,0,1,1,0,0,0,0,0,0,0,0,0,1
19,12.3,29,8.99,1,0.41,-16.29,1,0,0,0,0,0,0,1,0,0,0,0,0,0,1,0,0,0,0,1,0,0,0,1
33,29.76,50,8.99,3,0.58,-19.66,0,1,0,0,0,1,0,0,0,0,1,0,0,1,0,0,0,0,0,0,0,0,0,0
21,18.91,36,8.99,1,0.51,-16.58,0,1,0,0,1,0,0,0,0,0,0,0,0,0,1,0,0,0,0,0,1,0,0,1
69,5.93,39,13.99,5,0.15,-32.92,0,0,0,1,0,0,1,0,0,0,0,0,0,0,0,1,0,0,0,0,0,0,1,1
30,1.85,5,17.99,5,0.31,-2.84,0,0,1,0,0,1,0,0,0,1,0,0,0,0,1,0,0,0,0,1,0,0,0,0
23,28.57,55,8.99,3,0.51,-25.919999999999998,0,1,0,0,0,0,0,1,0,0,0,0,0,0,0,0,1,0,0,1,0,0,0,0
70,2.46,53,8.99,1,0.05,-50.49,0,0,0,0,0,0,0,0,1,1,0,0,0,1,0,0,0,0,0,1,0,0,0,1
62,22.77,47,8.99,5,0.47,-23.76,1,0,0,0,0,0,0,0,1,0,1,0,0,1,0,0,0,0,1,0,0,0,0,1
53,2.89,22,17.99,5,0.13,-18.98,0,0,1,0,0,0,0,0,1,0,1,0,0,0,0,0,1,0,1,0,0,0,0,0
63,15.02,11,17.99,2,1.25,5.27,0,1,1,0,0,0,1,0,0,0,0,1,0,0,0,0,1,1,0,0,0,0,0,0
55,7.28,12,13.99,1,0.56,-4.16,1,0,0,1,0,0,0,0,1,0,0,0,1,0,0,0,0,1,0,0,0,0,0,0
62,1.62,37,13.99,3,0.04,-35.34,0,0,0,1,0,0,1,0,0,0,0,1,0,1,0,0,0,0,0,0,1,0,0,1
21,12.34,19,17.99,3,0.62,-6.040000000000001,0,1,1,0,0,0,0,1,0,0,0,1,0,0,1,0,0,0,0,0,0,1,0,0
29,10.76,50,13.99,2,0.21,-39.03,1,0,0,1,0,0,0,0,1,0,1,0,0,0,0,0,1,0,0,1,0,0,0,1
22,13.72,59,17.99,5,0.23,-45.05,0,1,1,0,1,0,0,0,0,0,0,0,0,1,0,0,0,0,0,1,0,0,0,1
28,22.78,16,13.99,5,1.34,8.120000000000001,1,0,0,1,0,0,0,1,0,1,0,0,0,0,1,0,0,0,0,0,0,0,1,0
60,1.76,48,8.99,2,0.04,-46.2,0,0,0,0,0,0,1,0,0,0,0,1,0,0,1,0,0,0,0,0,0,0,1,1
29,14.85,10,17.99,1,1.35,6.199999999999999,1,0,1,0,1,0,0,0,0,0,0,0,1,0,0,0,0,0,0,0,1,0,0,0
63,0.75,46,8.99,3,0.02,-45.23,1,0,0,0,1,0,0,0,0,0,0,0,1,0,0,1,0,0,0,0,1,0,0,1
40,19.15,40,13.99,2,0.47,-20.380000000000003,0,1,0,1,1,0,0,0,0,1,0,0,0,0,1,0,0,0,0,0,1,0,0,1
54,5.57,53,13.99,5,0.1,-47.33,0,1,0,1,0,1,0,0,0,0,0,1,0,1,0,0,0,0,1,0,0,0,0,1
63,6.72,18,13.99,4,0.35,-10.93,0,1,0,1,0,1,0,0,0,0,0,0,1,0,0,0,0,0,1,0,0,0,0,0
31,14.07,52,8.99,3,0.27,-37.66,0,1,0,0,0,1,0,0,0,0,0,0,0,0,0,1,0,0,0,0,0,1,0,1
26,4.86,19,13.99,4,0.24,-13.899999999999999,0,1,0,1,0,0,0,0,1,0,1,0,0,0,0,0,1,0,0,1,0,0,0,0
18,1.82,46,8.99,3,0.04,-44.14,0,0,0,0,0,0,0,0,1,0,0,0,1,0,0,0,0,0,0,0,0,1,0,1
28,4.39,14,13.99,2,0.29,-9.32,0,0,0,1,0,0,1,0,0,0,0,0,1,0,1,0,0,0,0,0,0,1,0,1
46,3.37,18,13.99,5,0.18,-14.45,1,0,0,1,0,0,0,1,0,0,0,1,0,0,1,0,0,0,0,0,1,0,0,0
47,2.01,5,13.99,2,0.33,-2.66,1,0,0,1,0,0,1,0,0,1,0,0,0,0,0,0,0,0,1,0,0,0,0,0
47,6.54,55,8.99,2,0.12,-48.34,1,0,0,0,0,0,0,0,0,0,1,0,0,0,0,0,1,1,0,0,0,0,0,1
29,4.33,25,13.99,4,0.17,-20.5,0,1,0,1,0,1,0,0,0,0,1,0,0,0,0,0,0,0,0,0,0,1,0,0
70,32.62,26,13.99,1,1.21,7.829999999999998,0,1,0,1,0,0,0,0,0,0,0,1,0,1,0,0,0,0,0,0,0,0,1,0
26,11.35,37,17.99,2,0.3,-25.35,0,1,1,0,0,0,0,1,0,0,0,0,1,0,0,0,1,0,0,0,0,1,0,1
68,2.34,44,17.99,5,0.05,-41.61,1,0,1,0,0,0,0,1,0,1,0,0,0,0,0,1,0,0,0,1,0,0,0,1
18,13.51,53,8.99,4,0.25,-39.24,0,0,0,0,0,0,1,0,0,1,0,0,0,0,1,0,0,0,1,0,0,0,0,1
18,3.89,33,8.99,1,0.11,-29.0,0,1,0,0,0,1,0,0,0,0,0,0,1,0,1,0,0,0,0,0,0,0,0,1
29,8.48,39,8.99,5,0.21,-30.31,0,0,0,0,0,0,0,0,0,0,0,1,0,0,1,0,0,0,0,0,0,1,0,1
24,9.02,26,17.99,4,0.33,-16.65,1,0,1,0,0,0,1,0,0,0,0,0,0,0,1,0,0,0,0,0,0,0,1,0
29,53.2,49,13.99,5,1.06,5.260000000000005,0,1,0,1,0,0,0,0,1,1,0,0,0,1,0,0,0,0,0,0,0,0,1,0
37,4.98,30,8.99,4,0.16,-24.86,1,0,0,0,0,0,0,0,1,0,1,0,0,0,0,1,0,0,0,0,0,1,0,1
21,4.21,31,17.99,5,0.13,-26.66,0,1,1,0,0,1,0,0,0,1,0,0,0,0,0,1,0,0,1,0,0,0,0,1
65,16.1,10,8.99,3,1.46,7.560000000000002,0,1,0,0,0,0,1,0,0,0,0,0,1,1,0,0,0,0,0,0,0,0,1,0
44,4.89,35,8.99,3,0.14,-29.97,1,0,0,0,0,0,0,1,0,1,0,0,0,0,0,0,1,0,0,1,0,0,0,1
18,7.15,9,17.99,3,0.72,-1.13,0,1,1,0,0,1,0,0,0,1,0,0,0,0,1,0,0,1,0,0,0,0,0,0
55,0.12,22,8.99,4,0.01,-21.87,1,0,0,0,0,0,0,0,1,0,0,0,1,0,1,0,0,1,0,0,0,0,0,1
47,10.82,51,13.99,2,0.21,-39.97,0,1,0,1,0,1,0,0,0,0,1,0,0,0,0,0,0,1,0,0,0,0,0,1
47,2.57,60,17.99,3,0.04,-57.39,1,0,1,0,0,0,0,0,1,0,0,1,0,0,0,1,0,0,0,0,0,0,0,1
36,2.85,15,17.99,3,0.18,-11.969999999999999,0,1,1,0,0,0,0,0,0,0,0,0,1,0,0,0,1,1,0,0,0,0,0,1
70,8.6,37,17.99,3,0.23,-28.17,0,1,1,0,0,0,0,0,0,0,0,0,0,1,0,0,0,0,1,0,0,0,0,1
51,8.34,32,17.99,2,0.25,-23.41,0,0,1,0,1,0,0,0,0,0,0,1,0,1,0,0,0,0,0,0,0,1,0,1
48,20.69,43,13.99,2,0.47,-21.84,1,0,0,1,0,0,0,0,0,1,0,0,0,0,0,0,0,0,0,0,0,0,0,0
39,13.49,21,17.99,4,0.61,-6.9,0,1,1,0,0,0,0,0,1,0,0,0,1,0,0,0,0,0,0,1,0,0,0,0
33,0.93,4,13.99,1,0.19,-2.88,1,0,0,1,1,0,0,0,0,0,0,0,1,1,0,0,0,0,0,0,0,0,1,1
63,30.83,10,13.99,2,2.8,23.629999999999995,0,1,0,1,0,1,0,0,0,1,0,0,0,1,0,0,0,0,0,0,0,0,1,0
51,3.64,50,8.99,1,0.07,-46.29,0,1,0,0,0,0,0,0,1,0,0,1,0,0,1,0,0,0,0,0,0,0,0,1
21,13.77,45,13.99,1,0.3,-30.93,0,0,0,1,0,0,0,0,1,1,0,0,0,0,0,0,1,0,0,0,1,0,0,1
29,1.56,10,13.99,5,0.14,-8.3,0,0,0,1,0,1,0,0,0,0,0,0,1,0,0,1,0,0,0,0,1,0,0,1
52,10.14,49,13.99,4,0.2,-38.66,0,0,0,1,0,1,0,0,0,0,0,1,0,0,0,1,0,0,0,0,0,0,0,1
20,31.73,46,13.99,1,0.68,-13.589999999999996,0,1,0,1,0,0,0,0,0,0,0,0,1,0,0,0,0,0,0,1,0,0,0,0
48,6.63,10,8.99,2,0.6,-2.7700000000000005,0,1,0,0,0,0,0,0,1,0,0,0,1,0,0,0,1,0,1,0,0,0,0,0
25,1.84,5,8.99,5,0.31,-2.85,0,0,0,0,0,0,0,1,0,1,0,0,0,0,0,0,1,0,0,0,0,0,1,1
53,3.37,54,8.99,5,0.06,-50.57,1,0,0,0,0,0,0,0,1,0,0,0,0,0,0,0,1,1,0,0,0,0,0,1
27,5.32,54,13.99,4,0.1,-48.58,1,0,0,1,0,1,0,0,0,0,0,0,0,0,0,0,1,0,0,1,0,0,0,0
50,21.29,26,13.99,3,0.79,-3.9200000000000017,0,1,0,1,0,0,0,1,0,1,0,0,0,0,0,1,0,0,0,0,0,1,0,0
41,20.26,41,8.99,1,0.48,-20.259999999999998,0,1,0,0,0,0,0,0,0,1,0,0,0,1,0,0,0,0,1,0,0,0,0,1
47,4.1,52,13.99,1,0.08,-47.82,0,0,0,1,0,0,0,0,1,1,0,0,0,0,1,0,0,0,0,1,0,0,0,1
59,77.09,36,8.99,3,2.08,43.17,0,0,0,0,0,0,1,0,0,0,0,0,0,0,0,0,1,0,0,0,0,1,0,0
58,2.11,23,17.99,3,0.09,-20.8,1,0,1,0,0,0,0,0,0,0,0,1,0,0,1,0,0,0,1,0,0,0,0,1
24,12.65,23,17.99,3,0.53,-9.82,1,0,1,0,0,0,1,0,0,0,0,0,1,0,1,0,0,1,0,0,0,0,0,0
69,2.74,52,8.99,4,0.05,-49.21,1,0,0,0,0,0,0,1,0,0,1,0,0,0,1,0,0,0,0,0,0,0,0,1
54,8.52,10,8.99,4,0.77,-0.7100000000000009,0,1,0,0,1,0,0,0,0,0,0,1,0,0,0,0,0,0,0,0,0,0,0,0
48,18.21,35,17.99,2,0.51,-16.279999999999998,0,1,1,0,1,0,0,0,0,1,0,0,0,0,0,1,0,0,0,0,0,0,1,0
18,2.14,44,13.99,3,0.05,-41.81,0,0,0,1,0,0,1,0,0,0,0,0,0,0,0,1,0,1,0,0,0,0,0,1
27,6.49,46,13.99,3,0.14,-39.37,1,0,0,1,0,0,0,0,1,1,0,0,0,0,1,0,0,0,0,1,0,0,0,1
41,2.95,4,13.99,3,0.59,-0.45999999999999996,0,1,0,1,1,0,0,0,0,1,0,0,0,0,0,0,1,0,0,0,0,0,1,0
49,5.08,25,17.99,4,0.2,-19.72,1,0,1,0,0,0,0,1,0,1,0,0,0,0,0,0,1,0,0,0,1,0,0,0
45,1.92,46,8.99,4,0.04,-44.04,1,0,0,0,0,0,1,0,0,0,0,1,0,0,1,0,0,0,0,1,0,0,0,1
63,30.88,15,8.99,4,1.93,17.810000000000002,0,0,0,0,0,0,1,0,0,0,0,1,0,0,0,1,0,1,0,0,0,0,0,0
54,5.61,11,8.99,4,0.47,-4.92,0,0,0,0,0,1,0,0,0,0,1,0,0,0,0,0,1,0,0,0,0,0,1,0
38,12.85,23,13.99,5,0.54,-9.61,0,0,0,1,0,0,0,0,1,0,0,1,0,0,0,1,0,0,0,0,0,0,0,0
24,3.11,11,8.99,2,0.26,-7.63,0,0,0,0,1,0,0,0,0,0,0,0,1,0,0,0,0,0,0,0,0,0,1,1
41,53.7,15,13.99,5,3.36,42.06,0,0,0,1,0,0,1,0,0,0,0,0,0,0,0,0,1,0,0,0,0,0,1,0
26,20.49,53,13.99,5,0.38,-32.13,0,1,0,1,0,0,0,1,0,1,0,0,0,0,0,1,0,0,0,0,0,0,1,0
27,19.48,16,8.99,3,1.15,4.629999999999999,0,1,0,0,0,0,0,1,0,0,0,0,0,0,1,0,0,0,0,0,0,1,0,0
57,0.55,40,17.99,5,0.01,-39.44,1,0,1,0,0,0,0,1,0,0,0,0,0,0,0,0,0,0,0,0,0,0,1,1
47,0.46,1,8.99,1,0.23,-0.30999999999999994,0,0,0,0,1,0,0,0,0,0,0,1,0,0,0,0,0,1,0,0,0,0,0,1
46,6.19,60,13.99,3,0.1,-53.71,1,0,0,1,0,1,0,0,0,1,0,0,0,0,0,1,0,0,0,0,1,0,0,1
47,1.03,38,17.99,5,0.03,-36.94,0,1,1,0,0,0,1,0,0,0,0,0,1,1,0,0,0,1,0,0,0,0,0,1
23,17.54,40,13.99,5,0.43,-22.03,0,1,0,1,1,0,0,0,0,1,0,0,0,0,0,1,0,0,0,1,0,0,0,1
68,9.88,18,8.99,3,0.52,-7.6,0,0,0,0,0,0,0,0,0,0,0,0,0,0,0,1,0,0,0,0,0,0,0,0
19,13.21,31,13.99,2,0.41,-17.38,1,0,0,1,0,0,0,0,1,0,1,0,0,0,0,0,0,0,0,0,0,0,0,1
69,6.46,49,8.99,3,0.13,-42.41,1,0,0,0,0,1,0,0,0,0,1,0,0,0,1,0,0,0,1,0,0,0,0,1
29,11.42,16,13.99,5,0.67,-3.91,1,0,0,1,0,0,1,0,0,0,0,1,0,0,0,0,1,1,0,0,0,0,0,0
36,71.41,60,17.99,1,1.17,12.579999999999998,0,0,1,0,0,0,0,0,1,0,0,0,0,0,1,0,0,0,0,0,0,0,0,0
38,1.24,55,13.99,5,0.02,-53.74,0,1,0,1,0,1,0,0,0,0,0,1,0,0,0,0,0,0,0,0,1,0,0,1
38,10.71,20,13.99,3,0.51,-8.78,1,0,0,1,1,0,0,0,0,0,1,0,0,0,1,0,0,0,1,0,0,0,0,0
67,15.16,2,8.99,5,5.05,18.21,0,1,0,0,1,0,0,0,0,0,0,0,0,0,1,0,0,0,0,0,0,1,0,0
31,10.2,18,13.99,5,0.54,-7.260000000000002,0,1,0,1,1,0,0,0,0,0,0,0,0,0,0,1,0,1,0,0,0,0,0,0
53,5.54,40,13.99,3,0.14,-34.32,0,0,0,1,0,0,0,0,1,0,1,0,0,1,0,0,0,0,0,0,1,0,0,1
44,1.12,24,13.99,2,0.04,-22.84,0,1,0,1,0,1,0,0,0,0,0,1,0,0,0,1,0,0,1,0,0,0,0,1
20,0.79,23,13.99,4,0.03,-22.18,0,1,0,1,0,0,0,0,1,0,0,0,1,0,0,0,1,0,0,1,0,0,0,0
22,23.81,23,8.99,1,0.99,1.7999999999999972,1,0,0,0,0,0,0,0,0,0,0,0,0,0,0,0,1,1,0,0,0,0,0,0
69,25.85,15,17.99,3,1.62,12.470000000000002,0,1,1,0,0,0,0,0,0,0,0,1,0,0,1,0,0,1,0,0,0,0,0,0
29,9.08,39,8.99,5,0.23,-29.689999999999998,0,1,0,0,1,0,0,0,0,0,1,0,0,0,0,1,0,0,0,0,1,0,0,1
65,4.68,4,13.99,1,0.94,1.6199999999999992,0,1,0,1,1,0,0,0,0,0,0,1,0,0,0,1,0,0,0,1,0,0,0,0
40,0.88,1,17.99,2,0.44,0.32000000000000006,1,0,1,0,0,1,0,0,0,0,1,0,0,0,0,0,0,0,0,0,0,0,1,0
44,3.32,16,8.99,4,0.2,-12.48,1,0,0,0,0,0,0,0,1,0,0,0,0,0,0,1,0,0,1,0,0,0,0,1
21,4.07,56,17.99,4,0.07,-51.86,0,0,1,0,0,0,0,0,1,0,0,0,0,0,0,0,0,0,0,0,0,0,0,1
50,11.25,13,8.99,4,0.8,-0.9499999999999993,0,0,0,0,1,0,0,0,0,0,0,1,0,1,0,0,0,0,0,0,0,0,1,0
69,6.46,16,13.99,2,0.38,-9.16,0,1,0,1,0,0,0,1,0,0,0,1,0,0,1,0,0,0,0,1,0,0,0,0
31,4.83,15,8.99,4,0.3,-9.870000000000001,1,0,0,0,0,1,0,0,0,1,0,0,0,0,0,0,0,0,0,0,1,0,0,1
66,0.27,59,17.99,2,0.0,-58.73,0,1,1,0,0,0,1,0,0,0,0,0,1,0,0,1,0,0,1,0,0,0,0,1
64,22.59,24,17.99,4,0.9,-0.5100000000000016,0,0,1,0,0,0,0,0,1,0,0,1,0,0,0,0,0,0,0,0,0,1,0,0
69,13.4,11,17.99,3,1.12,3.5199999999999996,0,1,1,0,0,0,1,0,0,1,0,0,0,0,1,0,0,1,0,0,0,0,0,0
47,6.85,2,13.99,3,2.28,7.129999999999999,0,1,0,1,0,0,1,0,0,0,1,0,0,0,0,1,0,0,0,0,0,1,0,0
70,4.17,38,13.99,1,0.11,-33.72,1,0,0,1,0,0,0,0,1,0,0,0,1,0,0,0,1,0,0,0,0,0,1,1
44,29.87,6,13.99,3,4.27,28.14,1,0,0,1,0,0,0,0,0,0,1,0,0,0,0,1,0,0,0,1,0,0,0,0
67,1.63,58,13.99,3,0.03,-56.34,0,0,0,1,0,0,1,0,0,0,1,0,0,0,0,1,0,0,1,0,0,0,0,1
66,20.65,58,13.99,4,0.35,-37.0,0,1,0,1,0,0,1,0,0,0,0,0,0,0,0,0,1,0,1,0,0,0,0,0
57,11.09,9,17.99,3,1.11,3.1999999999999993,1,0,1,0,0,0,0,1,0,0,1,0,0,0,0,1,0,0,0,0,0,1,0,0
53,5.65,24,17.99,2,0.23,-18.119999999999997,0,0,1,0,1,0,0,0,0,0,0,0,1,0,0,0,0,0,0,0,0,0,1,0
67,17.44,3,8.99,3,4.36,18.8,1,0,0,0,0,0,0,0,1,1,0,0,0,0,0,0,0,0,0,0,0,1,0,0
35,3.65,42,13.99,1,0.08,-38.27,1,0,0,1,0,0,1,0,0,0,0,0,1,0,1,0,0,0,0,1,0,0,0,1
63,1.66,0,13.99,1,1.66,3.32,0,0,0,1,0,1,0,0,0,0,0,0,0,1,0,0,0,1,0,0,0,0,0,0
53,2.6,46,8.99,5,0.06,-43.34,0,0,0,0,0,1,0,0,0,0,0,0,0,0,0,1,0,0,0,0,0,0,1,1
24,2.48,19,17.99,2,0.12,-16.4,0,0,1,0,0,0,1,0,0,0,1,0,0,0,1,0,0,0,0,0,0,0,1,1
28,22.74,28,8.99,1,0.78,-4.48,0,1,0,0,0,0,0,0,1,0,0,1,0,0,0,1,0,0,0,0,0,0,1,0
69,27.12,3,17.99,5,6.78,30.9,1,0,1,0,1,0,0,0,0,0,0,1,0,0,0,0,0,0,0,1,0,0,0,0
58,5.87,37,8.99,5,0.15,-30.98,0,0,0,0,0,1,0,0,0,0,0,1,0,0,0,0,1,0,0,0,0,0,1,1
50,8.97,56,8.99,4,0.16,-46.87,0,1,0,0,1,0,0,0,0,1,0,0,0,0,0,0,0,1,0,0,0,0,0,1
24,3.74,38,8.99,4,0.1,-34.16,0,0,0,0,0,0,0,0,0,1,0,0,0,0,1,0,0,0,0,1,0,0,0,1
60,1.38,41,13.99,3,0.03,-39.59,1,0,0,1,0,0,0,0,0,1,0,0,0,0,1,0,0,0,0,1,0,0,0,1
52,8.9,23,8.99,1,0.37,-13.73,0,1,0,0,1,0,0,0,0,0,1,0,0,0,0,0,1,1,0,0,0,0,0,1
70,6.76,41,13.99,2,0.16,-34.08,0,1,0,1,1,0,0,0,0,0,0,0,1,1,0,0,0,0,0,0,1,0,0,1
24,5.25,28,8.99,4,0.18,-22.57,0,0,0,0,1,0,0,0,0,1,0,0,0,0,0,1,0,1,0,0,0,0,0,0
40,4.09,37,13.99,2,0.11,-32.8,1,0,0,1,0,0,1,0,0,0,1,0,0,0,0,1,0,0,0,0,0,0,1,1
28,13.38,23,8.99,1,0.56,-9.059999999999999,0,1,0,0,0,0,1,0,0,0,0,1,0,0,0,1,0,0,0,0,0,0,1,0
36,5.79,21,17.99,3,0.26,-14.95,0,1,1,0,0,0,1,0,0,1,0,0,0,0,0,1,0,0,0,0,1,0,0,0
39,4.19,47,13.99,2,0.09,-42.72,1,0,0,1,0,1,0,0,0,1,0,0,0,1,0,0,0,0,0,0,1,0,0,1
26,3.87,45,17.99,2,0.08,-41.05,0,0,1,0,1,0,0,0,0,0,0,1,0,0,0,1,0,0,1,0,0,0,0,1
25,6.49,14,17.99,1,0.43,-7.08,0,0,1,0,0,0,1,0,0,0,0,0,1,0,0,0,0,0,0,1,0,0,0,0
21,1.02,23,13.99,3,0.04,-21.94,1,0,0,1,1,0,0,0,0,0,0,0,1,0,0,0,1,0,1,0,0,0,0,1
46,9.09,60,8.99,1,0.15,-50.76,1,0,0,0,0,0,0,0,1,0,0,0,0,0,0,1,0,0,0,0,0,0,0,1
45,3.45,44,17.99,3,0.08,-40.47,0,0,1,0,0,0,0,0,1,0,0,0,1,1,0,0,0,0,0,0,0,0,0,1
54,10.91,37,13.99,5,0.29,-25.8,0,0,0,1,0,0,0,0,1,0,0,0,1,0,0,0,1,0,1,0,0,0,0,0
60,8.89,23,8.99,3,0.37,-13.74,0,1,0,0,0,1,0,0,0,0,0,1,0,1,0,0,0,0,0,0,0,1,0,1
39,9.96,22,8.99,5,0.43,-11.61,0,1,0,0,0,0,0,0,1,0,0,0,1,0,0,1,0,0,0,1,0,0,0,0
34,0.35,57,8.99,1,0.01,-56.64,1,0,0,0,1,0,0,0,0,0,0,1,0,0,0,1,0,1,0,0,0,0,0,1
52,10.08,46,8.99,5,0.21,-35.71,0,1,0,0,0,0,0,1,0,1,0,0,0,1,0,0,0,0,0,0,0,0,1,1
19,11.97,17,17.99,4,0.67,-4.359999999999999,0,0,1,0,0,0,1,0,0,0,0,0,0,0,0,0,1,0,0,0,0,0,0,0
21,0.66,5,13.99,1,0.11,-4.23,1,0,0,1,0,0,0,0,1,1,0,0,0,1,0,0,0,0,0,0,1,0,0,1
27,1.04,26,17.99,4,0.04,-24.92,1,0,1,0,0,0,1,0,0,1,0,0,0,0,0,0,1,0,1,0,0,0,0,0
66,18.23,38,17.99,2,0.47,-19.3,1,0,1,0,0,0,0,0,1,0,0,1,0,0,0,0,1,0,0,0,0,0,0,1
35,2.86,16,17.99,1,0.17,-12.97,0,1,1,0,0,0,0,1,0,0,1,0,0,0,1,0,0,1,0,0,0,0,0,1
35,3.52,24,13.99,5,0.14,-20.34,1,0,0,1,0,0,0,0,1,0,1,0,0,1,0,0,0,0,0,0,0,0,0,1
52,8.45,58,8.99,3,0.14,-49.41,0,1,0,0,0,0,0,1,0,0,0,1,0,0,0,0,1,0,1,0,0,0,0,1
57,0.69,24,17.99,5,0.03,-23.28,0,0,1,0,0,1,0,0,0,0,1,0,0,1,0,0,0,0,0,0,0,0,1,1
64,6.26,16,17.99,5,0.37,-9.370000000000001,0,1,1,0,0,0,1,0,0,0,1,0,0,0,1,0,0,0,0,1,0,0,0,0
31,21.84,44,8.99,2,0.49,-21.67,1,0,0,0,0,0,0,0,1,1,0,0,0,0,0,0,1,0,1,0,0,0,0,1
19,35.54,58,13.99,5,0.6,-21.86,0,0,0,1,0,1,0,0,0,0,0,1,0,0,1,0,0,0,1,0,0,0,0,0
36,12.74,58,17.99,2,0.22,-45.04,0,1,1,0,1,0,0,0,0,0,0,0,0,1,0,0,0,0,0,1,0,0,0,1
31,33.1,28,8.99,2,1.14,6.240000000000002,0,1,0,0,0,0,0,0,1,1,0,0,0,0,0,0,0,0,0,1,0,0,0,0
35,14.56,45,17.99,3,0.32,-30.119999999999997,0,1,1,0,0,0,0,1,0,0,0,1,0,1,0,0,0,0,0,0,0,1,0,1
65,6.14,58,17.99,4,0.1,-51.76,1,0,1,0,1,0,0,0,0,0,0,0,0,0,1,0,0,1,0,0,0,0,0,0
66,3.86,28,13.99,3,0.13,-24.01,1,0,0,1,0,0,0,0,0,1,0,0,0,0,0,0,1,0,0,0,0,0,1,1
36,0.19,5,8.99,2,0.03,-4.78,1,0,0,0,0,0,0,1,0,0,1,0,0,0,1,0,0,0,0,0,0,0,1,1
51,2.68,48,13.99,3,0.05,-45.27,0,1,0,1,1,0,0,0,0,1,0,0,0,1,0,0,0,1,0,0,0,0,0,1
52,20.8,33,8.99,2,0.61,-11.59,0,0,0,0,0,1,0,0,0,0,0,1,0,0,0,0,0,0,0,0,0,1,0,0
37,20.47,41,13.99,3,0.49,-20.040000000000003,1,0,0,1,0,0,0,0,1,1,0,0,0,0,0,0,1,0,1,0,0,0,0,0
28,6.56,30,13.99,4,0.21,-23.23,1,0,0,1,0,0,1,0,0,1,0,0,0,0,1,0,0,0,0,0,0,0,1,0
65,18.34,48,13.99,1,0.37,-29.29,0,0,0,1,0,1,0,0,0,0,1,0,0,0,1,0,0,0,0,0,0,0,0,1
44,1.45,18,8.99,4,0.08,-16.47,1,0,0,0,0,0,0,0,1,0,0,1,0,0,0,0,0,0,0,0,1,0,0,1
52,11.84,36,13.99,4,0.32,-23.84,1,0,0,1,0,1,0,0,0,0,0,0,1,0,0,0,0,0,0,0,1,0,0,0
40,14.88,12,8.99,3,1.14,4.02,0,1,0,0,0,0,0,1,0,0,0,0,1,0,1,0,0,0,0,0,0,0,1,0
35,11.54,41,13.99,4,0.27,-29.19,0,1,0,1,0,1,0,0,0,0,0,1,0,0,0,0,1,1,0,0,0,0,0,0
21,9.13,7,13.99,1,1.14,3.2700000000000014,0,0,0,1,0,0,0,0,0,1,0,0,0,0,1,0,0,0,0,1,0,0,0,0
36,3.85,46,17.99,2,0.08,-42.07,0,0,1,0,0,0,1,0,0,0,0,0,1,0,0,0,1,0,0,0,1,0,0,1
35,22.18,18,17.99,1,1.17,5.350000000000001,0,0,1,0,0,0,0,0,0,0,1,0,0,0,1,0,0,1,0,0,0,0,0,0
45,3.05,59,8.99,1,0.05,-55.9,1,0,0,0,0,0,1,0,0,0,0,0,1,0,0,0,0,0,0,0,0,0,0,1
51,5.54,26,13.99,4,0.21,-20.25,1,0,0,1,0,0,0,1,0,0,0,0,1,0,1,0,0,0,1,0,0,0,0,0
22,37.12,36,17.99,2,1.0,2.1199999999999974,1,0,1,0,0,1,0,0,0,0,0,0,0,0,1,0,0,0,0,0,0,0,1,0
59,4.06,9,8.99,5,0.41,-4.53,0,0,0,0,0,0,0,0,0,1,0,0,0,0,0,1,0,0,0,0,0,0,1,1
68,0.68,20,13.99,5,0.03,-19.29,0,1,0,1,0,1,0,0,0,0,0,1,0,0,0,0,1,1,0,0,0,0,0,0
25,13.34,49,8.99,1,0.27,-35.39,0,1,0,0,0,0,0,0,0,0,0,0,0,0,0,0,0,0,0,0,0,0,0,1
68,1.89,4,17.99,4,0.38,-1.73,0,1,1,0,0,0,0,0,1,1,0,0,0,0,0,0,0,0,1,0,0,0,0,0
60,2.79,9,17.99,5,0.28,-5.93,0,1,1,0,0,0,0,0,0,0,0,0,0,0,0,0,1,0,0,0,1,0,0,0
65,1.0,47,13.99,4,0.02,-45.98,1,0,0,1,1,0,0,0,0,0,1,0,0,0,0,0,0,0,0,0,0,0,1,1
28,17.43,36,17.99,3,0.47,-18.1,1,0,1,0,0,0,1,0,0,0,0,0,0,1,0,0,0,0,0,1,0,0,0,1
47,8.37,27,8.99,5,0.3,-18.33,0,1,0,0,0,1,0,0,0,0,0,0,1,0,0,1,0,1,0,0,0,0,0,0
64,12.3,16,13.99,3,0.72,-2.9799999999999986,0,0,0,1,0,1,0,0,0,0,0,0,1,0,0,0,1,1,0,0,0,0,0,0
30,3.31,29,13.99,1,0.11,-25.58,1,0,0,1,1,0,0,0,0,0,0,1,0,0,1,0,0,0,1,0,0,0,0,1
27,25.23,20,13.99,5,1.2,6.43,1,0,0,1,0,0,0,0,1,0,1,0,0,0,1,0,0,0,0,1,0,0,0,0
57,17.87,36,13.99,4,0.48,-17.65,1,0,0,1,0,0,0,0,0,0,0,0,1,0,0,0,1,0,0,0,0,0,0,0
66,3.01,4,13.99,2,0.6,-0.3900000000000001,0,0,0,1,0,0,0,0,0,0,0,0,1,0,0,0,0,1,0,0,0,0,0,0
21,13.63,3,17.99,1,3.41,14.04,0,1,1,0,1,0,0,0,0,1,0,0,0,1,0,0,0,1,0,0,0,0,0,0
51,18.53,30,13.99,3,0.6,-10.869999999999997,1,0,0,1,0,0,0,1,0,0,0,1,0,0,0,0,0,0,0,1,0,0,0,0
70,1.35,46,8.99,5,0.03,-44.62,1,0,0,0,0,0,0,1,0,0,1,0,0,0,0,1,0,1,0,0,0,0,0,1
22,18.97,55,17.99,2,0.34,-35.69,1,0,1,0,0,0,1,0,0,0,0,0,1,0,0,0,0,0,0,0,0,1,0,1
29,13.38,14,13.99,5,0.89,0.27000000000000135,1,0,0,1,0,0,1,0,0,0,0,1,0,0,0,0,1,0,0,0,1,0,0,0
22,25.13,1,13.99,2,12.56,36.69,0,1,0,1,0,0,0,0,0,0,0,0,0,0,0,1,0,0,0,0,0,1,0,0
33,0.44,17,17.99,4,0.02,-16.54,0,0,1,0,0,0,1,0,0,0,1,0,0,1,0,0,0,0,0,0,0,1,0,1
56,3.39,45,17.99,3,0.07,-41.54,0,1,1,0,0,0,0,1,0,0,0,0,1,0,1,0,0,0,0,1,0,0,0,1
21,20.67,38,8.99,1,0.53,-16.799999999999997,0,1,0,0,0,0,1,0,0,0,0,1,0,1,0,0,0,1,0,0,0,0,0,1
32,2.91,13,13.99,2,0.21,-9.879999999999999,1,0,0,1,0,0,0,0,0,0,0,0,1,1,0,0,0,0,0,0,0,1,0,1
22,0.63,9,13.99,3,0.06,-8.31,0,0,0,1,0,1,0,0,0,0,0,0,1,0,1,0,0,0,0,0,0,0,0,1
26,11.89,37,8.99,2,0.31,-24.799999999999997,0,1,0,0,0,0,0,0,1,0,0,0,1,0,0,0,0,0,0,0,0,1,0,1
63,0.81,13,17.99,5,0.06,-12.129999999999999,1,0,1,0,1,0,0,0,0,0,1,0,0,0,0,0,0,0,0,0,0,1,0,0
59,7.32,52,8.99,3,0.14,-44.54,1,0,0,0,0,1,0,0,0,1,0,0,0,0,0,0,1,0,0,0,0,1,0,1
44,14.26,20,13.99,1,0.68,-5.0600000000000005,0,1,0,1,0,0,1,0,0,1,0,0,0,0,0,0,1,0,0,0,0,0,1,0
59,1.7,54,17.99,3,0.03,-52.27,0,0,1,0,0,0,0,1,0,0,0,1,0,1,0,0,0,0,0,0,0,1,0,1
70,29.3,53,13.99,3,0.54,-23.16,1,0,0,1,1,0,0,0,0,1,0,0,0,0,0,0,1,0,0,1,0,0,0,0
36,15.58,43,13.99,4,0.35,-27.07,0,1,0,1,0,0,1,0,0,0,1,0,0,0,0,0,0,1,0,0,0,0,0,0
53,1.72,19,13.99,1,0.09,-17.19,0,0,0,1,1,0,0,0,0,0,0,1,0,0,0,0,0,0,0,0,1,0,0,1
35,14.46,44,17.99,1,0.32,-29.22,0,1,1,0,0,0,1,0,0,0,0,0,1,0,1,0,0,0,0,0,0,0,0,1
24,5.91,25,8.99,1,0.23,-18.86,1,0,0,0,0,0,0,1,0,1,0,0,0,0,0,0,1,0,0,0,0,0,0,1
68,6.53,6,8.99,4,0.93,1.46,0,1,0,0,0,1,0,0,0,1,0,0,0,0,0,0,1,0,1,0,0,0,0,0
40,4.26,49,13.99,4,0.09,-44.65,0,0,0,1,0,1,0,0,0,0,0,1,0,0,1,0,0,0,1,0,0,0,0,1
36,22.43,2,8.99,4,7.48,27.91,0,1,0,0,0,0,0,0,1,0,0,0,1,1,0,0,0,0,0,0,0,1,0,0
70,23.08,25,8.99,3,0.89,-1.0300000000000011,0,1,0,0,0,0,0,0,1,0,0,1,0,0,1,0,0,1,0,0,0,0,0,0
68,0.2,32,17.99,1,0.01,-31.79,0,0,1,0,0,0,1,0,0,1,0,0,0,1,0,0,0,0,0,0,1,0,0,1
23,6.27,52,8.99,5,0.12,-45.61,0,1,0,0,0,1,0,0,0,1,0,0,0,0,0,1,0,0,0,0,0,0,1,1
68,1.67,18,17.99,3,0.09,-16.24,0,1,1,0,0,0,0,0,0,0,1,0,0,0,0,0,1,0,0,0,0,1,0,1
19,0.93,26,13.99,3,0.03,-25.04,0,0,0,1,0,0,1,0,0,1,0,0,0,0,1,0,0,0,0,0,0,0,0,1
62,4.25,40,17.99,2,0.1,-35.65,1,0,1,0,1,0,0,0,0,0,1,0,0,0,0,0,0,1,0,0,0,0,0,1
60,11.15,49,17.99,5,0.22,-37.629999999999995,0,0,1,0,0,0,0,0,1,0,0,0,0,1,0,0,0,0,0,0,0,1,0,1
31,21.92,54,17.99,3,0.4,-31.68,0,1,1,0,1,0,0,0,0,0,0,1,0,0,0,0,1,0,1,0,0,0,0,0
31,3.81,39,17.99,1,0.1,-35.09,1,0,1,0,1,0,0,0,0,0,0,1,0,1,0,0,0,0,1,0,0,0,0,1
37,0.02,10,13.99,5,0.0,-9.98,1,0,0,1,0,1,0,0,0,0,0,1,0,0,0,0,1,0,0,0,0,0,1,0
20,16.64,40,17.99,3,0.41,-22.95,0,1,1,0,0,1,0,0,0,0,0,0,0,0,0,1,0,0,0,1,0,0,0,1
36,3.24,53,17.99,1,0.06,-49.7,1,0,1,0,0,0,0,0,1,0,0,0,0,0,0,0,1,0,0,1,0,0,0,1
43,11.97,57,17.99,2,0.21,-44.82,1,0,1,0,1,0,0,0,0,0,0,0,1,0,1,0,0,0,0,1,0,0,0,1
25,2.53,25,8.99,1,0.1,-22.37,0,0,0,0,0,0,1,0,0,0,0,0,0,0,1,0,0,0,1,0,0,0,0,1
50,8.43,16,13.99,3,0.5,-7.07,0,0,0,1,0,1,0,0,0,0,0,1,0,0,0,0,1,0,1,0,0,0,0,0
70,3.19,24,17.99,2,0.13,-20.68,1,0,1,0,1,0,0,0,0,0,0,0,0,1,0,0,0,0,0,0,0,0,1,1
47,9.82,55,17.99,5,0.18,-45.0,1,0,1,0,0,0,1,0,0,0,1,0,0,0,1,0,0,0,0,1,0,0,0,0
42,1.52,48,8.99,5,0.03,-46.45,0,0,0,0,0,0,0,0,0,0,0,0,1,0,1,0,0,0,0,0,0,1,0,1
57,24.49,46,17.99,4,0.52,-20.990000000000002,1,0,1,0,0,0,0,1,0,0,0,1,0,0,0,1,0,0,0,0,0,0,0,0
69,3.35,5,13.99,4,0.56,-1.0899999999999999,0,0,0,1,0,1,0,0,0,1,0,0,0,0,0,1,0,0,0,0,0,0,0,0
55,1.2,32,17.99,4,0.04,-30.76,1,0,1,0,0,1,0,0,0,0,0,0,0,0,0,0,0,0,0,1,0,0,0,1
40,4.68,5,17.99,4,0.78,0.45999999999999996,1,0,1,0,0,1,0,0,0,0,0,0,1,0,1,0,0,0,0,0,1,0,0,0
52,17.26,58,13.99,4,0.29,-40.45,1,0,0,1,0,0,1,0,0,0,1,0,0,1,0,0,0,1,0,0,0,0,0,1
49,11.88,41,13.99,4,0.28,-28.84,0,0,0,1,1,0,0,0,0,0,0,0,0,0,0,0,0,0,0,0,1,0,0,0
61,4.58,33,17.99,4,0.13,-28.29,0,1,1,0,0,1,0,0,0,0,1,0,0,0,0,1,0,1,0,0,0,0,0,1
63,3.98,43,17.99,2,0.09,-38.93,0,1,1,0,1,0,0,0,0,1,0,0,0,0,0,0,1,0,0,0,1,0,0,1
66,8.68,50,8.99,3,0.17,-41.15,1,0,0,0,0,0,0,1,0,0,1,0,0,0,0,0,1,0,0,0,0,0,1,1
65,10.55,25,17.99,5,0.41,-14.04,0,0,1,0,0,0,0,0,0,1,0,0,0,0,0,1,0,0,0,1,0,0,0,0
47,0.55,40,13.99,3,0.01,-39.44,0,0,0,1,1,0,0,0,0,0,0,1,0,0,0,0,1,0,0,0,1,0,0,1
47,4.69,46,8.99,2,0.1,-41.21,0,0,0,0,0,1,0,0,0,1,0,0,0,1,0,0,0,0,0,0,0,0,1,1
45,26.82,41,13.99,5,0.64,-13.54,0,1,0,1,0,0,0,1,0,0,1,0,0,0,0,0,0,0,0,0,0,1,0,0
68,3.07,49,8.99,3,0.06,-45.87,0,0,0,0,0,0,0,0,1,1,0,0,0,0,0,0,0,0,0,0,0,1,0,1
70,25.23,7,13.99,3,3.15,21.38,0,1,0,1,0,0,0,1,0,1,0,0,0,0,0,1,0,1,0,0,0,0,0,0
48,0.31,37,8.99,2,0.01,-36.68,1,0,0,0,1,0,0,0,0,0,1,0,0,1,0,0,0,0,0,0,0,0,0,1
26,28.65,15,8.99,4,1.79,15.439999999999998,0,0,0,0,0,1,0,0,0,1,0,0,0,0,0,0,0,0,1,0,0,0,0,0
66,5.17,18,17.99,3,0.27,-12.56,1,0,1,0,0,0,1,0,0,1,0,0,0,0,0,1,0,0,0,1,0,0,0,0
34,1.82,60,8.99,1,0.03,-58.15,1,0,0,0,0,0,1,0,0,0,1,0,0,0,1,0,0,0,0,0,0,1,0,1
48,34.5,42,8.99,5,0.8,-6.700000000000003,1,0,0,0,0,0,1,0,0,0,1,0,0,0,0,1,0,0,1,0,0,0,0,0
68,18.07,1,13.99,3,9.04,26.11,0,0,0,1,1,0,0,0,0,0,0,1,0,1,0,0,0,0,0,0,1,0,0,0
36,15.05,37,13.99,2,0.4,-21.549999999999997,1,0,0,1,0,0,0,0,0,0,0,0,0,1,0,0,0,0,0,0,0,1,0,1
67,10.82,53,8.99,5,0.2,-41.980000000000004,0,1,0,0,0,0,0,0,1,0,0,1,0,0,0,1,0,0,0,0,0,0,1,1
22,4.84,32,13.99,3,0.15,-27.009999999999998,1,0,0,1,0,0,0,0,1,0,1,0,0,0,1,0,0,0,0,0,0,0,0,1
45,9.31,51,8.99,2,0.18,-41.51,1,0,0,0,0,0,0,0,0,0,0,0,1,0,0,0,1,0,0,0,0,1,0,1
61,2.27,27,13.99,3,0.08,-24.65,0,0,0,1,0,0,0,1,0,0,0,0,0,0,0,0,0,0,1,0,0,0,0,1
70,18.73,41,17.99,4,0.45,-21.82,0,1,1,0,1,0,0,0,0,1,0,0,0,1,0,0,0,0,0,0,0,1,0,1
35,16.78,15,17.99,2,1.05,2.830000000000002,1,0,1,0,0,0,0,1,0,1,0,0,0,0,0,0,1,0,1,0,0,0,0,0
37,24.82,46,8.99,2,0.53,-20.65,0,1,0,0,0,0,1,0,0,0,0,1,0,1,0,0,0,0,0,0,0,1,0,0
54,11.6,33,17.99,4,0.34,-21.060000000000002,0,0,1,0,0,0,0,0,0,0,0,1,0,0,0,1,0,0,0,0,1,0,0,1
61,16.1,0,8.99,1,16.1,32.2,1,0,0,0,0,0,0,1,0,0,0,1,0,0,1,0,0,0,0,0,0,0,0,0
20,12.66,8,8.99,5,1.41,6.07,0,0,0,0,0,0,0,0,0,0,0,1,0,0,0,0,1,1,0,0,0,0,0,0
19,4.03,20,8.99,5,0.19,-15.78,1,0,0,0,0,0,0,0,1,1,0,0,0,0,0,1,0,0,0,1,0,0,0,1
18,5.81,49,13.99,2,0.12,-43.07,0,0,0,1,0,1,0,0,0,1,0,0,0,0,0,0,1,0,0,0,0,0,1,1
47,3.5,32,13.99,1,0.11,-28.39,0,1,0,1,0,1,0,0,0,0,0,0,1,1,0,0,0,0,0,0,0,0,1,1
37,0.83,45,17.99,4,0.02,-44.15,0,0,1,0,0,1,0,0,0,0,0,1,0,0,1,0,0,0,1,0,0,0,0,1
65,5.46,55,13.99,2,0.1,-49.44,1,0,0,1,0,0,0,0,1,0,0,0,1,0,0,0,1,0,0,0,0,0,1,1
26,19.48,16,17.99,5,1.15,4.629999999999999,0,1,1,0,0,0,0,0,1,0,0,0,0,1,0,0,0,0,0,0,0,1,0,0
38,8.81,17,8.99,4,0.49,-7.699999999999999,0,1,0,0,0,0,0,0,0,0,1,0,0,0,1,0,0,0,0,0,0,1,0,0
67,4.2,3,17.99,5,1.05,2.25,0,0,1,0,0,0,0,0,1,0,0,0,0,1,0,0,0,0,0,0,0,0,0,0
20,11.97,2,13.99,5,3.99,13.96,0,1,0,1,0,0,0,0,0,0,1,0,0,1,0,0,0,1,0,0,0,0,0,0
38,4.06,26,13.99,5,0.15,-21.79,0,0,0,1,0,0,0,0,1,0,0,0,0,1,0,0,0,1,0,0,0,0,0,1
59,7.97,11,8.99,1,0.66,-2.370000000000001,0,1,0,0,1,0,0,0,0,0,0,1,0,1,0,0,0,0,0,0,0,0,0,0
37,8.02,53,17.99,4,0.15,-44.83,1,0,1,0,0,0,1,0,0,0,0,0,1,0,0,1,0,1,0,0,0,0,0,1
54,2.79,1,13.99,1,1.4,3.1899999999999995,0,1,0,1,0,0,0,0,1,0,0,1,0,0,0,0,0,0,0,0,0,0,0,0
24,11.33,47,13.99,3,0.24,-35.43,0,0,0,1,0,0,1,0,0,0,1,0,0,0,0,0,0,1,0,0,0,0,0,1
69,20.29,37,17.99,5,0.53,-16.18,1,0,1,0,0,0,1,0,0,0,0,1,0,0,1,0,0,0,0,0,1,0,0,0
24,9.13,10,8.99,4,0.83,-0.03999999999999915,0,0,0,0,1,0,0,0,0,1,0,0,0,0,1,0,0,0,1,0,0,0,0,0
58,13.23,18,13.99,5,0.7,-4.07,0,1,0,1,1,0,0,0,0,1,0,0,0,0,1,0,0,1,0,0,0,0,0,0
44,13.56,14,17.99,1,0.9,0.46000000000000085,1,0,1,0,1,0,0,0,0,0,0,0,0,0,1,0,0,0,1,0,0,0,0,0
50,30.53,31,13.99,5,0.95,0.4800000000000004,1,0,0,1,0,0,1,0,0,0,0,0,0,0,0,1,0,0,0,0,0,0,0,0
66,14.15,14,17.99,1,0.94,1.0899999999999999,0,1,1,0,0,0,0,0,1,0,1,0,0,0,0,0,1,0,0,0,0,0,0,0
40,24.02,23,8.99,5,1.0,2.0199999999999996,0,1,0,0,1,0,0,0,0,1,0,0,0,0,0,0,1,0,1,0,0,0,0,0
25,7.35,41,13.99,1,0.17,-33.480000000000004,1,0,0,1,1,0,0,0,0,0,0,1,0,0,0,0,0,0,1,0,0,0,0,1
31,3.89,0,8.99,3,3.89,7.78,0,0,0,0,0,0,0,1,0,1,0,0,0,0,0,0,0,0,0,0,0,1,0,0
61,4.14,30,13.99,2,0.13,-25.73,1,0,0,1,1,0,0,0,0,1,0,0,0,0,0,0,0,0,0,1,0,0,0,1
36,6.54,28,8.99,5,0.23,-21.23,1,0,0,0,0,0,0,1,0,1,0,0,0,0,1,0,0,0,0,0,0,0,0,0
60,6.23,19,13.99,5,0.31,-12.46,1,0,0,1,0,0,0,0,1,0,0,0,0,0,0,0,1,0,1,0,0,0,0,0
54,6.26,51,17.99,3,0.12,-44.62,1,0,1,0,0,0,0,0,1,0,0,0,0,0,0,1,0,0,0,0,1,0,0,1
57,7.79,46,17.99,5,0.17,-38.04,1,0,1,0,0,1,0,0,0,0,0,1,0,1,0,0,0,0,1,0,0,0,0,1
20,1.0,32,8.99,2,0.03,-30.97,0,0,0,0,0,0,0,0,0,0,0,0,1,0,0,0,0,0,0,0,0,1,0,1
18,9.29,52,13.99,2,0.18,-42.53,0,0,0,1,1,0,0,0,0,0,1,0,0,0,0,0,1,0,0,0,1,0,0,1
57,3.31,57,8.99,2,0.06,-53.63,1,0,0,0,0,1,0,0,0,0,1,0,0,0,0,1,0,0,0,1,0,0,0,1
33,19.28,19,13.99,4,0.96,1.240000000000002,0,0,0,1,0,0,1,0,0,0,0,0,1,0,0,0,0,0,0,0,0,0,1,0
68,23.8,4,17.99,2,4.76,24.560000000000002,0,0,1,0,0,0,0,1,0,0,0,0,1,1,0,0,0,0,0,0,0,0,1,0
66,7.68,15,17.99,4,0.48,-6.84,0,0,1,0,0,0,0,0,1,0,0,0,1,1,0,0,0,0,0,1,0,0,0,0
30,6.54,20,8.99,1,0.31,-13.15,1,0,0,0,0,0,1,0,0,0,0,0,1,0,1,0,0,0,0,1,0,0,0,1
38,7.92,18,8.99,1,0.42,-9.66,0,0,0,0,0,0,0,0,1,0,0,1,0,1,0,0,0,0,0,0,0,0,1,1
55,4.36,52,17.99,2,0.08,-47.56,0,1,1,0,0,0,0,1,0,0,0,0,0,1,0,0,0,1,0,0,0,0,0,1
31,11.88,56,8.99,5,0.21,-43.91,1,0,0,0,0,0,0,0,0,0,0,0,1,0,1,0,0,0,0,0,0,0,1,1
33,0.06,53,17.99,3,0.0,-52.94,0,0,1,0,0,0,1,0,0,0,0,0,0,0,0,0,1,0,0,0,1,0,0,1
63,18.49,13,13.99,1,1.32,6.809999999999999,0,0,0,1,0,1,0,0,0,0,0,1,0,0,0,0,1,0,0,1,0,0,0,0
45,6.87,11,8.99,3,0.57,-3.5599999999999996,0,1,0,0,0,1,0,0,0,1,0,0,0,0,1,0,0,0,0,1,0,0,0,0
24,0.75,26,8.99,2,0.03,-25.22,1,0,0,0,0,0,1,0,0,1,0,0,0,0,0,1,0,0,0,1,0,0,0,1
35,8.87,10,8.99,2,0.81,-0.3200000000000003,0,1,0,0,0,0,0,1,0,1,0,0,0,0,0,0,0,0,0,1,0,0,0,0
69,21.53,7,8.99,3,2.69,17.220000000000002,1,0,0,0,0,0,1,0,0,1,0,0,0,1,0,0,0,1,0,0,0,0,0,0
50,7.54,18,13.99,4,0.4,-10.059999999999999,0,1,0,1,0,0,0,0,1,0,0,0,0,0,0,0,0,0,0,0,0,0,0,0
69,6.95,54,17.99,5,0.13,-46.92,0,0,1,0,0,1,0,0,0,0,0,0,0,0,1,0,0,0,0,0,0,0,0,0
37,58.79,27,17.99,3,2.1,33.89,0,1,1,0,0,0,1,0,0,0,1,0,0,1,0,0,0,0,0,1,0,0,0,0
50,18.87,28,8.99,4,0.65,-8.48,0,1,0,0,0,0,0,1,0,0,1,0,0,1,0,0,0,0,0,0,0,0,0,0
56,0.12,10,17.99,4,0.01,-9.87,0,1,1,0,0,0,0,1,0,1,0,0,0,1,0,0,0,0,0,0,1,0,0,1
29,17.11,5,17.99,1,2.85,14.96,0,0,1,0,0,0,0,0,1,0,1,0,0,1,0,0,0,0,0,0,1,0,0,0
48,3.88,17,8.99,1,0.22,-12.9,1,0,0,0,0,0,0,0,1,0,1,0,0,0,1,0,0,0,0,0,0,0,0,1
28,9.22,44,17.99,3,0.2,-34.58,1,0,1,0,0,1,0,0,0,0,0,0,0,0,0,0,0,0,0,1,0,0,0,1
19,1.86,13,13.99,4,0.13,-11.01,0,1,0,1,1,0,0,0,0,1,0,0,0,0,0,0,1,0,1,0,0,0,0,0
35,5.16,17,13.99,4,0.29,-11.55,0,1,0,1,0,0,0,1,0,0,1,0,0,0,0,0,0,1,0,0,0,0,0,0
51,1.5,34,8.99,2,0.04,-32.46,0,1,0,0,0,0,0,0,1,0,0,1,0,1,0,0,0,0,1,0,0,0,0,1
66,5.73,58,17.99,1,0.1,-52.17,1,0,1,0,0,1,0,0,0,0,0,0,0,0,0,0,1,0,0,0,0,0,0,1
55,10.19,5,8.99,3,1.7,6.889999999999999,1,0,0,0,0,1,0,0,0,0,0,0,0,0,0,0,1,0,0,0,0,0,0,0
63,6.81,18,8.99,4,0.36,-10.83,1,0,0,0,0,1,0,0,0,0,0,1,0,0,0,1,0,1,0,0,0,0,0,0
27,6.78,4,17.99,3,1.36,4.140000000000001,0,1,1,0,0,0,0,0,1,0,1,0,0,0,0,0,1,0,0,1,0,0,0,0
34,1.92,31,13.99,1,0.06,-29.02,0,1,0,1,0,0,0,1,0,0,0,1,0,0,0,0,1,0,0,0,0,0,0,1
39,8.6,37,13.99,4,0.23,-28.17,0,1,0,1,0,1,0,0,0,0,1,0,0,0,0,0,0,0,0,0,0,0,0,0
34,4.06,44,13.99,1,0.09,-39.85,0,0,0,1,0,1,0,0,0,0,0,0,1,0,0,0,1,0,0,1,0,0,0,1
24,30.49,39,13.99,1,0.76,-7.75,0,0,0,1,0,0,1,0,0,0,0,1,0,0,0,0,1,0,0,0,0,0,1,0
33,6.73,46,8.99,2,0.14,-39.13,0,0,0,0,0,0,0,0,1,0,0,0,0,0,0,0,0,0,0,1,0,0,0,1
62,0.9,22,8.99,4,0.04,-21.06,1,0,0,0,0,0,0,0,1,0,0,0,1,0,1,0,0,0,0,0,0,1,0,1
51,7.61,23,8.99,3,0.32,-15.07,0,0,0,0,0,0,0,0,1,0,0,0,1,0,0,1,0,1,0,0,0,0,0,1
48,7.52,48,8.99,3,0.15,-40.33,1,0,0,0,1,0,0,0,0,0,0,0,0,0,1,0,0,0,0,0,0,1,0,1
20,6.94,45,17.99,1,0.15,-37.91,1,0,1,0,0,0,0,0,1,0,1,0,0,0,0,0,0,1,0,0,0,0,0,1
44,0.62,22,17.99,2,0.03,-21.35,1,0,1,0,0,0,0,0,0,0,0,0,1,0,0,0,1,0,1,0,0,0,0,1
62,79.18,18,8.99,3,4.17,65.35000000000001,0,0,0,0,0,1,0,0,0,0,0,1,0,0,0,0,0,0,1,0,0,0,0,0
41,5.65,57,8.99,5,0.1,-51.25,0,1,0,0,0,0,0,0,0,0,0,0,1,0,1,0,0,1,0,0,0,0,0,1
51,1.37,60,17.99,4,0.02,-58.61,0,1,1,0,0,0,0,0,1,0,0,0,1,0,0,0,1,0,0,0,0,0,0,1
39,17.67,13,13.99,3,1.26,5.930000000000003,0,0,0,1,0,1,0,0,0,0,0,0,1,0,1,0,0,0,0,0,0,1,0,0
52,9.57,25,8.99,5,0.37,-15.06,0,1,0,0,0,0,0,0,1,0,0,1,0,0,1,0,0,0,0,0,1,0,0,0
22,2.14,52,17.99,2,0.04,-49.82,1,0,1,0,0,0,0,1,0,0,0,1,0,0,0,0,1,0,0,0,1,0,0,1
23,8.23,23,8.99,1,0.34,-14.43,0,0,0,0,0,0,0,1,0,0,0,0,0,0,0,0,1,0,0,0,0,0,0,1
44,24.96,35,8.99,2,0.69,-9.349999999999998,1,0,0,0,0,1,0,0,0,0,0,1,0,1,0,0,0,0,1,0,0,0,0,0
58,2.53,54,13.99,5,0.05,-51.42,0,0,0,1,0,1,0,0,0,0,0,0,0,0,0,1,0,0,0,0,0,0,1,1
37,5.08,40,13.99,4,0.12,-34.8,1,0,0,1,0,0,0,0,0,1,0,0,0,0,0,0,1,0,1,0,0,0,0,0
62,7.36,45,13.99,2,0.16,-37.48,0,1,0,1,0,0,0,0,0,1,0,0,0,0,0,0,1,0,0,0,1,0,0,1
22,8.01,26,8.99,1,0.3,-17.689999999999998,0,0,0,0,0,1,0,0,0,0,0,0,1,0,0,0,1,0,0,1,0,0,0,1
59,1.86,40,13.99,5,0.05,-38.09,1,0,0,1,0,0,0,0,1,1,0,0,0,1,0,0,0,0,0,1,0,0,0,1
67,7.94,52,17.99,1,0.15,-43.91,1,0,1,0,0,0,0,0,1,0,0,0,1,1,0,0,0,0,0,0,1,0,0,1
63,1.84,15,8.99,3,0.12,-13.04,0,0,0,0,0,0,0,0,1,0,0,0,0,0,1,0,0,0,0,0,0,0,0,1
23,1.04,59,8.99,4,0.02,-57.94,0,1,0,0,0,0,0,0,1,0,0,0,1,0,0,0,0,1,0,0,0,0,0,1
68,24.34,16,8.99,5,1.43,9.77,1,0,0,0,0,0,0,1,0,0,0,0,0,0,0,0,0,0,1,0,0,0,0,0
42,0.02,38,13.99,3,0.0,-37.98,0,1,0,1,0,1,0,0,0,0,0,0,0,1,0,0,0,0,0,0,0,1,0,1
61,6.27,42,17.99,1,0.15,-35.58,0,0,1,0,0,0,0,0,1,0,0,1,0,1,0,0,0,0,0,0,0,0,0,1
39,16.03,13,17.99,1,1.15,4.18,1,0,1,0,1,0,0,0,0,0,0,1,0,0,0,0,0,0,1,0,0,0,0,0
22,2.14,44,13.99,4,0.05,-41.81,0,0,0,1,0,0,0,1,0,1,0,0,0,1,0,0,0,0,0,0,0,0,1,1
46,13.33,34,8.99,2,0.38,-20.29,1,0,0,0,1,0,0,0,0,1,0,0,0,0,0,0,0,0,0,0,0,0,1,1
64,15.97,6,8.99,1,2.28,12.25,1,0,0,0,0,0,0,1,0,0,1,0,0,0,0,0,0,0,0,0,0,1,0,0
35,11.07,12,17.99,3,0.85,-0.08000000000000007,1,0,1,0,0,1,0,0,0,0,0,0,1,0,0,0,1,0,0,0,1,0,0,0
53,7.84,0,8.99,3,7.84,15.68,0,0,0,0,0,0,1,0,0,0,1,0,0,0,0,1,0,0,0,0,0,0,0,0
40,8.15,24,8.99,4,0.33,-15.52,0,1,0,0,0,0,0,0,0,1,0,0,0,0,0,0,1,0,0,0,1,0,0,0
41,1.35,59,17.99,1,0.02,-57.63,0,0,1,0,1,0,0,0,0,1,0,0,0,0,0,0,1,0,0,0,1,0,0,1
26,41.97,44,13.99,2,0.93,-1.1000000000000014,1,0,0,1,0,0,0,0,1,0,0,0,0,0,0,1,0,0,0,0,0,1,0,0
53,7.16,33,13.99,1,0.21,-25.63,0,1,0,1,1,0,0,0,0,1,0,0,0,0,1,0,0,0,0,1,0,0,0,1
70,12.25,8,8.99,3,1.36,5.609999999999999,0,0,0,0,0,0,0,0,0,0,0,0,0,1,0,0,0,0,0,0,1,0,0,0
46,8.98,13,17.99,5,0.64,-3.379999999999999,0,1,1,0,0,0,0,0,0,0,0,0,0,0,0,1,0,0,0,0,0,1,0,0
22,21.77,26,13.99,5,0.81,-3.4200000000000017,0,1,0,1,0,0,0,0,1,0,0,1,0,0,0,0,0,0,0,0,0,1,0,0
55,50.26,53,13.99,3,0.93,-1.8100000000000023,0,0,0,1,1,0,0,0,0,0,0,0,1,0,0,0,0,1,0,0,0,0,0,0
26,4.97,10,13.99,1,0.45,-4.58,1,0,0,1,0,0,0,0,0,1,0,0,0,0,0,0,1,0,0,0,1,0,0,1
43,2.23,29,17.99,1,0.07,-26.7,1,0,1,0,0,0,0,1,0,1,0,0,0,0,0,1,0,0,1,0,0,0,0,1
51,12.86,32,8.99,5,0.39,-18.75,0,0,0,0,0,0,0,0,0,1,0,0,0,0,0,0,1,0,0,0,0,0,0,1
41,9.19,45,13.99,2,0.2,-35.61,1,0,0,1,0,0,1,0,0,1,0,0,0,0,0,0,1,0,0,1,0,0,0,1
25,9.59,25,13.99,2,0.37,-15.040000000000001,1,0,0,1,0,0,1,0,0,0,0,1,0,0,0,0,1,0,0,0,0,0,0,0
27,5.82,49,17.99,2,0.12,-43.06,0,0,1,0,0,0,0,1,0,1,0,0,0,0,0,1,0,0,1,0,0,0,0,1
62,5.94,16,17.99,4,0.35,-9.71,1,0,1,0,0,1,0,0,0,0,0,1,0,0,0,0,0,0,1,0,0,0,0,0
36,25.4,46,17.99,5,0.54,-20.060000000000002,0,1,1,0,0,0,0,1,0,1,0,0,0,0,1,0,0,0,1,0,0,0,0,0
30,2.26,3,13.99,4,0.56,-0.18000000000000016,1,0,0,1,0,0,0,0,1,0,0,1,0,0,0,1,0,0,1,0,0,0,0,0
57,21.42,51,8.99,4,0.41,-29.169999999999998,0,1,0,0,0,0,0,0,1,0,0,0,0,0,0,1,0,0,0,0,0,1,0,1
48,0.81,54,13.99,1,0.01,-53.18,0,0,0,1,0,0,1,0,0,0,1,0,0,0,0,0,0,0,0,0,0,0,0,1
37,7.79,55,17.99,2,0.14,-47.07,0,0,1,0,1,0,0,0,0,0,0,0,0,0,1,0,0,0,1,0,0,0,0,1
31,17.83,8,17.99,3,1.98,11.809999999999999,0,0,1,0,0,0,1,0,0,0,0,0,1,0,0,0,1,0,0,0,0,0,1,0
67,0.34,16,8.99,4,0.02,-15.64,0,0,0,0,0,1,0,0,0,0,1,0,0,0,0,1,0,0,0,0,1,0,0,1
49,4.11,3,8.99,3,1.03,2.1400000000000006,1,0,0,0,0,0,0,1,0,0,1,0,0,1,0,0,0,0,0,0,0,0,0,1
63,13.82,38,17.99,2,0.35,-23.83,0,1,1,0,0,0,1,0,0,0,0,0,0,1,0,0,0,0,0,0,0,0,1,1
48,2.12,52,8.99,5,0.04,-49.84,1,0,0,0,0,0,1,0,0,1,0,0,0,1,0,0,0,0,1,0,0,0,0,1
42,28.96,22,8.99,5,1.26,8.220000000000002,0,1,0,0,0,1,0,0,0,1,0,0,0,0,0,0,1,0,0,0,0,0,1,0
54,13.51,26,13.99,4,0.5,-11.99,1,0,0,1,1,0,0,0,0,0,0,0,1,0,0,0,1,0,0,0,1,0,0,0
39,3.87,23,17.99,5,0.16,-18.97,0,1,1,0,0,0,1,0,0,1,0,0,0,0,1,0,0,0,0,1,0,0,0,0
31,15.41,44,17.99,2,0.34,-28.25,0,1,1,0,0,0,1,0,0,0,0,0,0,0,0,0,1,0,0,0,0,0,1,1
46,3.07,51,13.99,2,0.06,-47.87,0,0,0,1,0,1,0,0,0,0,0,0,1,1,0,0,0,0,1,0,0,0,0,1
53,0.09,18,8.99,3,0.0,-17.91,1,0,0,0,0,0,0,0,0,0,1,0,0,0,0,0,1,1,0,0,0,0,0,1
33,3.91,11,17.99,2,0.33,-6.76,0,0,1,0,0,0,0,1,0,0,0,0,0,0,1,0,0,1,0,0,0,0,0,1
67,1.71,47,13.99,2,0.04,-45.25,1,0,0,1,1,0,0,0,0,0,0,0,1,1,0,0,0,0,0,0,0,1,0,1
37,0.56,50,17.99,3,0.01,-49.43,0,0,1,0,0,1,0,0,0,0,0,1,0,0,1,0,0,0,1,0,0,0,0,1
25,7.12,33,13.99,2,0.21,-25.67,1,0,0,1,0,0,0,0,1,1,0,0,0,1,0,0,0,0,1,0,0,0,0,1
54,1.42,59,17.99,5,0.02,-57.56,0,0,1,0,0,0,0,0,1,1,0,0,0,0,0,0,0,0,1,0,0,0,0,1
29,18.53,27,8.99,4,0.66,-7.809999999999999,0,0,0,0,0,0,0,0,0,0,1,0,0,0,0,0,1,1,0,0,0,0,0,0
63,13.66,4,17.99,2,2.73,12.39,1,0,1,0,1,0,0,0,0,0,1,0,0,0,0,0,1,0,0,0,0,0,1,0
30,6.03,6,13.99,1,0.86,0.8900000000000006,0,0,0,1,0,1,0,0,0,0,0,0,0,1,0,0,0,0,0,0,1,0,0,0
50,16.83,11,13.99,2,1.4,7.229999999999997,0,0,0,1,0,0,0,0,1,0,0,0,1,0,0,0,0,0,1,0,0,0,0,0
36,10.58,0,13.99,1,10.58,21.16,1,0,0,1,0,1,0,0,0,0,0,0,1,0,0,0,0,0,0,0,0,1,0,0
56,11.0,21,13.99,2,0.5,-9.5,0,1,0,1,0,0,0,1,0,0,0,1,0,0,1,0,0,0,0,1,0,0,0,0
65,4.92,44,8.99,5,0.11,-38.97,0,1,0,0,0,0,0,1,0,0,0,0,1,1,0,0,0,1,0,0,0,0,0,1
54,39.11,53,8.99,3,0.72,-13.170000000000002,0,0,0,0,0,0,0,0,1,1,0,0,0,0,0,1,0,0,0,0,1,0,0,0
38,23.85,37,8.99,1,0.63,-12.52,1,0,0,0,0,0,0,0,1,0,0,0,1,0,0,0,0,0,0,1,0,0,0,0
54,12.02,58,17.99,3,0.2,-45.78,1,0,1,0,0,1,0,0,0,0,0,0,1,0,1,0,0,0,1,0,0,0,0,1
60,17.14,28,17.99,5,0.59,-10.27,1,0,1,0,0,0,0,1,0,0,0,0,0,0,0,1,0,0,0,0,0,0,1,0
40,2.14,12,17.99,1,0.16,-9.7,0,1,1,0,0,0,0,0,1,0,0,1,0,1,0,0,0,0,0,0,0,0,0,1
23,14.78,11,17.99,2,1.23,5.009999999999998,0,0,1,0,0,0,0,1,0,0,0,1,0,0,1,0,0,0,1,0,0,0,0,0
25,13.15,54,8.99,5,0.24,-40.61,0,0,0,0,0,0,1,0,0,0,0,1,0,0,0,1,0,0,0,0,0,0,0,1
24,17.2,33,17.99,5,0.51,-15.29,0,0,1,0,1,0,0,0,0,0,0,0,0,0,0,0,1,0,0,0,0,0,1,0
34,4.51,39,8.99,4,0.11,-34.38,0,1,0,0,0,0,0,0,1,0,0,0,0,1,0,0,0,0,0,0,0,0,0,1
37,13.86,55,8.99,2,0.25,-40.89,0,1,0,0,0,0,0,1,0,0,1,0,0,0,0,0,1,0,0,0,0,1,0,1
24,6.56,8,13.99,4,0.73,-0.7100000000000009,0,1,0,1,1,0,0,0,0,0,0,1,0,0,0,0,1,0,0,0,0,1,0,0
35,32.1,58,8.99,4,0.54,-25.36,1,0,0,0,0,1,0,0,0,0,1,0,0,0,0,1,0,1,0,0,0,0,0,0
69,1.33,22,13.99,3,0.06,-20.61,0,1,0,1,0,0,0,0,0,1,0,0,0,0,0,1,0,0,0,0,1,0,0,1
69,77.65,52,13.99,2,1.47,27.120000000000005,0,1,0,1,0,0,0,1,0,0,0,1,0,0,0,0,1,0,0,0,1,0,0,0
67,5.35,46,13.99,1,0.11,-40.54,1,0,0,1,0,0,0,0,0,0,0,1,0,1,0,0,0,0,0,0,0,0,1,1
66,21.15,51,13.99,5,0.41,-29.44,0,0,0,1,0,0,1,0,0,0,0,0,1,0,0,0,1,0,0,0,0,0,1,0
41,1.87,37,13.99,2,0.05,-35.08,1,0,0,1,0,1,0,0,0,0,0,0,0,1,0,0,0,0,0,0,0,0,1,1
60,2.38,10,13.99,5,0.22,-7.4,0,1,0,1,1,0,0,0,0,1,0,0,0,0,1,0,0,0,0,0,0,0,0,0
69,0.36,50,13.99,2,0.01,-49.63,1,0,0,1,0,1,0,0,0,0,0,0,0,0,0,0,0,0,1,0,0,0,0,1
65,7.4,34,13.99,3,0.21,-26.39,0,0,0,1,0,0,0,0,1,0,0,1,0,1,0,0,0,0,0,0,0,0,1,1
20,0.68,35,13.99,1,0.02,-34.3,0,1,0,1,0,0,1,0,0,0,0,0,0,0,1,0,0,1,0,0,0,0,0,1
28,4.3,21,17.99,1,0.2,-16.5,0,1,1,0,0,0,1,0,0,1,0,0,0,0,0,1,0,0,0,0,0,1,0,1
34,9.54,16,17.99,4,0.56,-5.9,0,0,1,0,0,0,0,1,0,0,0,0,1,0,0,1,0,0,0,0,0,1,0,0
63,4.09,55,8.99,1,0.07,-50.84,1,0,0,0,0,0,0,0,1,0,0,0,0,0,0,0,0,0,0,0,0,1,0,1
46,19.74,2,13.99,4,6.58,24.32,1,0,0,1,0,0,1,0,0,0,0,0,0,0,0,0,0,0,1,0,0,0,0,0
20,8.24,57,17.99,5,0.14,-48.62,1,0,1,0,0,0,0,0,0,0,0,1,0,0,0,1,0,0,1,0,0,0,0,1
55,14.29,30,17.99,5,0.46,-15.25,0,0,1,0,0,0,0,0,1,1,0,0,0,1,0,0,0,0,0,0,0,0,0,0
43,12.18,50,17.99,3,0.24,-37.58,0,0,1,0,0,1,0,0,0,1,0,0,0,0,0,1,0,0,0,0,0,1,0,1
51,1.12,34,13.99,1,0.03,-32.85,0,1,0,1,0,0,0,0,0,1,0,0,0,0,0,1,0,0,1,0,0,0,0,1
44,2.11,25,17.99,4,0.08,-22.81,1,0,1,0,0,1,0,0,0,0,0,1,0,0,0,0,1,0,0,1,0,0,0,0
29,14.55,18,8.99,3,0.77,-2.6799999999999997,0,1,0,0,0,0,1,0,0,0,0,1,0,0,0,0,1,1,0,0,0,0,0,0
29,5.33,36,8.99,4,0.14,-30.53,1,0,0,0,1,0,0,0,0,0,0,1,0,0,0,1,0,0,0,0,1,0,0,1
33,7.06,16,13.99,5,0.42,-8.52,0,1,0,1,1,0,0,0,0,0,0,1,0,0,1,0,0,1,0,0,0,0,0,0
27,20.02,53,13.99,4,0.37,-32.61,0,1,0,1,0,0,0,0,0,1,0,0,0,0,0,0,0,0,0,0,0,0,0,0
43,3.24,23,13.99,5,0.14,-19.62,0,0,0,1,0,0,0,0,1,1,0,0,0,0,0,1,0,0,0,1,0,0,0,1
65,25.81,41,8.99,1,0.61,-14.580000000000002,0,1,0,0,0,0,0,0,0,0,0,1,0,0,0,0,0,0,0,0,0,0,1,0
20,11.73,9,17.99,2,1.17,3.9000000000000004,0,1,1,0,0,0,0,0,0,0,1,0,0,0,0,0,0,0,1,0,0,0,0,0
27,0.18,7,8.99,3,0.02,-6.8,0,1,0,0,0,1,0,0,0,0,0,0,1,0,0,1,0,0,0,1,0,0,0,1
24,6.01,58,17.99,1,0.1,-51.89,1,0,1,0,0,0,1,0,0,0,0,0,1,0,1,0,0,0,0,0,0,1,0,1
37,1.56,21,13.99,5,0.07,-19.37,0,1,0,1,0,0,0,0,1,0,0,0,0,0,0,0,0,1,0,0,0,0,0,0
19,24.66,27,13.99,2,0.88,-1.4600000000000009,0,0,0,1,0,0,1,0,0,0,0,0,0,1,0,0,0,0,0,0,1,0,0,0
46,11.72,23,8.99,4,0.49,-10.79,1,0,0,0,0,1,0,0,0,0,0,1,0,1,0,0,0,0,0,1,0,0,0,0
35,20.45,10,13.99,2,1.86,12.309999999999999,0,0,0,1,0,1,0,0,0,0,0,0,1,0,0,0,0,0,0,0,0,0,1,0
33,8.94,50,13.99,3,0.18,-40.88,0,1,0,1,0,0,0,0,0,0,0,0,0,1,0,0,0,0,0,0,0,0,1,1
65,10.94,18,8.99,3,0.58,-6.48,0,0,0,0,1,0,0,0,0,1,0,0,0,1,0,0,0,0,0,0,0,0,1,0
61,24.63,19,17.99,1,1.23,6.859999999999999,0,1,1,0,0,0,0,0,0,0,0,0,1,1,0,0,0,0,0,1,0,0,0,0
57,45.93,53,13.99,2,0.85,-6.219999999999999,0,1,0,1,0,0,1,0,0,0,0,0,0,0,0,0,0,0,0,1,0,0,0,0
38,11.96,22,17.99,4,0.52,-9.52,1,0,1,0,0,0,1,0,0,0,0,1,0,0,1,0,0,0,0,1,0,0,0,0
24,8.4,29,13.99,1,0.28,-20.32,0,0,0,1,0,0,1,0,0,0,0,0,1,0,1,0,0,0,0,0,0,1,0,0
20,25.17,3,8.99,2,6.29,28.46,0,0,0,0,0,0,0,1,0,0,0,0,0,1,0,0,0,0,1,0,0,0,0,0
31,2.82,19,8.99,4,0.14,-16.04,0,1,0,0,0,0,0,0,0,1,0,0,0,0,1,0,0,0,0,0,0,0,1,1
48,1.61,41,8.99,2,0.04,-39.35,0,1,0,0,0,0,0,0,0,1,0,0,0,0,0,0,0,0,0,1,0,0,0,1
22,14.69,12,17.99,1,1.13,3.8200000000000003,1,0,1,0,1,0,0,0,0,0,0,0,0,0,0,0,1,0,0,0,0,1,0,0
35,20.74,51,8.99,5,0.4,-29.860000000000003,0,0,0,0,0,0,0,1,0,0,1,0,0,0,1,0,0,0,0,0,1,0,0,0
56,1.62,8,8.99,1,0.18,-6.2,0,1,0,0,0,0,0,1,0,0,0,0,1,0,0,0,0,0,0,0,0,0,1,1
27,5.85,3,13.99,5,1.46,4.31,0,0,0,1,0,0,0,1,0,1,0,0,0,1,0,0,0,0,0,0,0,0,1,0
37,12.73,49,8.99,3,0.25,-36.019999999999996,0,0,0,0,0,0,0,0,0,0,1,0,0,0,0,0,0,0,0,0,0,0,0,1
18,22.0,15,17.99,5,1.38,8.379999999999999,0,0,1,0,0,1,0,0,0,1,0,0,0,0,1,0,0,0,0,0,0,0,1,0
68,18.66,57,17.99,1,0.32,-38.019999999999996,1,0,1,0,0,0,0,0,0,0,0,0,0,0,0,0,0,0,0,1,0,0,0,1
28,11.92,52,17.99,3,0.22,-39.86,0,1,1,0,0,0,0,1,0,0,0,1,0,1,0,0,0,0,0,0,1,0,0,1
52,7.17,48,17.99,3,0.15,-40.68,0,1,1,0,0,0,0,1,0,0,0,0,0,0,0,0,0,1,0,0,0,0,0,1
45,5.12,25,8.99,5,0.2,-19.68,0,0,0,0,0,0,0,1,0,0,0,1,0,1,0,0,0,0,0,0,1,0,0,0
30,31.65,29,13.99,4,1.05,3.6999999999999957,1,0,0,1,0,1,0,0,0,0,1,0,0,0,1,0,0,0,0,0,1,0,0,0
29,5.55,20,8.99,2,0.26,-14.190000000000001,0,0,0,0,0,0,0,0,1,0,0,1,0,0,0,1,0,1,0,0,0,0,0,1
30,6.42,26,13.99,1,0.24,-19.34,0,0,0,1,1,0,0,0,0,0,0,0,1,0,0,0,1,0,0,0,1,0,0,0
63,16.38,27,17.99,3,0.58,-10.040000000000003,0,1,1,0,0,0,0,0,1,0,1,0,0,0,0,0,1,0,1,0,0,0,0,0
34,29.29,19,17.99,4,1.46,11.75,0,1,1,0,0,0,0,0,0,0,0,1,0,0,0,1,0,0,0,0,0,0,1,0
55,13.62,47,13.99,4,0.28,-33.1,0,0,0,1,1,0,0,0,0,1,0,0,0,1,0,0,0,0,0,0,0,1,0,1
62,4.14,38,8.99,1,0.11,-33.75,0,1,0,0,0,0,1,0,0,0,1,0,0,0,0,0,1,1,0,0,0,0,0,1
45,32.96,50,17.99,5,0.65,-16.39,0,0,1,0,0,0,0,1,0,0,0,0,1,0,1,0,0,0,0,0,0,1,0,0
60,8.17,12,13.99,3,0.63,-3.1999999999999993,1,0,0,1,0,0,0,0,0,0,0,0,1,0,0,0,0,0,0,0,0,1,0,0
46,14.63,0,17.99,2,14.63,29.26,1,0,1,0,0,0,0,1,0,0,1,0,0,0,0,0,1,0,1,0,0,0,0,0
44,7.59,46,17.99,2,0.16,-38.25,0,0,1,0,1,0,0,0,0,0,0,1,0,0,0,0,1,0,0,0,0,1,0,1
39,6.8,44,13.99,3,0.15,-37.05,1,0,0,1,0,0,0,0,0,0,0,0,0,1,0,0,0,0,0,0,0,1,0,1
69,1.9,7,8.99,5,0.24,-4.86,0,1,0,0,0,1,0,0,0,0,0,0,0,0,0,0,0,0,1,0,0,0,0,1
44,1.69,7,8.99,5,0.21,-5.1,0,0,0,0,0,0,1,0,0,0,1,0,0,1,0,0,0,0,0,0,0,1,0,1
60,3.09,35,8.99,2,0.09,-31.82,1,0,0,0,0,0,0,0,1,0,0,0,1,0,0,1,0,0,0,0,0,1,0,1
18,0.24,24,13.99,5,0.01,-23.75,0,1,0,1,0,0,0,0,0,0,1,0,0,0,0,1,0,0,0,1,0,0,0,1
58,17.9,52,13.99,4,0.34,-33.760000000000005,0,0,0,1,0,0,0,1,0,0,0,0,0,1,0,0,0,0,1,0,0,0,0,1
54,4.81,27,17.99,3,0.17,-22.02,1,0,1,0,0,0,1,0,0,0,0,1,0,0,1,0,0,0,1,0,0,0,0,1
61,7.28,11,13.99,2,0.61,-3.1099999999999994,1,0,0,1,0,0,1,0,0,1,0,0,0,0,0,0,1,0,0,0,0,1,0,0
68,7.65,50,17.99,4,0.15,-42.2,0,1,1,0,0,0,1,0,0,0,1,0,0,0,0,0,0,0,0,1,0,0,0,0
35,8.85,48,8.99,5,0.18,-38.97,0,0,0,0,0,0,0,1,0,0,1,0,0,1,0,0,0,0,0,0,0,1,0,1
45,21.09,4,13.99,5,4.22,21.31,0,0,0,1,0,0,0,0,0,0,0,0,1,0,0,1,0,0,0,0,0,1,0,0
32,15.46,6,8.99,4,2.21,11.670000000000002,0,1,0,0,0,0,1,0,0,1,0,0,0,0,0,0,0,0,0,0,1,0,0,0
63,9.75,21,13.99,1,0.44,-10.81,0,0,0,1,0,0,0,0,0,0,0,0,1,0,1,0,0,0,0,0,1,0,0,0
53,2.23,22,13.99,2,0.1,-19.67,0,0,0,1,0,1,0,0,0,0,0,0,0,0,0,0,0,0,0,0,0,1,0,1
52,4.08,37,8.99,4,0.11,-32.81,0,1,0,0,0,0,0,0,0,0,0,0,0,0,0,0,1,0,0,0,0,1,0,1
70,2.21,56,13.99,5,0.04,-53.75,0,0,0,1,0,1,0,0,0,0,0,0,1,0,0,1,0,0,1,0,0,0,0,1
46,7.14,23,13.99,5,0.3,-15.56,0,1,0,1,0,0,0,1,0,0,0,1,0,1,0,0,0,0,0,0,0,0,1,0
19,6.32,3,8.99,2,1.58,4.9,0,0,0,0,1,0,0,0,0,0,1,0,0,0,0,0,0,0,0,1,0,0,0,0
24,22.15,10,13.99,5,2.01,14.159999999999997,1,0,0,1,0,1,0,0,0,0,0,1,0,0,0,1,0,0,0,0,1,0,0,0
59,2.83,12,17.99,5,0.22,-8.95,1,0,1,0,0,0,0,0,0,1,0,0,0,0,0,0,0,1,0,0,0,0,0,0
49,4.38,43,13.99,3,0.1,-38.52,0,0,0,1,0,1,0,0,0,0,0,1,0,0,1,0,0,0,0,0,0,1,0,1
43,9.13,12,13.99,3,0.7,-2.17,1,0,0,1,0,0,0,0,0,0,1,0,0,0,1,0,0,0,1,0,0,0,0,0
31,13.34,39,17.99,4,0.33,-25.33,0,1,1,0,0,0,0,0,0,0,0,0,1,1,0,0,0,0,0,0,1,0,0,1
70,26.98,57,8.99,4,0.47,-29.55,0,1,0,0,0,0,1,0,0,0,0,1,0,1,0,0,0,0,0,0,1,0,0,1
56,0.93,2,13.99,5,0.31,-0.76,1,0,0,1,0,0,0,1,0,0,0,0,1,0,0,0,0,0,0,0,1,0,0,0
33,4.18,10,13.99,5,0.38,-5.44,0,1,0,1,0,0,0,0,1,1,0,0,0,1,0,0,0,0,0,0,1,0,0,1
58,5.36,59,8.99,1,0.09,-53.55,0,1,0,0,0,0,0,1,0,0,0,1,0,1,0,0,0,1,0,0,0,0,0,1
31,3.77,12,8.99,2,0.29,-7.94,0,0,0,0,0,0,0,0,1,1,0,0,0,0,0,0,0,0,1,0,0,0,0,1
29,2.06,24,17.99,1,0.08,-21.86,0,1,1,0,0,1,0,0,0,0,1,0,0,0,0,1,0,0,0,0,1,0,0,1
46,4.16,13,17.99,2,0.3,-8.54,0,0,1,0,0,0,1,0,0,0,0,0,1,0,1,0,0,0,0,0,0,0,1,1
50,13.21,36,8.99,4,0.36,-22.43,0,1,0,0,1,0,0,0,0,0,0,0,1,1,0,0,0,1,0,0,0,0,0,1
23,6.86,59,8.99,4,0.11,-52.03,0,0,0,0,0,0,0,0,0,0,0,0,0,0,0,1,0,0,0,0,0,0,0,1
43,1.51,29,8.99,2,0.05,-27.44,0,0,0,0,0,0,1,0,0,0,0,0,0,0,0,0,0,0,1,0,0,0,0,1
28,0.01,7,17.99,1,0.0,-6.99,0,0,1,0,0,0,0,0,1,0,0,1,0,1,0,0,0,0,0,0,0,0,1,1
28,14.02,33,13.99,1,0.41,-18.57,1,0,0,1,0,0,0,1,0,0,1,0,0,0,1,0,0,0,0,1,0,0,0,1
44,0.55,51,13.99,2,0.01,-50.44,0,0,0,1,1,0,0,0,0,0,0,0,1,1,0,0,0,0,1,0,0,0,0,1
62,3.58,15,13.99,5,0.22,-11.2,1,0,0,1,0,0,0,1,0,0,0,0,1,0,0,0,0,0,0,0,1,0,0,0
54,2.28,17,8.99,2,0.13,-14.59,1,0,0,0,1,0,0,0,0,0,0,1,0,0,0,0,1,0,0,0,1,0,0,1
24,9.58,44,8.99,5,0.21,-34.21,0,0,0,0,0,0,0,0,1,0,0,0,1,0,0,0,0,0,1,0,0,0,0,1
27,6.3,34,8.99,4,0.18,-27.52,0,1,0,0,0,0,0,0,0,0,0,0,1,0,1,0,0,0,1,0,0,0,0,1
52,1.59,29,8.99,3,0.05,-27.36,0,0,0,0,0,0,0,0,1,0,0,1,0,0,0,0,1,0,0,0,0,0,0,1
55,1.38,52,8.99,5,0.03,-50.59,0,1,0,0,0,0,0,0,1,0,0,0,1,0,0,1,0,0,1,0,0,0,0,1
62,18.07,20,13.99,2,0.86,-1.0700000000000003,1,0,0,1,0,0,0,0,0,0,0,0,0,0,0,0,1,0,0,0,0,1,0,0
64,6.41,54,17.99,1,0.12,-47.47,0,0,1,0,0,1,0,0,0,0,1,0,0,0,0,1,0,0,0,0,0,1,0,1
31,18.73,1,17.99,1,9.37,27.1,0,1,1,0,0,0,0,1,0,0,1,0,0,1,0,0,0,0,0,0,0,0,0,0
47,14.08,20,8.99,3,0.67,-5.25,0,1,0,0,0,0,0,0,0,0,0,0,0,0,0,1,0,1,0,0,0,0,0,0
37,18.23,36,13.99,5,0.49,-17.28,0,1,0,1,0,0,0,1,0,0,0,0,0,0,0,1,0,0,0,0,0,0,0,1
65,28.86,13,13.99,4,2.06,17.919999999999998,0,1,0,1,1,0,0,0,0,1,0,0,0,0,0,1,0,0,0,0,1,0,0,0
20,49.3,25,17.99,3,1.9,26.199999999999996,0,0,1,0,0,0,0,1,0,0,0,0,1,0,0,1,0,0,0,1,0,0,0,0
45,3.95,38,8.99,1,0.1,-33.95,0,1,0,0,0,0,0,0,0,0,0,0,1,0,0,1,0,0,1,0,0,0,0,1
67,11.06,16,8.99,4,0.65,-4.289999999999999,0,0,0,0,0,0,1,0,0,0,0,0,0,0,0,0,0,0,0,0,0,0,1,0
70,6.66,55,8.99,4,0.12,-48.22,1,0,0,0,0,0,0,1,0,0,0,0,0,0,0,1,0,0,0,0,0,1,0,1
67,9.54,40,8.99,2,0.23,-30.23,1,0,0,0,0,0,1,0,0,1,0,0,0,1,0,0,0,1,0,0,0,0,0,1
28,10.43,25,8.99,4,0.4,-14.17,0,0,0,0,0,0,0,1,0,0,0,0,1,0,0,1,0,0,0,0,1,0,0,0
53,5.79,34,17.99,5,0.17,-28.04,0,1,1,0,0,0,0,0,0,0,1,0,0,0,0,1,0,0,1,0,0,0,0,1
36,34.97,16,8.99,2,2.06,21.03,1,0,0,0,0,1,0,0,0,0,0,1,0,0,0,0,1,0,0,0,0,0,0,0
48,5.71,40,8.99,1,0.14,-34.15,0,0,0,0,0,0,0,0,0,0,0,0,1,1,0,0,0,0,0,0,0,1,0,1
19,6.31,18,13.99,1,0.33,-11.36,0,1,0,1,0,0,1,0,0,0,0,1,0,1,0,0,0,0,0,0,0,0,1,0
25,6.08,33,17.99,5,0.18,-26.740000000000002,1,0,1,0,0,0,0,0,0,1,0,0,0,0,1,0,0,0,1,0,0,0,0,0
31,6.59,19,13.99,3,0.33,-12.08,0,1,0,1,0,0,0,0,0,0,0,0,0,1,0,0,0,0,1,0,0,0,0,0
56,15.59,3,8.99,3,3.9,16.49,0,0,0,0,0,0,0,0,1,0,0,0,0,0,0,1,0,0,0,0,0,0,0,0
51,7.43,25,13.99,5,0.29,-17.28,0,1,0,1,0,0,1,0,0,0,1,0,0,1,0,0,0,1,0,0,0,0,0,0
23,21.34,19,8.99,2,1.07,3.41,0,0,0,0,0,0,0,0,1,0,0,1,0,0,0,1,0,0,0,0,0,1,0,0
67,17.3,30,13.99,4,0.56,-12.14,1,0,0,1,0,0,1,0,0,0,0,0,0,0,0,1,0,0,0,0,0,0,0,0
29,14.26,23,17.99,5,0.59,-8.15,0,1,1,0,0,0,0,0,1,1,0,0,0,0,0,0,1,0,0,0,1,0,0,0
25,9.95,43,17.99,4,0.23,-32.82,1,0,1,0,0,0,0,0,1,0,0,0,1,0,1,0,0,0,0,0,0,0,1,0
37,5.62,19,8.99,3,0.28,-13.1,0,0,0,0,1,0,0,0,0,1,0,0,0,1,0,0,0,0,0,0,0,1,0,1
69,9.07,47,17.99,5,0.19,-37.74,1,0,1,0,0,0,0,0,0,0,0,0,0,0,0,0,1,1,0,0,0,0,0,0
37,10.37,58,8.99,1,0.18,-47.45,0,1,0,0,0,0,0,0,1,0,0,0,1,0,0,0,0,0,0,0,1,0,0,1
31,19.72,40,17.99,3,0.48,-19.8,0,0,1,0,0,0,0,0,1,0,0,1,0,0,0,1,0,0,0,0,1,0,0,1
39,22.35,36,17.99,5,0.6,-13.049999999999997,0,1,1,0,1,0,0,0,0,0,0,1,0,0,0,1,0,0,0,0,0,1,0,0
26,11.26,50,13.99,2,0.22,-38.519999999999996,1,0,0,1,0,0,0,1,0,0,0,0,1,0,0,0,0,0,1,0,0,0,0,1
49,14.28,7,13.99,3,1.78,9.059999999999999,1,0,0,1,0,0,0,0,0,0,0,0,0,1,0,0,0,0,0,0,0,0,1,0
34,1.55,15,13.99,3,0.1,-13.35,0,1,0,1,1,0,0,0,0,0,0,0,0,0,1,0,0,0,0,0,0,0,1,1
64,26.45,41,8.99,1,0.63,-13.920000000000002,1,0,0,0,0,0,0,0,0,1,0,0,0,0,1,0,0,0,0,0,0,1,0,0
60,5.77,0,13.99,5,5.77,11.54,1,0,0,1,0,1,0,0,0,0,0,0,1,0,1,0,0,1,0,0,0,0,0,0
29,13.0,46,8.99,4,0.28,-32.72,1,0,0,0,0,0,0,1,0,0,0,0,1,0,0,0,0,0,0,1,0,0,0,1
30,0.74,0,13.99,4,0.74,1.48,1,0,0,1,0,0,0,0,1,1,0,0,0,0,0,0,0,0,0,0,0,0,0,0
67,26.05,21,13.99,4,1.18,6.23,1,0,0,1,0,1,0,0,0,0,0,1,0,0,0,0,1,0,0,1,0,0,0,0
23,4.46,50,17.99,3,0.09,-45.45,0,1,1,0,0,0,1,0,0,0,0,0,0,1,0,0,0,0,0,0,1,0,0,1
34,4.26,22,13.99,3,0.19,-17.55,1,0,0,1,0,0,0,0,1,1,0,0,0,0,0,0,0,0,0,0,0,0,1,1
57,14.31,0,8.99,5,14.31,28.62,0,0,0,0,0,0,0,1,0,0,1,0,0,0,0,0,1,0,0,0,0,1,0,0
52,45.18,45,17.99,5,0.98,1.1599999999999966,1,0,1,0,0,0,0,0,0,0,0,1,0,0,0,1,0,0,0,0,0,0,0,0
59,23.07,56,13.99,2,0.4,-32.53,0,0,0,1,0,0,1,0,0,0,0,1,0,0,0,0,0,0,0,0,0,1,0,0
26,3.67,2,17.99,1,1.22,2.8899999999999997,1,0,1,0,0,0,1,0,0,0,0,0,0,0,0,1,0,0,1,0,0,0,0,0
40,14.79,4,8.99,3,2.96,13.75,1,0,0,0,0,0,1,0,0,0,0,1,0,0,0,0,1,0,0,0,0,0,1,0
28,1.17,34,13.99,4,0.03,-32.8,1,0,0,1,1,0,0,0,0,1,0,0,0,0,0,0,1,1,0,0,0,0,0,1
50,13.5,49,13.99,2,0.27,-35.230000000000004,1,0,0,1,1,0,0,0,0,0,0,0,1,0,0,0,0,0,0,1,0,0,0,1
37,4.65,15,13.99,3,0.29,-10.059999999999999,1,0,0,1,0,0,0,0,0,1,0,0,0,0,0,0,0,0,0,0,1,0,0,1
26,11.88,25,17.99,3,0.46,-12.659999999999998,1,0,1,0,0,1,0,0,0,1,0,0,0,0,0,1,0,0,0,1,0,0,0,0
64,3.25,44,8.99,1,0.07,-40.68,0,0,0,0,1,0,0,0,0,1,0,0,0,0,0,0,0,0,0,1,0,0,0,1
69,4.81,46,8.99,3,0.1,-41.09,0,0,0,0,0,0,1,0,0,1,0,0,0,0,1,0,0,0,0,0,0,0,0,1
29,7.54,10,17.99,3,0.69,-1.7699999999999996,1,0,1,0,0,1,0,0,0,0,1,0,0,0,1,0,0,0,0,0,0,0,0,0
36,13.88,27,8.99,3,0.5,-12.62,0,1,0,0,0,0,0,0,1,0,0,1,0,0,0,0,1,0,0,0,1,0,0,0
55,3.68,35,13.99,5,0.1,-31.22,0,0,0,1,0,0,1,0,0,1,0,0,0,1,0,0,0,0,0,0,1,0,0,1
35,9.21,34,17.99,5,0.26,-24.53,1,0,1,0,0,0,1,0,0,0,0,0,1,0,0,0,1,0,0,0,0,0,1,0
62,25.53,51,17.99,3,0.49,-24.98,0,0,1,0,0,0,0,1,0,1,0,0,0,0,0,0,1,0,0,0,0,0,0,0
44,0.6,47,8.99,5,0.01,-46.39,1,0,0,0,0,0,0,0,0,0,0,0,0,0,0,0,1,1,0,0,0,0,0,1
35,2.43,58,17.99,2,0.04,-55.53,0,1,1,0,0,0,0,0,0,0,0,1,0,0,0,0,0,0,0,0,0,0,0,1
64,8.24,29,17.99,5,0.27,-20.490000000000002,0,0,1,0,0,0,0,1,0,0,1,0,0,0,0,1,0,0,0,0,0,0,0,0
45,2.52,23,13.99,1,0.1,-20.38,0,0,0,1,0,1,0,0,0,0,0,0,0,0,1,0,0,0,1,0,0,0,0,1
55,10.13,13,17.99,3,0.72,-2.1499999999999986,0,1,1,0,0,0,0,1,0,1,0,0,0,0,0,0,1,0,0,0,0,1,0,0
45,6.84,40,13.99,2,0.17,-32.99,0,1,0,1,0,0,0,0,1,0,0,0,1,1,0,0,0,0,1,0,0,0,0,1
52,1.81,23,17.99,3,0.08,-21.11,1,0,1,0,0,0,1,0,0,0,1,0,0,0,1,0,0,0,1,0,0,0,0,1
63,11.43,49,13.99,1,0.23,-37.34,0,1,0,1,0,1,0,0,0,0,0,1,0,0,1,0,0,0,0,0,1,0,0,1
33,33.23,58,8.99,5,0.56,-24.21,0,1,0,0,0,0,0,1,0,0,0,1,0,0,1,0,0,0,0,0,0,1,0,0
34,4.59,31,17.99,2,0.14,-26.27,0,0,1,0,0,0,0,1,0,0,0,0,0,0,0,1,0,0,0,0,0,0,1,1
37,10.29,49,13.99,1,0.21,-38.5,0,0,0,1,0,0,0,0,1,0,0,0,0,1,0,0,0,0,0,1,0,0,0,1
25,2.96,25,13.99,1,0.11,-21.93,1,0,0,1,0,0,0,0,0,1,0,0,0,0,0,0,0,1,0,0,0,0,0,1
46,30.01,56,17.99,5,0.53,-25.459999999999997,0,1,1,0,0,0,1,0,0,0,1,0,0,0,0,1,0,0,0,0,0,1,0,0
63,26.63,31,13.99,2,0.83,-3.5400000000000027,1,0,0,1,1,0,0,0,0,0,0,1,0,1,0,0,0,0,0,0,1,0,0,0
55,3.66,11,8.99,4,0.3,-7.04,1,0,0,0,1,0,0,0,0,0,0,1,0,0,0,0,0,0,0,0,0,0,1,1
55,0.67,24,8.99,3,0.03,-23.3,0,1,0,0,0,1,0,0,0,0,0,0,0,0,0,0,1,0,0,0,1,0,0,1
61,14.57,16,13.99,1,0.86,-0.5700000000000003,1,0,0,1,0,0,0,1,0,0,1,0,0,0,0,1,0,0,0,0,1,0,0,0
28,3.72,56,8.99,3,0.07,-52.21,1,0,0,0,1,0,0,0,0,1,0,0,0,0,1,0,0,0,0,0,1,0,0,1
62,21.41,22,8.99,3,0.93,0.33999999999999986,0,1,0,0,0,1,0,0,0,0,0,1,0,0,0,0,1,0,0,0,0,0,1,0
66,1.89,22,8.99,2,0.08,-20.03,0,1,0,0,0,0,0,0,0,0,0,0,0,0,0,0,1,0,0,0,0,0,0,1
63,14.4,3,8.99,3,3.6,15.0,1,0,0,0,0,1,0,0,0,0,0,0,0,0,1,0,0,0,1,0,0,0,0,0
46,7.29,4,17.99,2,1.46,4.75,0,1,1,0,0,0,1,0,0,1,0,0,0,0,0,0,0,1,0,0,0,0,0,0
34,5.95,37,8.99,2,0.16,-30.89,0,1,0,0,0,0,0,0,1,0,0,0,1,1,0,0,0,1,0,0,0,0,0,1
56,5.83,59,13.99,5,0.1,-53.07,1,0,0,1,0,1,0,0,0,0,1,0,0,0,0,0,1,0,0,0,0,0,0,0
35,2.19,5,8.99,5,0.36,-2.45,0,1,0,0,0,0,0,1,0,1,0,0,0,0,0,1,0,0,0,0,0,0,0,1
52,8.72,28,8.99,1,0.3,-18.979999999999997,0,1,0,0,0,0,0,0,0,1,0,0,0,0,1,0,0,0,0,0,1,0,0,1
54,12.12,38,8.99,5,0.31,-25.57,0,0,0,0,0,0,1,0,0,0,0,1,0,0,0,1,0,0,0,0,0,1,0,1
42,25.68,33,13.99,5,0.76,-6.559999999999999,0,0,0,1,1,0,0,0,0,1,0,0,0,0,1,0,0,1,0,0,0,0,0,0
39,10.6,53,8.99,3,0.2,-42.2,0,1,0,0,0,0,1,0,0,1,0,0,0,0,0,0,1,1,0,0,0,0,0,1
65,13.71,4,17.99,3,2.74,12.450000000000003,0,1,1,0,0,0,0,0,1,0,0,0,0,1,0,0,0,0,0,0,0,0,1,0
70,4.04,52,8.99,3,0.08,-47.88,0,0,0,0,1,0,0,0,0,0,1,0,0,1,0,0,0,0,0,1,0,0,0,1
23,22.77,10,17.99,1,2.07,14.84,1,0,1,0,0,0,0,0,1,0,0,1,0,0,0,0,0,0,0,0,0,0,1,0
54,18.84,49,8.99,1,0.38,-29.78,0,0,0,0,0,0,0,0,1,0,1,0,0,0,0,1,0,1,0,0,0,0,0,1
30,1.5,41,8.99,1,0.04,-39.46,1,0,0,0,0,1,0,0,0,0,0,0,1,1,0,0,0,0,0,0,0,1,0,1
44,1.46,59,13.99,1,0.02,-57.52,0,1,0,1,0,0,1,0,0,0,0,0,1,0,0,0,1,0,1,0,0,0,0,1
56,2.02,23,8.99,5,0.08,-20.9,1,0,0,0,0,0,1,0,0,0,0,1,0,0,0,0,0,0,1,0,0,0,0,1
48,0.84,43,17.99,4,0.02,-42.14,1,0,1,0,0,0,0,0,0,0,1,0,0,1,0,0,0,0,0,0,1,0,0,1
56,0.8,18,8.99,3,0.04,-17.16,0,0,0,0,0,0,1,0,0,0,0,0,0,0,0,0,1,0,0,0,0,1,0,1
40,0.52,26,17.99,2,0.02,-25.46,0,1,1,0,0,0,1,0,0,0,1,0,0,0,0,0,1,0,1,0,0,0,0,1
58,3.2,53,17.99,1,0.06,-49.74,1,0,1,0,0,0,0,0,0,0,0,0,0,1,0,0,0,0,0,0,0,0,1,1
20,3.02,2,8.99,5,1.01,2.0300000000000002,1,0,0,0,0,0,0,0,0,0,0,0,1,0,1,0,0,0,0,0,0,0,0,0
44,3.38,6,17.99,5,0.48,-2.14,0,1,1,0,0,1,0,0,0,0,1,0,0,0,0,0,0,0,0,0,1,0,0,0
58,6.47,46,8.99,1,0.14,-39.39,0,1,0,0,0,0,0,0,0,0,0,0,1,1,0,0,0,0,0,0,1,0,0,1
58,19.25,2,13.99,2,6.42,23.67,1,0,0,1,0,1,0,0,0,0,1,0,0,0,0,0,0,0,0,1,0,0,0,0
46,26.06,4,17.99,4,5.21,27.27,0,1,1,0,0,0,0,1,0,0,0,0,0,0,0,0,1,0,0,0,0,0,0,0
51,1.14,55,13.99,1,0.02,-53.84,0,1,0,1,1,0,0,0,0,1,0,0,0,1,0,0,0,0,0,1,0,0,0,1
19,6.61,18,13.99,1,0.35,-11.04,0,0,0,1,0,0,0,1,0,0,0,0,0,1,0,0,0,0,1,0,0,0,0,0
25,0.98,30,17.99,1,0.03,-28.99,1,0,1,0,0,0,1,0,0,0,1,0,0,1,0,0,0,0,0,0,1,0,0,1
25,0.45,2,13.99,1,0.15,-1.4,1,0,0,1,0,0,0,1,0,0,0,1,0,0,1,0,0,1,0,0,0,0,0,1
50,8.09,4,8.99,1,1.62,5.710000000000001,0,0,0,0,0,0,1,0,0,0,1,0,0,0,1,0,0,0,0,0,0,0,0,0
30,1.65,58,13.99,5,0.03,-56.32,1,0,0,1,0,1,0,0,0,0,1,0,0,1,0,0,0,0,0,0,1,0,0,1
41,8.27,50,17.99,5,0.16,-41.57,0,0,1,0,0,0,0,0,1,0,0,1,0,0,0,0,0,0,0,0,0,1,0,0
40,8.89,21,13.99,1,0.4,-11.709999999999999,0,0,0,1,0,0,0,1,0,0,0,0,1,0,0,1,0,0,1,0,0,0,0,0
23,6.25,54,13.99,4,0.11,-47.64,0,0,0,1,0,0,1,0,0,0,0,1,0,0,0,0,1,0,1,0,0,0,0,0
28,15.79,12,8.99,2,1.21,5.0,1,0,0,0,0,0,0,0,1,0,0,0,0,0,0,1,0,0,0,0,0,0,0,0
56,5.08,60,8.99,4,0.08,-54.84,1,0,0,0,0,0,0,0,1,0,0,0,1,0,0,0,0,0,0,0,0,1,0,1
52,21.99,19,17.99,2,1.1,4.09,0,1,1,0,1,0,0,0,0,1,0,0,0,0,0,1,0,0,0,1,0,0,0,0
40,11.91,4,13.99,5,2.38,10.29,0,0,0,1,0,1,0,0,0,0,1,0,0,0,1,0,0,1,0,0,0,0,0,0
69,8.09,54,17.99,2,0.15,-45.76,0,1,1,0,1,0,0,0,0,0,0,0,0,0,0,0,1,0,0,0,0,1,0,1
67,0.28,51,13.99,1,0.01,-50.71,0,0,0,1,1,0,0,0,0,1,0,0,0,0,0,1,0,0,0,1,0,0,0,1
63,19.68,7,8.99,3,2.46,15.14,0,1,0,0,0,0,0,1,0,0,0,1,0,0,0,0,0,0,1,0,0,0,0,0
48,3.97,1,13.99,5,1.99,4.96,0,1,0,1,0,0,0,0,1,0,0,1,0,0,1,0,0,0,0,0,1,0,0,0
27,0.67,22,8.99,2,0.03,-21.3,0,0,0,0,0,0,0,0,0,0,1,0,0,1,0,0,0,0,0,1,0,0,0,1
18,4.94,39,17.99,5,0.12,-33.94,0,0,1,0,0,0,0,0,1,0,1,0,0,1,0,0,0,0,0,0,1,0,0,1
61,41.68,54,17.99,3,0.76,-11.560000000000002,0,0,1,0,0,0,0,0,0,1,0,0,0,1,0,0,0,0,0,0,0,0,0,0
24,16.21,6,13.99,1,2.32,12.530000000000001,1,0,0,1,1,0,0,0,0,0,1,0,0,0,0,1,0,0,1,0,0,0,0,0
60,6.21,15,17.99,3,0.39,-8.4,1,0,1,0,1,0,0,0,0,0,1,0,0,0,1,0,0,0,0,0,1,0,0,0
19,3.9,9,17.99,5,0.39,-4.71,0,0,1,0,0,0,1,0,0,1,0,0,0,0,0,0,0,0,0,0,0,1,0,0
50,10.83,3,17.99,3,2.71,10.54,1,0,1,0,0,0,0,0,0,1,0,0,0,0,0,0,0,0,0,1,0,0,0,0
62,5.98,48,17.99,5,0.12,-41.9,0,1,1,0,0,0,1,0,0,0,0,0,1,1,0,0,0,0,1,0,0,0,0,1
53,6.68,11,13.99,4,0.56,-3.76,0,0,0,1,0,0,1,0,0,0,1,0,0,0,0,0,1,0,0,0,0,0,0,0
18,36.34,15,17.99,3,2.27,23.610000000000007,1,0,1,0,0,0,0,0,1,0,0,0,0,0,1,0,0,0,0,0,0,0,0,0
52,6.41,15,13.99,1,0.4,-8.19,0,1,0,1,0,0,0,1,0,0,0,1,0,0,0,0,1,0,0,0,0,0,1,0
40,6.48,51,8.99,4,0.12,-44.4,0,1,0,0,1,0,0,0,0,0,0,0,0,0,0,0,0,0,0,1,0,0,0,1
51,1.46,35,17.99,3,0.04,-33.5,0,0,1,0,0,0,0,1,0,0,0,0,1,0,0,0,1,0,0,0,0,0,0,1
36,2.59,36,13.99,2,0.07,-33.34,0,0,0,1,0,0,1,0,0,0,0,0,0,0,1,0,0,1,0,0,0,0,0,1
30,13.25,47,13.99,4,0.28,-33.47,1,0,0,1,1,0,0,0,0,1,0,0,0,0,0,0,0,0,0,1,0,0,0,0
54,23.35,40,13.99,5,0.57,-16.08,1,0,0,1,0,0,1,0,0,0,1,0,0,0,0,0,0,0,0,0,1,0,0,0
31,35.35,14,8.99,5,2.36,23.71,0,0,0,0,0,1,0,0,0,0,1,0,0,1,0,0,0,0,0,0,0,1,0,0
26,24.89,16,13.99,4,1.46,10.350000000000001,0,1,0,1,1,0,0,0,0,0,0,0,0,0,0,0,1,0,0,0,0,1,0,0
30,45.29,29,13.99,5,1.51,17.799999999999997,1,0,0,1,0,0,0,0,1,0,0,0,1,0,0,0,0,0,1,0,0,0,0,0
67,15.98,9,8.99,4,1.6,8.580000000000002,1,0,0,0,0,0,0,0,1,0,0,1,0,0,0,0,0,0,0,0,0,0,1,0
60,1.24,4,13.99,2,0.25,-2.51,1,0,0,1,0,0,1,0,0,0,0,0,0,0,0,0,1,0,0,1,0,0,0,0
67,9.91,18,8.99,5,0.52,-7.57,0,0,0,0,0,0,1,0,0,0,0,0,0,0,0,1,0,1,0,0,0,0,0,0
51,5.69,36,8.99,3,0.15,-30.16,1,0,0,0,0,1,0,0,0,0,0,1,0,0,0,0,1,0,0,0,1,0,0,1
31,7.48,3,13.99,2,1.87,6.350000000000001,0,0,0,1,0,0,0,0,0,0,0,0,1,0,0,1,0,0,0,0,0,0,1,0
70,9.54,60,13.99,5,0.16,-50.3,1,0,0,1,0,1,0,0,0,0,0,1,0,0,0,0,1,0,0,0,0,0,1,0
42,98.42,0,8.99,5,98.42,196.84,1,0,0,0,1,0,0,0,0,0,0,0,0,0,0,1,0,0,1,0,0,0,0,0
63,7.82,57,17.99,5,0.13,-49.05,1,0,1,0,0,0,0,0,1,0,0,1,0,0,1,0,0,0,0,0,0,1,0,0
58,7.31,49,8.99,2,0.15,-41.54,0,0,0,0,0,0,1,0,0,1,0,0,0,0,0,1,0,0,0,0,0,1,0,1
28,14.34,11,13.99,5,1.2,4.539999999999999,0,0,0,1,1,0,0,0,0,0,0,0,0,0,0,0,0,1,0,0,0,0,0,0
67,22.63,33,17.99,2,0.67,-9.7,0,1,1,0,0,0,0,0,0,1,0,0,0,0,0,1,0,0,1,0,0,0,0,0
21,17.63,28,13.99,1,0.61,-9.760000000000002,0,1,0,1,0,0,0,0,1,1,0,0,0,0,0,0,0,0,1,0,0,0,0,0
67,2.51,25,17.99,3,0.1,-22.39,0,1,1,0,0,0,0,0,0,0,0,0,1,0,0,0,0,0,0,0,0,1,0,1
64,8.08,12,13.99,4,0.62,-3.3000000000000007,0,1,0,1,0,1,0,0,0,0,1,0,0,0,0,0,1,0,0,0,0,1,0,0
40,31.43,26,8.99,1,1.16,6.589999999999996,0,0,0,0,0,0,1,0,0,0,0,0,1,1,0,0,0,0,0,0,0,0,0,0
20,8.91,28,8.99,2,0.31,-18.78,1,0,0,0,0,0,0,0,0,0,0,1,0,1,0,0,0,1,0,0,0,0,0,1
37,47.74,52,13.99,4,0.9,-3.3599999999999994,0,0,0,1,0,0,0,1,0,1,0,0,0,0,0,1,0,0,0,0,0,0,0,0
30,12.88,54,17.99,4,0.23,-40.89,0,1,1,0,0,0,0,1,0,0,0,0,0,0,0,1,0,0,1,0,0,0,0,1
33,24.5,46,8.99,3,0.52,-20.98,0,1,0,0,0,0,0,0,0,0,0,1,0,0,0,0,0,0,0,0,0,0,1,0
54,3.66,40,17.99,1,0.09,-36.25,0,1,1,0,0,0,0,1,0,0,0,1,0,0,0,1,0,0,1,0,0,0,0,1
48,7.86,40,17.99,3,0.19,-31.95,1,0,1,0,0,0,0,1,0,0,0,0,0,1,0,0,0,0,0,0,1,0,0,1
41,8.14,54,8.99,5,0.15,-45.71,0,0,0,0,0,1,0,0,0,0,1,0,0,0,0,1,0,0,0,0,0,1,0,1
48,6.66,34,13.99,5,0.19,-27.15,0,1,0,1,0,0,0,0,1,0,0,0,0,0,1,0,0,0,0,0,1,0,0,0
57,7.92,19,13.99,2,0.4,-10.68,0,1,0,1,0,0,0,1,0,0,1,0,0,0,0,1,0,0,0,0,1,0,0,0
36,19.63,1,17.99,2,9.81,28.439999999999998,0,0,1,0,0,0,1,0,0,0,0,0,0,0,0,1,0,0,0,0,0,0,0,0
47,7.22,38,17.99,2,0.19,-30.59,1,0,1,0,0,1,0,0,0,0,0,0,0,0,0,0,0,0,0,1,0,0,0,1
57,1.1,26,13.99,5,0.04,-24.86,0,1,0,1,0,1,0,0,0,0,0,0,0,0,0,0,0,0,0,0,0,0,1,0
39,2.09,3,8.99,3,0.52,-0.3900000000000001,0,0,0,0,0,0,0,1,0,1,0,0,0,1,0,0,0,0,1,0,0,0,0,1
48,22.06,47,8.99,1,0.46,-24.48,0,0,0,0,0,0,0,0,0,0,0,0,0,1,0,0,0,0,0,0,0,0,1,1
41,17.37,16,8.99,2,1.02,2.3900000000000006,0,0,0,0,0,0,0,1,0,0,1,0,0,0,0,0,1,1,0,0,0,0,0,0
68,3.06,59,13.99,5,0.05,-55.89,0,0,0,1,0,1,0,0,0,0,0,0,0,0,0,1,0,0,1,0,0,0,0,1
48,1.93,50,13.99,4,0.04,-48.03,1,0,0,1,1,0,0,0,0,0,0,1,0,0,0,1,0,0,0,1,0,0,0,1
46,9.61,15,8.99,1,0.6,-4.790000000000001,0,1,0,0,0,0,0,1,0,0,0,0,1,0,0,0,1,1,0,0,0,0,0,0
31,18.75,43,13.99,3,0.43,-23.82,1,0,0,1,0,0,0,1,0,0,1,0,0,0,0,1,0,0,0,0,0,0,0,1
61,9.71,36,17.99,1,0.26,-26.03,1,0,1,0,1,0,0,0,0,1,0,0,0,0,1,0,0,0,0,1,0,0,0,1
38,6.75,43,8.99,2,0.15,-36.1,1,0,0,0,1,0,0,0,0,0,1,0,0,0,0,0,1,0,0,0,1,0,0,1
40,3.8,10,8.99,3,0.35,-5.8500000000000005,0,0,0,0,0,0,0,0,0,0,0,0,0,0,0,0,0,1,0,0,0,0,0,1
31,5.69,22,17.99,4,0.25,-16.06,1,0,1,0,0,0,1,0,0,0,1,0,0,0,1,0,0,0,0,0,1,0,0,0
62,8.25,37,13.99,5,0.22,-28.53,1,0,0,1,0,0,0,0,1,0,0,0,0,0,0,0,1,1,0,0,0,0,0,0
66,12.91,34,17.99,5,0.37,-20.72,0,0,1,0,1,0,0,0,0,0,0,1,0,1,0,0,0,0,0,0,0,0,1,1
20,11.48,30,17.99,1,0.37,-18.15,0,0,1,0,0,0,0,0,1,0,0,0,1,0,1,0,0,0,0,0,0,1,0,0
68,21.72,28,17.99,3,0.75,-5.530000000000001,0,1,1,0,0,1,0,0,0,0,0,0,0,1,0,0,0,0,0,0,0,0,1,0
39,8.16,14,8.99,1,0.54,-5.300000000000001,0,1,0,0,0,0,0,0,1,1,0,0,0,0,0,0,1,1,0,0,0,0,0,0
32,11.91,36,8.99,5,0.32,-23.77,1,0,0,0,1,0,0,0,0,0,0,1,0,0,0,0,0,0,0,1,0,0,0,1
51,26.92,24,17.99,1,1.08,4.0,1,0,1,0,0,0,1,0,0,0,0,0,1,0,0,0,1,0,0,1,0,0,0,0
38,24.57,2,8.99,4,8.19,30.759999999999998,0,0,0,0,0,0,0,0,0,0,0,0,1,0,0,1,0,1,0,0,0,0,0,0
57,5.09,53,8.99,2,0.09,-47.82,1,0,0,0,0,1,0,0,0,0,0,0,0,1,0,0,0,0,0,0,0,0,1,1
54,2.54,52,8.99,4,0.05,-49.41,1,0,0,0,0,1,0,0,0,1,0,0,0,0,0,0,1,0,0,0,0,1,0,1
55,25.31,51,13.99,4,0.49,-25.200000000000003,0,0,0,1,0,1,0,0,0,0,0,1,0,0,0,1,0,0,0,0,1,0,0,0
63,13.77,51,17.99,5,0.26,-36.97,1,0,1,0,0,0,0,0,0,0,1,0,0,0,0,1,0,0,0,0,0,1,0,1
18,1.63,10,17.99,4,0.15,-8.22,0,1,1,0,0,0,0,0,0,0,0,0,0,0,0,0,0,1,0,0,0,0,0,0
40,6.2,10,13.99,3,0.56,-3.24,0,0,0,1,0,0,1,0,0,0,0,0,1,0,0,0,0,0,0,1,0,0,0,0
35,25.11,3,8.99,2,6.28,28.39,0,1,0,0,0,0,0,0,0,0,1,0,0,1,0,0,0,0,0,1,0,0,0,0
47,2.11,58,17.99,2,0.04,-55.85,1,0,1,0,0,0,0,1,0,0,0,0,1,0,0,1,0,0,0,0,1,0,0,1
39,57.19,19,13.99,5,2.86,41.05,0,0,0,1,0,0,0,0,0,0,1,0,0,0,0,1,0,0,1,0,0,0,0,0
52,27.37,12,8.99,2,2.11,17.48,1,0,0,0,0,0,0,0,1,0,0,1,0,0,0,0,0,0,0,0,0,1,0,0
68,20.54,14,8.99,5,1.37,7.91,0,1,0,0,0,0,0,0,0,0,0,1,0,0,0,0,1,0,0,0,0,0,1,0
47,14.8,19,8.99,2,0.74,-3.459999999999999,0,1,0,0,0,1,0,0,0,0,1,0,0,0,0,0,0,0,0,0,0,1,0,0
45,3.91,44,17.99,3,0.09,-40.0,0,0,1,0,0,0,0,0,0,0,0,0,0,0,0,0,0,1,0,0,0,0,0,1
18,5.09,13,17.99,2,0.36,-7.55,0,1,1,0,1,0,0,0,0,0,0,0,0,0,0,1,0,0,0,1,0,0,0,0
46,16.08,40,13.99,3,0.39,-23.53,0,1,0,1,0,0,0,1,0,0,0,0,0,1,0,0,0,0,0,0,0,0,0,1
44,8.65,60,13.99,1,0.14,-51.21,0,1,0,1,0,0,0,1,0,0,0,0,1,0,0,0,0,1,0,0,0,0,0,1
36,1.82,55,8.99,2,0.03,-53.15,0,1,0,0,0,1,0,0,0,1,0,0,0,0,0,0,1,0,0,0,0,0,1,1
35,9.43,10,13.99,2,0.86,0.28999999999999915,0,1,0,1,0,0,0,0,1,1,0,0,0,0,0,0,1,0,0,0,1,0,0,0
43,8.97,0,17.99,5,8.97,17.94,1,0,1,0,0,0,1,0,0,0,0,1,0,0,0,1,0,0,1,0,0,0,0,0
57,4.91,6,13.99,1,0.7,-0.3899999999999997,0,0,0,1,0,0,1,0,0,0,0,0,0,0,0,0,1,0,0,0,0,0,1,0
58,4.83,49,13.99,4,0.1,-44.07,1,0,0,1,1,0,0,0,0,0,0,1,0,0,0,0,1,0,1,0,0,0,0,1
65,4.09,18,8.99,2,0.22,-13.690000000000001,0,0,0,0,0,1,0,0,0,0,1,0,0,0,0,0,0,0,0,1,0,0,0,1
22,26.81,4,17.99,5,5.36,28.17,0,0,1,0,1,0,0,0,0,0,0,1,0,0,1,0,0,0,0,0,0,1,0,0
68,15.85,38,8.99,2,0.41,-21.740000000000002,0,0,0,0,0,0,0,0,1,0,0,1,0,1,0,0,0,0,0,0,1,0,0,1
68,3.01,27,8.99,3,0.11,-23.88,1,0,0,0,0,0,0,0,0,0,0,0,1,1,0,0,0,0,0,1,0,0,0,1
28,4.49,50,17.99,4,0.09,-45.42,1,0,1,0,0,0,0,1,0,0,0,0,0,1,0,0,0,0,0,1,0,0,0,1
23,2.63,4,13.99,3,0.53,-0.8399999999999999,0,0,0,1,0,0,0,1,0,0,1,0,0,0,0,0,1,1,0,0,0,0,0,0
51,8.63,23,13.99,1,0.36,-14.01,1,0,0,1,0,0,0,1,0,0,0,0,1,0,1,0,0,0,0,1,0,0,0,0
36,8.87,36,13.99,2,0.24,-26.89,1,0,0,1,0,0,1,0,0,0,0,0,0,0,0,1,0,0,0,0,0,1,0,1
68,5.99,19,17.99,4,0.3,-12.71,0,0,1,0,0,0,1,0,0,0,0,0,1,0,0,1,0,0,0,0,0,1,0,0
25,4.05,34,17.99,2,0.12,-29.83,0,0,1,0,1,0,0,0,0,0,0,0,0,0,0,1,0,0,1,0,0,0,0,1
25,14.39,53,8.99,4,0.27,-38.34,1,0,0,0,0,0,1,0,0,0,0,0,1,0,0,1,0,0,1,0,0,0,0,1
56,19.03,37,17.99,1,0.5,-17.47,0,0,1,0,0,0,0,0,1,0,0,0,1,0,0,0,0,0,0,0,0,1,0,0
51,4.98,28,13.99,5,0.17,-22.85,0,1,0,1,0,0,0,0,1,0,0,0,1,0,0,1,0,0,0,0,0,0,1,1
57,27.17,38,8.99,5,0.7,-10.129999999999999,0,1,0,0,0,0,0,0,1,0,0,1,0,0,0,0,1,1,0,0,0,0,0,0
24,5.81,32,13.99,4,0.18,-26.01,0,1,0,1,0,0,1,0,0,0,0,1,0,0,0,0,1,0,0,0,0,1,0,0
23,0.29,58,13.99,2,0.0,-57.71,1,0,0,1,0,1,0,0,0,0,0,0,0,0,0,1,0,0,1,0,0,0,0,1
66,10.48,29,17.99,3,0.35,-18.17,0,1,1,0,0,1,0,0,0,0,1,0,0,0,0,0,1,0,0,0,1,0,0,0
36,4.26,21,17.99,4,0.19,-16.55,0,0,1,0,0,1,0,0,0,0,0,1,0,0,0,0,1,0,0,0,1,0,0,0
23,0.03,60,8.99,1,0.0,-59.97,0,1,0,0,0,0,1,0,0,0,0,1,0,0,0,0,1,1,0,0,0,0,0,1
69,9.8,56,17.99,2,0.17,-46.03,1,0,1,0,0,0,0,1,0,0,0,1,0,0,0,1,0,0,1,0,0,0,0,1
21,13.79,39,13.99,5,0.34,-24.87,1,0,0,1,1,0,0,0,0,0,1,0,0,0,0,0,1,0,0,0,1,0,0,0
27,18.17,60,17.99,2,0.3,-41.53,1,0,1,0,0,0,1,0,0,0,1,0,0,0,0,0,1,0,1,0,0,0,0,1
58,27.98,8,17.99,1,3.11,23.09,1,0,1,0,0,0,1,0,0,0,1,0,0,1,0,0,0,0,0,0,0,1,0,0
37,10.84,29,13.99,4,0.36,-17.8,0,1,0,1,0,0,1,0,0,0,1,0,0,1,0,0,0,0,0,0,0,0,1,0
45,2.7,2,17.99,4,0.9,1.6,1,0,1,0,0,1,0,0,0,0,0,1,0,0,0,0,0,0,0,0,0,0,1,0
25,28.54,50,17.99,2,0.56,-20.900000000000002,0,0,1,0,0,1,0,0,0,0,0,0,1,0,0,0,1,0,1,0,0,0,0,0
58,3.44,17,17.99,3,0.19,-13.370000000000001,0,0,1,0,0,1,0,0,0,1,0,0,0,1,0,0,0,1,0,0,0,0,0,1
64,12.14,50,8.99,3,0.24,-37.62,0,0,0,0,0,1,0,0,0,0,0,0,0,0,0,0,1,0,0,0,1,0,0,1
19,10.38,58,13.99,5,0.18,-47.44,0,0,0,1,0,1,0,0,0,1,0,0,0,0,0,0,1,0,1,0,0,0,0,0
44,26.37,21,8.99,5,1.2,6.57,0,1,0,0,0,0,0,1,0,0,1,0,0,0,0,0,1,0,0,0,0,1,0,0
57,0.06,39,8.99,4,0.0,-38.94,1,0,0,0,0,0,1,0,0,0,0,1,0,1,0,0,0,0,0,0,0,0,1,1
26,0.97,49,17.99,1,0.02,-48.01,0,0,1,0,0,0,0,0,1,0,1,0,0,0,0,0,1,0,0,0,0,0,0,1
37,3.05,15,8.99,3,0.19,-11.76,1,0,0,0,0,0,0,0,1,0,0,0,1,0,0,1,0,0,0,0,0,0,1,1
63,0.83,41,13.99,2,0.02,-40.15,0,1,0,1,1,0,0,0,0,0,1,0,0,0,0,1,0,1,0,0,0,0,0,1
59,12.13,23,8.99,5,0.51,-10.36,0,0,0,0,1,0,0,0,0,0,0,1,0,0,1,0,0,0,0,1,0,0,0,0
65,11.25,22,8.99,3,0.49,-10.26,0,0,0,0,0,0,0,1,0,0,0,0,0,1,0,0,0,0,0,1,0,0,0,1
18,2.19,24,17.99,1,0.09,-21.72,0,1,1,0,0,0,0,0,0,0,1,0,0,1,0,0,0,0,1,0,0,0,0,1
49,17.05,16,8.99,4,1.0,2.0500000000000007,0,0,0,0,0,1,0,0,0,1,0,0,0,0,0,0,1,0,0,0,1,0,0,0
59,17.34,40,8.99,3,0.42,-22.24,0,0,0,0,0,1,0,0,0,0,1,0,0,0,1,0,0,1,0,0,0,0,0,1
25,0.27,60,17.99,1,0.0,-59.73,0,0,1,0,0,0,1,0,0,0,0,0,1,0,0,1,0,0,0,1,0,0,0,1
25,17.9,3,8.99,3,4.47,19.369999999999997,0,1,0,0,0,0,0,1,0,0,0,0,1,1,0,0,0,0,0,0,0,1,0,0
48,5.33,31,13.99,3,0.17,-25.5,1,0,0,1,0,0,1,0,0,0,0,0,1,1,0,0,0,0,1,0,0,0,0,1
26,0.75,59,8.99,2,0.01,-58.24,0,1,0,0,0,0,1,0,0,0,0,0,1,1,0,0,0,0,0,0,1,0,0,1
25,4.45,41,13.99,2,0.11,-36.44,1,0,0,1,0,0,1,0,0,0,0,1,0,0,0,1,0,0,1,0,0,0,0,1
42,2.96,30,13.99,5,0.1,-26.94,0,0,0,1,0,1,0,0,0,0,0,1,0,0,0,0,1,0,0,0,0,0,1,0
33,0.6,41,8.99,3,0.01,-40.39,0,0,0,0,0,0,0,0,1,0,0,0,1,0,1,0,0,0,1,0,0,0,0,1
58,10.77,44,13.99,1,0.24,-32.99,1,0,0,1,0,0,0,1,0,0,0,1,0,0,0,0,1,0,0,0,0,1,0,1
66,13.36,15,17.99,5,0.83,-0.8100000000000005,0,0,1,0,0,0,0,0,0,0,0,0,0,0,0,1,0,0,0,0,0,0,1,0
42,20.9,42,8.99,3,0.49,-20.610000000000003,1,0,0,0,0,1,0,0,0,0,0,0,1,0,0,0,0,0,0,1,0,0,0,1
50,7.18,23,17.99,3,0.3,-15.52,1,0,1,0,0,0,1,0,0,0,0,1,0,0,0,0,0,0,0,0,0,0,0,0
40,14.01,14,8.99,3,0.93,0.9399999999999995,0,1,0,0,0,1,0,0,0,1,0,0,0,0,1,0,0,0,0,0,0,1,0,0
36,16.68,60,17.99,5,0.27,-43.05,0,0,1,0,0,0,0,0,0,0,0,1,0,0,0,0,0,0,0,0,1,0,0,0
48,1.67,14,17.99,3,0.11,-12.22,0,1,1,0,1,0,0,0,0,1,0,0,0,0,0,1,0,0,0,0,0,0,1,1
60,14.45,52,8.99,5,0.27,-37.28,0,1,0,0,0,0,0,1,0,0,0,1,0,0,0,0,1,0,0,1,0,0,0,1
42,7.63,32,13.99,2,0.23,-24.14,1,0,0,1,0,0,0,1,0,0,0,0,1,0,0,0,0,0,0,0,0,0,0,1
31,6.29,24,13.99,3,0.25,-17.46,1,0,0,1,1,0,0,0,0,1,0,0,0,0,0,1,0,0,0,0,0,0,1,0
34,45.52,52,13.99,3,0.86,-5.619999999999997,1,0,0,1,0,0,0,0,1,1,0,0,0,0,0,0,0,0,0,0,0,0,0,0
21,0.15,48,8.99,4,0.0,-47.85,0,1,0,0,1,0,0,0,0,0,1,0,0,0,0,0,0,0,0,0,0,0,0,1
67,19.58,44,8.99,3,0.44,-23.98,0,0,0,0,0,1,0,0,0,0,0,0,1,0,1,0,0,0,0,0,0,1,0,1
30,2.27,0,13.99,2,2.27,4.54,1,0,0,1,0,0,1,0,0,0,0,0,1,1,0,0,0,0,0,0,0,0,0,0
55,18.02,36,17.99,4,0.49,-17.490000000000002,0,1,1,0,0,0,1,0,0,0,1,0,0,0,0,0,0,0,0,0,0,1,0,0
20,2.89,13,13.99,2,0.21,-9.9,1,0,0,1,0,0,0,0,1,0,0,0,0,0,1,0,0,0,0,0,0,0,1,1
52,10.6,38,17.99,4,0.27,-27.130000000000003,1,0,1,0,0,0,0,0,0,0,0,0,0,0,0,0,0,0,0,0,0,1,0,0
45,14.0,33,17.99,2,0.41,-18.59,1,0,1,0,0,0,1,0,0,0,0,1,0,0,0,0,0,0,0,0,1,0,0,1
31,7.69,57,8.99,5,0.13,-49.18,1,0,0,0,0,1,0,0,0,0,0,0,0,0,0,1,0,0,1,0,0,0,0,1
68,20.24,16,13.99,3,1.19,5.43,0,0,0,1,1,0,0,0,0,0,0,0,0,0,0,0,1,1,0,0,0,0,0,0
44,0.65,59,8.99,4,0.01,-58.34,0,0,0,0,0,0,0,0,0,0,0,1,0,0,0,0,1,0,0,0,1,0,0,1
29,4.19,54,17.99,1,0.08,-49.73,0,1,1,0,0,0,0,0,1,0,0,0,0,0,0,0,0,0,0,0,0,0,1,1
34,16.36,22,13.99,2,0.71,-4.93,1,0,0,1,0,0,0,1,0,0,0,0,0,0,0,1,0,0,0,0,0,1,0,0
35,7.93,19,17.99,5,0.4,-10.67,1,0,1,0,0,0,1,0,0,0,0,1,0,0,0,0,1,0,0,0,1,0,0,0
49,6.06,12,17.99,5,0.47,-5.470000000000001,1,0,1,0,1,0,0,0,0,0,0,1,0,0,0,0,1,1,0,0,0,0,0,0
54,9.44,36,8.99,4,0.26,-26.3,0,1,0,0,0,0,0,0,1,0,0,0,1,1,0,0,0,1,0,0,0,0,0,1
27,6.31,55,17.99,4,0.11,-48.58,1,0,1,0,0,0,0,0,0,0,0,0,1,0,0,0,1,1,0,0,0,0,0,0
44,15.75,47,13.99,4,0.33,-30.92,1,0,0,1,1,0,0,0,0,0,0,0,0,0,0,1,0,1,0,0,0,0,0,1
50,2.77,49,17.99,4,0.06,-46.17,0,1,1,0,0,0,0,0,1,0,1,0,0,0,1,0,0,0,0,1,0,0,0,1
49,3.07,44,8.99,1,0.07,-40.86,0,1,0,0,0,0,0,0,1,0,0,0,1,1,0,0,0,0,0,0,0,1,0,1
32,28.92,15,17.99,4,1.81,15.73,1,0,1,0,0,1,0,0,0,0,0,0,1,1,0,0,0,0,0,0,0,1,0,0
45,4.02,5,8.99,1,0.67,-0.3100000000000005,0,0,0,0,0,0,1,0,0,0,0,0,1,0,0,0,1,0,1,0,0,0,0,1
27,35.36,58,8.99,4,0.6,-22.04,0,0,0,0,1,0,0,0,0,0,0,0,0,0,0,0,1,0,0,1,0,0,0,0
43,13.19,10,8.99,5,1.2,4.389999999999999,0,1,0,0,1,0,0,0,0,0,0,1,0,1,0,0,0,1,0,0,0,0,0,0
64,23.36,52,17.99,4,0.44,-28.2,0,1,1,0,0,0,1,0,0,0,1,0,0,0,1,0,0,0,0,1,0,0,0,0
58,15.12,59,17.99,5,0.25,-43.63,0,1,1,0,0,0,0,0,0,0,0,0,1,0,1,0,0,0,0,0,0,0,0,0
23,1.43,30,17.99,5,0.05,-28.52,0,1,1,0,0,1,0,0,0,0,0,1,0,0,0,1,0,0,0,0,0,0,1,1
21,0.92,57,8.99,2,0.02,-56.06,1,0,0,0,0,0,0,0,0,1,0,0,0,1,0,0,0,0,0,0,0,0,0,1
44,2.0,40,13.99,1,0.05,-37.95,1,0,0,1,0,0,0,1,0,1,0,0,0,0,0,1,0,0,0,0,0,0,0,1
57,0.95,58,8.99,5,0.02,-57.03,0,0,0,0,1,0,0,0,0,0,0,1,0,0,0,0,0,1,0,0,0,0,0,1
34,18.98,40,17.99,5,0.46,-20.56,1,0,1,0,0,0,0,0,0,0,0,0,1,0,0,0,0,0,1,0,0,0,0,0
63,0.3,56,17.99,3,0.01,-55.69,1,0,1,0,0,0,0,1,0,0,1,0,0,1,0,0,0,0,0,0,1,0,0,1
57,0.66,59,17.99,5,0.01,-58.33,0,0,1,0,0,0,0,1,0,0,0,0,1,0,0,0,1,1,0,0,0,0,0,1
56,8.36,58,17.99,2,0.14,-49.5,1,0,1,0,0,0,1,0,0,0,1,0,0,0,0,1,0,0,0,0,1,0,0,1
22,0.48,24,13.99,2,0.02,-23.5,0,0,0,1,0,0,1,0,0,0,0,0,0,0,0,1,0,0,0,0,0,1,0,1
63,15.97,38,13.99,3,0.41,-21.62,0,0,0,1,0,0,0,0,1,0,0,0,1,0,0,1,0,0,0,1,0,0,0,1
62,4.82,10,8.99,5,0.44,-4.739999999999999,0,0,0,0,0,1,0,0,0,1,0,0,0,0,1,0,0,0,0,0,0,0,1,1
63,21.62,50,17.99,4,0.42,-27.959999999999997,0,1,1,0,0,0,0,1,0,0,0,0,0,0,0,1,0,0,0,0,0,1,0,0
21,0.2,21,17.99,5,0.01,-20.79,0,1,1,0,0,0,0,1,0,0,1,0,0,0,1,0,0,0,0,1,0,0,0,0
52,22.33,28,13.99,5,0.77,-4.900000000000002,1,0,0,1,0,0,0,0,1,0,0,0,0,0,0,0,1,0,0,0,0,0,1,0
33,18.3,14,17.99,1,1.22,5.52,0,0,1,0,0,1,0,0,0,0,0,0,1,1,0,0,0,0,0,0,0,0,1,0
39,17.05,37,13.99,1,0.45,-19.5,0,0,0,1,0,1,0,0,0,0,0,0,0,0,1,0,0,0,0,1,0,0,0,1
48,16.75,16,8.99,5,0.99,1.7399999999999984,0,0,0,0,0,0,0,0,0,1,0,0,0,0,0,1,0,0,1,0,0,0,0,0
46,23.02,59,17.99,2,0.38,-35.6,0,0,1,0,1,0,0,0,0,0,0,0,1,1,0,0,0,0,1,0,0,0,0,0
25,5.88,0,8.99,3,5.88,11.76,1,0,0,0,0,1,0,0,0,0,1,0,0,0,0,0,0,0,0,1,0,0,0,0
57,2.08,14,8.99,5,0.14,-11.78,0,1,0,0,0,0,1,0,0,0,1,0,0,0,0,0,0,0,0,0,0,0,0,1
18,28.08,11,17.99,2,2.34,19.419999999999998,1,0,1,0,0,0,0,1,0,1,0,0,0,0,0,1,0,0,0,0,0,1,0,0
62,16.1,54,8.99,2,0.29,-37.61,0,0,0,0,0,0,0,0,0,0,0,1,0,0,0,0,1,0,1,0,0,0,0,1
57,15.02,5,13.99,2,2.5,12.52,0,0,0,1,0,0,0,0,1,0,0,0,1,0,0,0,0,0,0,1,0,0,0,0
54,22.85,10,8.99,5,2.08,14.93,1,0,0,0,0,0,0,0,1,0,0,0,0,1,0,0,0,0,0,1,0,0,0,0
38,6.49,34,8.99,2,0.19,-27.32,0,1,0,0,0,0,1,0,0,0,0,1,0,0,1,0,0,0,0,0,1,0,0,1
68,19.16,24,8.99,4,0.77,-4.07,1,0,0,0,0,0,1,0,0,0,0,1,0,0,1,0,0,1,0,0,0,0,0,0
36,14.18,6,17.99,2,2.03,10.21,0,0,1,0,0,0,0,1,0,0,0,0,1,0,0,1,0,0,0,0,0,0,1,0
38,8.32,22,8.99,1,0.36,-13.32,1,0,0,0,1,0,0,0,0,1,0,0,0,0,1,0,0,0,1,0,0,0,0,1
40,9.64,34,17.99,1,0.28,-24.08,0,1,1,0,0,0,1,0,0,0,0,0,1,0,0,0,0,0,0,0,0,0,0,1
54,3.22,12,13.99,1,0.25,-8.53,0,1,0,1,0,0,0,0,0,1,0,0,0,0,0,0,0,0,0,1,0,0,0,1
59,14.96,8,8.99,2,1.66,8.620000000000001,1,0,0,0,1,0,0,0,0,1,0,0,0,0,0,0,0,0,0,0,0,1,0,0
46,6.99,34,8.99,2,0.2,-26.81,0,1,0,0,1,0,0,0,0,1,0,0,0,1,0,0,0,0,0,0,1,0,0,1
65,13.83,9,17.99,3,1.38,6.210000000000001,1,0,1,0,0,0,0,0,1,0,0,0,1,0,0,0,0,0,1,0,0,0,0,0
35,13.03,0,13.99,5,13.03,26.06,0,0,0,1,0,0,0,0,0,0,0,0,0,0,0,0,1,0,0,0,0,0,1,0
22,5.32,16,13.99,3,0.31,-10.370000000000001,0,1,0,1,1,0,0,0,0,1,0,0,0,0,0,0,0,1,0,0,0,0,0,0
53,20.16,1,8.99,5,10.08,29.240000000000002,0,0,0,0,0,0,1,0,0,0,0,0,1,0,1,0,0,0,1,0,0,0,0,0
18,25.3,51,17.99,3,0.49,-25.21,0,1,1,0,0,0,1,0,0,0,0,1,0,1,0,0,0,0,0,0,1,0,0,0
22,16.66,18,8.99,1,0.88,-0.46000000000000085,0,0,0,0,0,0,0,0,1,0,1,0,0,0,0,0,1,1,0,0,0,0,0,0
18,1.68,19,13.99,4,0.08,-17.24,1,0,0,1,0,0,0,0,1,1,0,0,0,1,0,0,0,0,0,0,0,0,1,1
53,8.33,4,8.99,2,1.67,6.0,0,1,0,0,1,0,0,0,0,0,0,0,1,1,0,0,0,0,0,0,0,1,0,0
47,3.51,50,17.99,1,0.07,-46.42,0,0,1,0,0,0,0,1,0,0,1,0,0,1,0,0,0,0,0,0,0,1,0,1
69,6.16,1,8.99,1,3.08,8.24,0,0,0,0,0,0,0,0,1,0,0,0,1,1,0,0,0,0,0,0,1,0,0,0
42,13.17,50,13.99,4,0.26,-36.57,0,0,0,1,0,0,0,0,0,0,1,0,0,0,0,0,1,0,1,0,0,0,0,0
41,1.65,9,17.99,2,0.16,-7.19,0,1,1,0,0,1,0,0,0,0,0,0,1,0,0,0,1,1,0,0,0,0,0,1
19,0.17,9,17.99,4,0.02,-8.81,1,0,1,0,0,0,0,0,1,0,0,0,0,0,1,0,0,0,0,0,1,0,0,0
45,11.74,17,8.99,4,0.65,-4.609999999999999,0,1,0,0,0,0,0,1,0,0,0,0,1,0,1,0,0,0,1,0,0,0,0,0
41,13.2,29,17.99,3,0.44,-15.360000000000001,0,0,1,0,0,0,0,0,0,1,0,0,0,1,0,0,0,0,0,0,1,0,0,0
25,36.4,28,17.99,5,1.26,9.659999999999997,0,0,1,0,0,1,0,0,0,0,1,0,0,1,0,0,0,0,0,1,0,0,0,0
23,51.87,25,13.99,2,1.99,28.86,0,0,0,1,1,0,0,0,0,0,0,0,0,1,0,0,0,0,0,0,0,0,0,0
21,14.17,60,13.99,5,0.23,-45.6,0,0,0,1,0,0,1,0,0,0,0,1,0,0,0,1,0,0,1,0,0,0,0,1
29,0.39,45,8.99,5,0.01,-44.6,0,0,0,0,0,0,0,0,0,0,0,1,0,0,1,0,0,1,0,0,0,0,0,1
34,5.67,20,13.99,4,0.27,-14.06,0,0,0,1,0,0,0,0,1,0,1,0,0,1,0,0,0,0,0,0,0,0,1,0
36,14.25,22,13.99,5,0.62,-7.130000000000001,0,1,0,1,0,0,0,1,0,0,1,0,0,0,0,0,1,0,0,0,1,0,0,0
35,28.04,59,17.99,2,0.47,-30.490000000000002,0,1,1,0,0,0,0,1,0,0,1,0,0,1,0,0,0,0,0,0,1,0,0,0
31,6.11,17,13.99,5,0.34,-10.55,1,0,0,1,0,1,0,0,0,0,1,0,0,0,0,0,0,0,0,0,0,0,1,0
57,6.13,3,17.99,3,1.53,4.66,1,0,1,0,1,0,0,0,0,0,0,0,0,0,0,0,1,0,0,0,0,0,1,0
46,3.39,5,8.99,4,0.57,-1.04,0,1,0,0,0,0,1,0,0,0,0,0,1,0,1,0,0,0,0,0,1,0,0,0
26,5.67,36,13.99,5,0.15,-30.18,0,0,0,1,0,0,0,0,1,0,0,1,0,0,0,0,1,0,0,0,0,0,1,0
30,0.28,56,8.99,2,0.0,-55.72,0,1,0,0,0,0,0,0,0,0,1,0,0,0,0,0,1,0,0,0,1,0,0,1
57,6.49,23,17.99,1,0.27,-16.240000000000002,0,0,1,0,0,0,0,1,0,1,0,0,0,0,0,1,0,0,0,0,0,1,0,0
24,3.55,59,8.99,3,0.06,-55.39,1,0,0,0,1,0,0,0,0,1,0,0,0,0,0,0,1,0,0,1,0,0,0,1
20,14.05,7,8.99,3,1.76,8.81,0,0,0,0,0,0,0,0,0,0,1,0,0,0,0,0,0,0,0,0,0,0,0,0
22,1.03,44,17.99,2,0.02,-42.95,0,0,1,0,0,0,0,0,0,0,0,1,0,0,1,0,0,0,0,1,0,0,0,1
62,3.62,34,8.99,3,0.1,-30.28,0,0,0,0,0,0,0,0,0,0,1,0,0,0,0,0,1,0,0,1,0,0,0,1
56,2.54,39,8.99,5,0.06,-36.4,0,0,0,0,0,0,1,0,0,0,0,0,0,0,0,0,1,0,0,0,0,0,1,1
22,2.59,2,8.99,1,0.86,1.4499999999999997,0,1,0,0,0,0,0,0,0,0,0,1,0,0,0,1,0,0,1,0,0,0,0,1
43,8.05,13,8.99,5,0.58,-4.369999999999999,0,1,0,0,0,0,1,0,0,0,0,0,0,0,0,0,1,0,0,0,1,0,0,0
46,16.95,32,13.99,2,0.51,-14.54,0,1,0,1,0,0,0,1,0,1,0,0,0,0,1,0,0,0,0,1,0,0,0,0
38,2.76,30,13.99,4,0.09,-27.15,1,0,0,1,0,0,1,0,0,0,0,0,0,0,0,1,0,0,0,1,0,0,0,1
36,13.25,19,17.99,1,0.66,-5.09,0,1,1,0,0,0,1,0,0,0,0,0,1,0,0,1,0,0,0,0,0,1,0,0
41,14.82,33,13.99,2,0.44,-17.740000000000002,1,0,0,1,0,1,0,0,0,1,0,0,0,0,1,0,0,0,0,0,0,1,0,1
39,2.52,52,8.99,2,0.05,-49.43,0,1,0,0,0,0,0,1,0,0,0,0,0,0,0,0,1,0,0,0,0,1,0,1
31,9.71,16,8.99,3,0.57,-5.719999999999999,1,0,0,0,0,0,1,0,0,0,0,1,0,1,0,0,0,0,0,0,0,0,1,0
29,5.29,8,17.99,3,0.59,-2.12,0,0,1,0,0,0,0,1,0,0,0,0,1,0,1,0,0,0,0,0,1,0,0,0
33,9.81,39,8.99,3,0.25,-28.939999999999998,0,0,0,0,0,0,1,0,0,0,0,0,1,0,0,1,0,0,0,0,0,0,1,1
30,5.21,11,13.99,3,0.43,-5.36,0,1,0,1,0,0,0,1,0,0,0,0,1,0,0,0,1,0,0,0,0,1,0,0
51,6.7,58,8.99,4,0.11,-51.19,0,1,0,0,0,0,0,1,0,0,0,0,1,0,0,1,0,0,0,0,1,0,0,1
40,7.88,9,13.99,2,0.79,-0.33000000000000007,0,0,0,1,0,0,0,1,0,0,1,0,0,1,0,0,0,0,0,0,0,0,1,0
36,41.02,47,17.99,3,0.85,-5.1299999999999955,0,1,1,0,0,1,0,0,0,0,0,1,0,0,1,0,0,0,0,1,0,0,0,0
65,46.29,39,8.99,5,1.16,8.449999999999996,1,0,0,0,0,0,1,0,0,0,0,0,1,0,0,0,1,0,0,1,0,0,0,0
58,59.99,11,17.99,2,5.0,53.99000000000001,0,0,1,0,0,0,1,0,0,0,0,0,0,0,0,0,0,1,0,0,0,0,0,0
43,1.18,31,8.99,1,0.04,-29.78,1,0,0,0,1,0,0,0,0,0,0,0,0,0,1,0,0,0,0,0,0,0,0,1
70,8.26,2,8.99,4,2.75,9.01,0,1,0,0,1,0,0,0,0,0,0,1,0,0,1,0,0,1,0,0,0,0,0,0
49,20.37,30,13.99,1,0.66,-8.969999999999999,1,0,0,1,0,1,0,0,0,0,1,0,0,1,0,0,0,0,0,1,0,0,0,0
30,3.36,2,13.99,2,1.12,2.4800000000000004,0,1,0,1,0,0,0,1,0,1,0,0,0,1,0,0,0,0,0,0,0,0,1,0
43,17.66,7,8.99,1,2.21,12.870000000000001,1,0,0,0,1,0,0,0,0,1,0,0,0,1,0,0,0,0,0,0,1,0,0,0
47,0.83,42,8.99,2,0.02,-41.15,1,0,0,0,0,0,1,0,0,0,0,1,0,0,0,0,0,0,0,0,1,0,0,1
47,25.17,1,17.99,5,12.59,36.760000000000005,1,0,1,0,0,0,0,0,0,0,0,0,0,1,0,0,0,0,0,0,0,0,1,0
51,6.79,3,13.99,4,1.7,5.49,0,0,0,1,1,0,0,0,0,0,0,0,1,0,0,1,0,0,0,0,0,0,0,0
38,11.56,38,17.99,4,0.3,-26.14,1,0,1,0,0,0,1,0,0,0,1,0,0,0,0,1,0,0,0,0,0,1,0,1
48,60.85,10,8.99,5,5.53,56.379999999999995,0,1,0,0,0,0,0,0,0,0,0,0,0,0,1,0,0,0,0,0,1,0,0,0
28,5.29,18,13.99,1,0.28,-12.43,1,0,0,1,0,1,0,0,0,0,0,0,0,0,1,0,0,0,0,0,1,0,0,0
32,1.7,45,13.99,5,0.04,-43.26,0,0,0,1,0,0,0,0,0,0,1,0,0,0,0,1,0,1,0,0,0,0,0,1
57,27.17,41,17.99,4,0.65,-13.18,0,1,1,0,0,0,0,0,1,0,0,1,0,0,0,0,1,0,0,0,0,0,1,0
44,8.03,57,13.99,5,0.14,-48.83,1,0,0,1,0,0,0,0,1,0,0,1,0,1,0,0,0,0,0,0,1,0,0,1
18,5.41,20,13.99,3,0.26,-14.33,0,1,0,1,0,0,0,0,0,0,0,0,1,1,0,0,0,0,0,0,0,0,0,0
18,10.17,46,8.99,1,0.22,-35.61,1,0,0,0,0,1,0,0,0,0,1,0,0,0,1,0,0,0,0,1,0,0,0,1
21,16.74,39,13.99,3,0.42,-21.84,0,0,0,1,0,0,0,1,0,1,0,0,0,0,0,1,0,0,0,0,0,0,0,1
29,1.38,4,17.99,3,0.28,-2.34,0,0,1,0,0,1,0,0,0,1,0,0,0,0,0,1,0,0,0,0,0,0,1,1
63,21.06,17,17.99,1,1.17,5.229999999999997,0,0,1,0,0,0,0,0,0,0,0,0,0,1,0,0,0,1,0,0,0,0,0,0
64,11.77,9,8.99,2,1.18,3.9499999999999993,0,0,0,0,0,0,0,0,0,0,1,0,0,1,0,0,0,0,0,0,0,0,0,0
21,20.56,0,17.99,5,20.56,41.12,0,0,1,0,0,0,0,0,0,1,0,0,0,1,0,0,0,0,1,0,0,0,0,0
50,6.36,57,8.99,5,0.11,-50.53,0,1,0,0,0,1,0,0,0,0,1,0,0,0,1,0,0,0,1,0,0,0,0,1
23,12.14,9,13.99,3,1.21,4.350000000000001,0,0,0,1,0,0,1,0,0,0,0,1,0,1,0,0,0,0,0,0,0,1,0,0
65,15.97,2,13.99,1,5.32,19.29,0,0,0,1,0,0,0,0,0,0,0,1,0,1,0,0,0,0,0,1,0,0,0,0
49,3.75,0,13.99,4,3.75,7.5,1,0,0,1,0,0,1,0,0,0,0,0,1,0,0,0,0,0,0,0,1,0,0,0
29,0.24,23,13.99,2,0.01,-22.75,0,0,0,1,0,0,0,1,0,0,0,1,0,0,0,0,0,0,1,0,0,0,0,1
55,18.98,34,8.99,5,0.54,-14.48,0,0,0,0,0,0,0,0,1,0,0,0,0,0,0,0,1,0,1,0,0,0,0,0
63,2.96,25,17.99,4,0.11,-21.93,1,0,1,0,0,0,1,0,0,0,0,0,0,0,1,0,0,0,0,0,0,0,0,0
66,1.4,23,17.99,2,0.06,-21.54,0,1,1,0,1,0,0,0,0,1,0,0,0,0,0,1,0,0,1,0,0,0,0,1
24,3.05,54,8.99,3,0.06,-50.89,0,1,0,0,0,0,0,1,0,0,0,0,0,0,0,1,0,0,0,1,0,0,0,1
22,5.15,25,8.99,4,0.2,-19.65,1,0,0,0,0,0,0,0,0,1,0,0,0,1,0,0,0,0,1,0,0,0,0,0
34,26.14,15,17.99,3,1.63,12.77,1,0,1,0,0,0,0,1,0,0,1,0,0,0,1,0,0,0,0,0,0,1,0,0
64,8.46,20,17.99,4,0.4,-11.139999999999999,0,1,1,0,1,0,0,0,0,1,0,0,0,0,1,0,0,0,0,0,0,1,0,0
67,3.68,34,8.99,1,0.11,-30.21,0,0,0,0,0,0,1,0,0,0,0,0,1,0,0,0,1,0,0,0,0,0,1,1
38,6.77,49,13.99,3,0.14,-42.09,1,0,0,1,0,1,0,0,0,0,1,0,0,0,0,1,0,0,0,0,0,1,0,1
57,1.24,52,8.99,4,0.02,-50.74,0,0,0,0,0,1,0,0,0,0,0,0,0,0,0,0,0,0,0,0,0,0,1,1
31,1.04,46,8.99,1,0.02,-44.94,1,0,0,0,0,0,0,0,1,0,0,1,0,0,0,0,1,0,0,0,0,1,0,1
43,1.63,0,8.99,3,1.63,3.26,1,0,0,0,0,0,0,1,0,0,1,0,0,0,0,0,0,0,1,0,0,0,0,0
69,3.66,53,17.99,4,0.07,-49.27,0,1,1,0,0,0,0,1,0,0,0,1,0,1,0,0,0,0,0,0,0,0,1,1
55,9.28,42,8.99,2,0.22,-32.5,1,0,0,0,1,0,0,0,0,1,0,0,0,0,0,0,1,0,0,0,1,0,0,1
43,77.57,6,13.99,4,11.08,82.64999999999999,0,1,0,1,0,0,0,0,1,0,1,0,0,0,0,0,0,1,0,0,0,0,0,0
46,3.16,5,17.99,5,0.53,-1.3099999999999996,0,0,1,0,1,0,0,0,0,0,0,1,0,0,1,0,0,0,0,0,0,0,0,0
60,9.31,2,17.99,5,3.1,10.41,0,0,1,0,0,1,0,0,0,0,0,0,0,0,0,0,1,0,0,0,1,0,0,0
32,24.08,37,17.99,3,0.63,-12.290000000000003,1,0,1,0,0,0,0,1,0,0,0,0,1,0,1,0,0,0,0,0,0,0,0,0
42,12.95,41,8.99,1,0.31,-27.740000000000002,0,1,0,0,0,0,0,1,0,0,0,0,0,0,0,1,0,1,0,0,0,0,0,1
32,9.8,5,13.99,3,1.63,6.43,0,0,0,1,0,0,1,0,0,0,0,0,1,0,0,0,0,0,0,1,0,0,0,0
35,23.05,14,13.99,4,1.54,10.59,1,0,0,1,0,0,0,0,0,1,0,0,0,0,1,0,0,0,1,0,0,0,0,0
60,12.11,33,8.99,4,0.36,-20.53,0,1,0,0,0,0,0,1,0,0,0,0,0,1,0,0,0,1,0,0,0,0,0,1
68,2.58,37,13.99,3,0.07,-34.35,0,0,0,1,0,0,0,0,1,0,0,0,1,0,1,0,0,0,0,0,0,0,1,1
43,16.48,17,13.99,3,0.92,0.40000000000000213,1,0,0,1,0,0,1,0,0,0,0,0,1,0,0,1,0,1,0,0,0,0,0,0
64,10.46,51,13.99,2,0.2,-40.34,1,0,0,1,0,0,0,0,1,1,0,0,0,0,0,0,0,1,0,0,0,0,0,1
56,2.15,12,8.99,5,0.17,-9.68,0,0,0,0,0,0,0,0,1,1,0,0,0,0,0,0,1,0,0,1,0,0,0,1
56,19.25,28,17.99,5,0.66,-8.09,0,1,1,0,0,0,1,0,0,1,0,0,0,0,0,0,0,0,0,0,0,0,0,0
57,8.62,40,17.99,2,0.21,-31.17,0,1,1,0,0,0,0,0,0,0,0,0,0,0,0,0,1,0,0,0,0,1,0,1
38,10.23,18,13.99,5,0.54,-7.23,0,1,0,1,0,0,0,0,0,0,0,1,0,0,0,0,1,0,1,0,0,0,0,0
35,21.23,9,17.99,5,2.12,14.350000000000001,0,1,1,0,1,0,0,0,0,0,0,1,0,0,0,0,1,0,0,0,1,0,0,0
35,16.65,46,8.99,3,0.35,-29.0,1,0,0,0,1,0,0,0,0,0,0,1,0,1,0,0,0,0,0,0,0,1,0,1
58,6.62,25,13.99,2,0.25,-18.13,0,1,0,1,0,0,0,0,0,0,0,1,0,0,1,0,0,0,0,1,0,0,0,0
38,6.67,39,8.99,3,0.17,-32.16,1,0,0,0,0,0,1,0,0,1,0,0,0,0,0,1,0,0,0,1,0,0,0,1
69,4.86,27,13.99,3,0.17,-21.97,1,0,0,1,0,0,1,0,0,0,0,0,0,0,0,1,0,0,0,0,1,0,0,1
47,19.26,57,8.99,2,0.33,-37.41,1,0,0,0,0,1,0,0,0,0,0,1,0,0,0,0,1,0,0,0,0,0,0,1
49,7.9,20,17.99,2,0.38,-11.719999999999999,1,0,1,0,0,1,0,0,0,0,1,0,0,1,0,0,0,0,0,0,1,0,0,0
26,8.88,42,13.99,1,0.21,-32.91,0,0,0,1,0,0,0,0,0,0,0,0,0,0,1,0,0,0,1,0,0,0,0,1
28,25.32,6,17.99,1,3.62,22.94,0,0,1,0,0,0,0,0,1,1,0,0,0,0,0,1,0,0,0,0,0,0,0,0
36,12.08,60,13.99,2,0.2,-47.72,0,0,0,1,0,1,0,0,0,0,1,0,0,0,0,0,1,1,0,0,0,0,0,1
28,2.01,35,17.99,2,0.06,-32.93,1,0,1,0,0,1,0,0,0,0,0,0,1,0,0,1,0,0,1,0,0,0,0,1
24,9.24,23,17.99,3,0.39,-13.37,1,0,1,0,0,0,0,1,0,0,0,0,0,0,1,0,0,0,1,0,0,0,0,0
59,18.05,19,17.99,3,0.9,-0.05000000000000071,0,1,1,0,1,0,0,0,0,0,0,1,0,0,0,0,1,0,1,0,0,0,0,0
69,3.12,47,8.99,3,0.07,-43.81,0,1,0,0,0,0,0,0,1,0,1,0,0,1,0,0,0,0,1,0,0,0,0,1
46,26.01,3,17.99,3,6.5,29.510000000000005,1,0,1,0,1,0,0,0,0,0,1,0,0,0,1,0,0,0,0,0,1,0,0,0
62,36.03,46,13.99,2,0.77,-9.199999999999996,0,1,0,1,0,0,1,0,0,0,1,0,0,0,0,1,0,0,1,0,0,0,0,0
60,1.85,28,13.99,3,0.06,-26.09,0,0,0,1,0,0,0,0,0,0,1,0,0,0,0,0,1,1,0,0,0,0,0,1
33,1.32,36,13.99,1,0.04,-34.64,0,0,0,1,0,0,0,0,1,1,0,0,0,1,0,0,0,0,0,1,0,0,0,1
51,16.96,15,17.99,5,1.06,3.0199999999999996,0,0,1,0,0,0,0,1,0,1,0,0,0,0,0,0,0,0,0,0,0,0,1,0
32,0.54,5,8.99,2,0.09,-4.37,0,0,0,0,0,0,0,1,0,1,0,0,0,0,0,0,1,0,0,1,0,0,0,1
40,11.56,48,13.99,5,0.24,-36.2,0,1,0,1,1,0,0,0,0,0,0,0,1,0,0,1,0,0,1,0,0,0,0,1
62,9.58,25,17.99,2,0.37,-15.05,0,1,1,0,1,0,0,0,0,0,0,0,1,0,0,0,0,1,0,0,0,0,0,0
56,6.24,2,17.99,4,2.08,6.32,1,0,1,0,0,0,0,1,0,0,0,0,1,1,0,0,0,0,0,0,0,0,1,0
22,12.87,59,17.99,4,0.21,-45.92,1,0,1,0,0,1,0,0,0,0,0,0,1,0,0,1,0,0,0,0,0,1,0,1
31,11.93,15,13.99,4,0.75,-2.3200000000000003,1,0,0,1,0,0,0,0,0,0,0,0,1,0,0,1,0,0,0,0,1,0,0,0
60,7.25,35,17.99,5,0.2,-27.55,1,0,1,0,1,0,0,0,0,0,0,1,0,0,1,0,0,0,0,0,0,0,1,0
64,6.68,24,8.99,2,0.27,-17.05,1,0,0,0,1,0,0,0,0,1,0,0,0,1,0,0,0,0,0,0,1,0,0,1
53,6.64,37,8.99,5,0.17,-30.19,1,0,0,0,0,0,0,0,0,0,0,0,0,0,0,0,0,0,1,0,0,0,0,1
21,8.6,46,13.99,4,0.18,-37.22,0,0,0,1,0,1,0,0,0,0,1,0,0,0,0,0,1,0,0,0,0,0,0,0
45,25.59,22,13.99,2,1.11,4.699999999999999,0,1,0,1,0,1,0,0,0,0,0,1,0,0,0,0,0,0,0,0,0,0,1,0
37,11.52,38,8.99,4,0.3,-26.18,1,0,0,0,0,0,0,1,0,0,0,1,0,0,0,0,1,0,0,0,0,0,0,1
18,47.29,23,8.99,3,1.97,26.259999999999998,0,0,0,0,1,0,0,0,0,0,0,1,0,0,0,0,1,0,0,0,0,1,0,0
28,2.66,55,8.99,5,0.05,-52.29,0,0,0,0,0,0,0,0,0,1,0,0,0,1,0,0,0,0,0,0,0,0,0,1
38,8.81,1,8.99,4,4.41,12.22,0,1,0,0,0,0,1,0,0,0,0,0,0,0,0,1,0,0,0,0,0,0,0,0
54,1.07,59,8.99,1,0.02,-57.91,0,1,0,0,0,1,0,0,0,0,0,1,0,0,0,0,0,0,1,0,0,0,0,1
36,48.01,29,13.99,5,1.6,20.61,1,0,0,1,0,0,0,0,0,0,0,0,1,1,0,0,0,0,0,0,0,0,1,0
61,26.05,21,13.99,1,1.18,6.23,1,0,0,1,0,0,1,0,0,0,0,0,1,0,1,0,0,0,1,0,0,0,0,0
65,16.68,9,17.99,2,1.67,9.350000000000001,0,1,1,0,1,0,0,0,0,0,1,0,0,0,1,0,0,0,0,0,0,1,0,0
25,9.64,54,13.99,3,0.18,-44.18,0,0,0,1,0,0,0,1,0,0,0,1,0,0,0,0,0,0,0,1,0,0,0,1
37,18.78,33,8.99,3,0.55,-13.669999999999998,1,0,0,0,0,0,1,0,0,0,0,0,1,0,1,0,0,0,0,0,1,0,0,1
59,4.9,56,17.99,4,0.09,-51.01,1,0,1,0,0,0,0,1,0,1,0,0,0,1,0,0,0,0,1,0,0,0,0,1
64,3.98,58,8.99,5,0.07,-53.95,0,0,0,0,0,0,0,1,0,1,0,0,0,0,0,0,1,0,0,0,0,0,1,1
44,8.02,9,8.99,4,0.8,-0.17999999999999972,1,0,0,0,0,0,1,0,0,0,0,1,0,1,0,0,0,1,0,0,0,0,0,0
21,1.83,21,17.99,1,0.08,-19.09,1,0,1,0,0,0,1,0,0,0,0,1,0,0,0,1,0,1,0,0,0,0,0,1
31,3.9,33,13.99,3,0.11,-28.990000000000002,0,1,0,1,0,0,0,1,0,1,0,0,0,0,1,0,0,0,0,0,0,0,0,1
46,7.63,31,8.99,5,0.24,-23.13,0,1,0,0,1,0,0,0,0,0,0,0,1,0,0,1,0,0,0,0,0,1,0,1
32,2.38,3,17.99,4,0.59,-0.03000000000000025,1,0,1,0,1,0,0,0,0,0,1,0,0,0,0,1,0,0,0,1,0,0,0,0
20,1.27,46,8.99,1,0.03,-44.7,0,0,0,0,1,0,0,0,0,0,0,0,0,0,0,0,1,0,0,0,1,0,0,1
49,5.3,44,8.99,3,0.12,-38.58,1,0,0,0,0,0,0,1,0,0,0,1,0,0,0,0,0,1,0,0,0,0,0,1
18,3.11,48,8.99,2,0.06,-44.83,1,0,0,0,0,1,0,0,0,0,0,1,0,0,0,0,0,0,0,0,0,0,1,1
65,23.31,25,17.99,2,0.9,-0.7900000000000027,1,0,1,0,0,0,0,0,1,0,0,0,1,0,1,0,0,0,0,0,0,0,0,0
28,0.61,59,13.99,5,0.01,-58.38,0,0,0,1,0,0,0,0,0,1,0,0,0,0,0,1,0,0,0,0,0,1,0,1
62,0.99,43,17.99,5,0.02,-41.99,1,0,1,0,1,0,0,0,0,0,1,0,0,0,1,0,0,0,1,0,0,0,0,1
22,10.96,50,13.99,4,0.21,-38.83,1,0,0,1,1,0,0,0,0,1,0,0,0,1,0,0,0,0,0,1,0,0,0,1
29,16.95,53,17.99,3,0.31,-35.74,0,1,1,0,0,0,0,0,0,0,1,0,0,0,0,0,1,0,0,0,0,1,0,1
37,5.31,38,13.99,5,0.14,-32.55,0,0,0,1,1,0,0,0,0,0,0,1,0,0,0,0,1,0,0,0,0,0,1,0
34,8.59,20,13.99,1,0.41,-11.0,0,1,0,1,0,1,0,0,0,0,0,1,0,0,0,1,0,0,0,0,0,1,0,0
60,36.07,38,8.99,5,0.92,-1.009999999999998,0,1,0,0,0,0,0,1,0,0,0,1,0,0,1,0,0,0,0,0,0,1,0,0
57,2.86,49,8.99,2,0.06,-46.08,0,0,0,0,0,1,0,0,0,0,0,0,0,0,1,0,0,0,1,0,0,0,0,1
33,24.94,16,8.99,1,1.47,10.41,0,1,0,0,0,0,0,0,1,0,1,0,0,0,0,0,0,0,0,1,0,0,0,0
26,26.4,22,13.99,1,1.15,5.549999999999997,1,0,0,1,0,0,1,0,0,0,0,1,0,0,0,0,0,0,0,0,0,1,0,0
28,14.45,4,13.99,5,2.89,13.34,0,1,0,1,0,1,0,0,0,1,0,0,0,0,0,0,0,0,0,0,1,0,0,0
53,4.49,10,17.99,1,0.41,-5.1,0,1,1,0,0,0,0,0,1,0,0,0,1,0,1,0,0,0,0,0,0,0,0,1
45,4.22,18,8.99,3,0.22,-13.56,1,0,0,0,0,0,0,0,0,0,0,0,0,1,0,0,0,0,0,0,0,0,1,1
62,16.62,21,8.99,3,0.76,-3.6199999999999974,0,1,0,0,0,0,0,0,1,0,0,0,0,0,0,1,0,0,0,0,0,0,0,0
28,1.07,9,13.99,1,0.11,-7.82,0,1,0,1,0,0,0,0,0,0,1,0,0,0,0,0,1,1,0,0,0,0,0,1
53,27.73,32,17.99,4,0.84,-3.4299999999999997,0,1,1,0,0,0,0,0,0,0,0,0,0,0,1,0,0,1,0,0,0,0,0,0
20,1.4,51,8.99,4,0.03,-49.57,1,0,0,0,0,0,0,0,1,0,0,1,0,0,0,1,0,1,0,0,0,0,0,1
59,10.64,36,13.99,2,0.29,-25.07,1,0,0,1,0,0,0,1,0,0,0,0,0,0,0,1,0,0,0,1,0,0,0,1
66,8.01,53,8.99,1,0.15,-44.84,1,0,0,0,0,1,0,0,0,0,0,0,1,0,0,0,0,1,0,0,0,0,0,1
41,7.04,30,8.99,5,0.23,-22.73,1,0,0,0,0,0,0,0,1,0,0,0,1,0,1,0,0,0,0,0,0,0,1,0
51,7.54,5,8.99,4,1.26,3.8000000000000007,1,0,0,0,0,1,0,0,0,0,0,0,0,0,1,0,0,0,0,0,0,0,0,0
29,17.26,17,13.99,2,0.96,1.2200000000000024,0,0,0,1,0,0,0,1,0,0,0,0,1,0,0,1,0,0,0,1,0,0,0,0
58,14.44,43,17.99,3,0.33,-28.23,0,1,1,0,0,0,1,0,0,0,0,0,1,0,0,1,0,0,0,0,1,0,0,1
28,6.97,9,13.99,4,0.7,-1.33,0,1,0,1,0,0,0,0,0,0,0,0,0,0,1,0,0,0,0,0,1,0,0,0
29,14.87,12,17.99,4,1.14,4.009999999999998,0,0,1,0,0,0,1,0,0,1,0,0,0,0,0,0,0,0,0,0,0,0,0,0
62,4.16,29,13.99,3,0.14,-24.7,0,1,0,1,0,1,0,0,0,0,0,0,0,0,0,0,1,0,0,0,0,0,1,1
62,21.86,22,8.99,5,0.95,0.8099999999999987,0,1,0,0,0,0,0,1,0,0,0,1,0,1,0,0,0,0,0,0,0,0,1,0
58,8.4,44,8.99,2,0.19,-35.41,0,0,0,0,0,0,0,0,0,1,0,0,0,0,0,1,0,0,1,0,0,0,0,1
21,25.32,60,13.99,4,0.42,-34.26,0,0,0,1,0,1,0,0,0,0,1,0,0,1,0,0,0,1,0,0,0,0,0,0
38,22.74,60,8.99,3,0.37,-36.89,1,0,0,0,1,0,0,0,0,0,0,0,0,0,0,1,0,0,1,0,0,0,0,1
19,16.26,17,13.99,1,0.9,0.16000000000000014,0,0,0,1,0,1,0,0,0,0,0,0,1,0,0,0,0,0,0,1,0,0,0,0
46,13.83,44,8.99,4,0.31,-29.86,0,1,0,0,0,0,1,0,0,0,1,0,0,0,1,0,0,0,0,0,0,0,0,1
38,0.9,35,13.99,2,0.03,-34.07,0,0,0,1,0,0,1,0,0,0,0,0,0,0,0,0,1,0,0,0,0,0,1,1
36,37.54,54,13.99,2,0.68,-15.780000000000001,1,0,0,1,0,1,0,0,0,0,0,1,0,0,0,0,1,0,0,0,0,1,0,0
42,1.64,17,13.99,5,0.09,-15.27,1,0,0,1,0,0,0,1,0,0,0,0,0,0,1,0,0,1,0,0,0,0,0,0
43,5.61,41,13.99,1,0.13,-35.26,1,0,0,1,0,1,0,0,0,0,0,0,1,0,0,0,1,0,0,0,1,0,0,1
60,7.61,20,17.99,1,0.36,-12.03,0,1,1,0,0,1,0,0,0,1,0,0,0,0,0,0,1,0,0,0,0,0,0,0
55,14.71,20,13.99,2,0.7,-4.59,0,0,0,1,0,0,0,0,1,0,0,0,0,0,0,0,0,0,0,0,1,0,0,0
41,27.09,7,8.99,5,3.39,23.48,0,0,0,0,0,0,0,0,1,0,0,1,0,0,0,0,0,0,0,0,0,0,0,0
51,7.92,16,17.99,2,0.47,-7.609999999999999,1,0,1,0,0,0,0,0,0,0,1,0,0,0,1,0,0,0,1,0,0,0,0,0
32,12.06,26,8.99,3,0.45,-13.49,0,1,0,0,1,0,0,0,0,1,0,0,0,0,0,0,1,0,0,1,0,0,0,0
35,2.22,4,8.99,2,0.44,-1.3399999999999999,0,0,0,0,0,0,0,0,0,0,0,0,0,0,0,0,1,1,0,0,0,0,0,1
63,20.68,26,17.99,5,0.77,-4.550000000000001,1,0,1,0,1,0,0,0,0,0,0,0,1,1,0,0,0,0,0,0,1,0,0,0
39,4.0,32,17.99,2,0.12,-27.88,0,1,1,0,0,0,0,0,1,0,1,0,0,0,1,0,0,0,0,0,1,0,0,1
19,2.79,33,8.99,4,0.08,-30.13,1,0,0,0,0,0,0,1,0,0,0,0,1,0,0,0,1,0,0,0,0,0,1,1
33,9.64,30,8.99,5,0.31,-20.049999999999997,0,0,0,0,1,0,0,0,0,0,1,0,0,1,0,0,0,0,1,0,0,0,0,0
63,39.55,42,8.99,1,0.92,-1.5300000000000011,1,0,0,0,0,0,1,0,0,0,0,0,1,0,0,1,0,0,0,0,0,0,1,1
18,2.13,20,8.99,1,0.1,-17.77,0,1,0,0,0,0,0,1,0,1,0,0,0,0,0,0,0,0,0,0,0,0,1,1
22,32.64,30,17.99,5,1.05,3.6899999999999977,0,1,1,0,0,0,0,1,0,0,1,0,0,0,0,0,0,0,0,0,0,0,1,0
42,20.52,5,8.99,2,3.42,18.939999999999998,0,1,0,0,0,1,0,0,0,0,0,0,1,0,1,0,0,0,0,0,0,1,0,0
42,3.49,55,17.99,4,0.06,-51.45,1,0,1,0,0,0,0,1,0,0,0,0,1,0,0,1,0,0,0,0,1,0,0,1
24,14.8,28,8.99,5,0.51,-12.69,0,0,0,0,0,0,1,0,0,1,0,0,0,0,1,0,0,0,0,1,0,0,0,0
30,4.39,52,8.99,3,0.08,-47.53,0,0,0,0,0,0,1,0,0,0,0,1,0,0,0,0,0,0,0,1,0,0,0,1
22,5.45,16,17.99,1,0.32,-10.23,1,0,1,0,0,0,1,0,0,0,0,0,0,0,0,0,0,0,0,0,0,1,0,0
54,15.65,53,13.99,2,0.29,-37.06,1,0,0,1,0,0,0,1,0,0,0,0,1,0,0,1,0,0,0,0,0,0,1,1
68,5.33,26,13.99,5,0.2,-20.47,0,1,0,1,0,0,1,0,0,1,0,0,0,1,0,0,0,0,0,1,0,0,0,0
51,5.79,47,13.99,2,0.12,-41.09,0,0,0,1,0,0,0,0,1,0,1,0,0,0,1,0,0,0,1,0,0,0,0,1
68,14.65,11,13.99,5,1.22,4.870000000000001,0,0,0,1,0,0,0,1,0,0,0,0,1,0,1,0,0,0,0,0,0,0,1,0
58,0.37,60,13.99,5,0.01,-59.62,0,1,0,1,0,1,0,0,0,0,0,0,1,0,1,0,0,0,1,0,0,0,0,1
32,9.14,51,8.99,2,0.18,-41.68,0,0,0,0,0,0,1,0,0,0,1,0,0,0,1,0,0,0,0,0,0,1,0,1
59,25.0,44,8.99,4,0.56,-18.44,1,0,0,0,1,0,0,0,0,0,0,0,1,1,0,0,0,1,0,0,0,0,0,0
49,14.39,48,17.99,1,0.29,-33.32,0,0,1,0,1,0,0,0,0,0,0,0,0,0,0,1,0,0,0,0,0,0,0,1
29,0.69,41,17.99,5,0.02,-40.29,1,0,1,0,0,0,0,1,0,0,0,0,1,0,1,0,0,0,0,0,0,0,0,1
53,10.96,15,8.99,2,0.69,-3.3499999999999996,0,0,0,0,0,0,0,0,1,0,0,1,0,0,0,0,1,1,0,0,0,0,0,0
56,14.36,21,8.99,1,0.65,-5.99,1,0,0,0,0,0,0,0,1,0,0,0,1,1,0,0,0,0,0,0,0,1,0,0
56,3.26,20,8.99,3,0.16,-16.58,1,0,0,0,0,0,1,0,0,1,0,0,0,0,0,0,1,1,0,0,0,0,0,1
68,24.08,58,13.99,2,0.41,-33.510000000000005,1,0,0,1,0,0,0,0,1,1,0,0,0,0,0,1,0,1,0,0,0,0,0,0
62,7.68,56,17.99,2,0.13,-48.19,0,1,1,0,0,1,0,0,0,1,0,0,0,0,0,0,1,0,0,0,1,0,0,1
26,67.5,29,13.99,4,2.25,40.75,1,0,0,1,0,0,0,0,1,0,1,0,0,0,0,0,1,0,0,0,0,1,0,0
26,4.31,13,13.99,1,0.31,-8.38,0,1,0,1,0,0,0,0,1,0,1,0,0,0,1,0,0,1,0,0,0,0,0,1
40,12.67,44,8.99,1,0.28,-31.05,0,0,0,0,0,1,0,0,0,1,0,0,0,0,0,0,0,1,0,0,0,0,0,1
52,5.03,4,13.99,5,1.01,2.04,1,0,0,1,0,1,0,0,0,0,0,0,0,0,1,0,0,0,0,0,0,0,1,0
37,25.43,5,8.99,4,4.24,24.67,0,0,0,0,0,0,0,0,0,0,0,0,0,0,0,1,0,0,0,0,1,0,0,0
24,5.59,0,8.99,5,5.59,11.18,0,0,0,0,0,0,1,0,0,0,0,0,1,1,0,0,0,0,1,0,0,0,0,0
19,11.32,31,17.99,4,0.35,-19.33,1,0,1,0,1,0,0,0,0,0,0,0,0,0,1,0,0,0,0,0,0,0,0,0
69,1.13,24,8.99,3,0.05,-22.82,1,0,0,0,0,0,0,0,0,0,0,0,1,0,0,0,0,0,0,0,0,1,0,1
40,30.74,55,13.99,3,0.55,-23.71,0,0,0,1,0,0,0,1,0,0,0,0,1,1,0,0,0,0,0,1,0,0,0,0
39,16.77,48,8.99,1,0.34,-30.89,0,1,0,0,0,0,0,0,1,1,0,0,0,0,0,0,0,0,0,0,0,1,0,1
51,51.43,34,8.99,5,1.47,18.9,0,1,0,0,0,0,0,0,1,0,0,0,1,0,0,1,0,0,0,0,1,0,0,0
52,21.89,3,13.99,1,5.47,24.36,1,0,0,1,0,1,0,0,0,0,1,0,0,0,0,0,1,0,0,0,1,0,0,0
70,8.68,41,17.99,1,0.21,-32.11,0,1,1,0,0,0,0,0,1,0,0,0,0,0,0,0,1,0,0,0,1,0,0,1
70,20.33,42,13.99,4,0.47,-21.200000000000003,0,1,0,1,0,1,0,0,0,0,1,0,0,1,0,0,0,0,1,0,0,0,0,0
68,19.91,54,17.99,3,0.36,-33.730000000000004,1,0,1,0,0,1,0,0,0,0,1,0,0,0,0,1,0,0,0,0,1,0,0,1
32,17.48,4,13.99,4,3.5,16.98,0,1,0,1,0,0,1,0,0,1,0,0,0,1,0,0,0,0,0,0,1,0,0,0
43,17.9,48,8.99,2,0.37,-29.73,0,0,0,0,1,0,0,0,0,0,0,0,0,1,0,0,0,0,1,0,0,0,0,1
28,50.73,12,13.99,4,3.9,42.629999999999995,0,1,0,1,0,0,1,0,0,0,0,0,0,0,0,0,0,0,1,0,0,0,0,0
41,60.32,25,17.99,5,2.32,37.64,1,0,1,0,1,0,0,0,0,0,0,1,0,0,0,0,1,1,0,0,0,0,0,0
50,6.53,19,8.99,5,0.33,-12.14,0,1,0,0,0,1,0,0,0,0,1,0,0,1,0,0,0,0,0,0,0,0,1,0
59,23.31,50,17.99,3,0.46,-26.23,0,0,1,0,0,0,0,0,1,0,0,1,0,0,0,1,0,1,0,0,0,0,0,0
51,10.47,22,17.99,2,0.46,-11.069999999999999,0,1,1,0,0,0,0,0,1,0,0,0,1,0,0,0,0,0,0,0,1,0,0,0
19,5.34,3,17.99,1,1.33,3.67,1,0,1,0,0,0,1,0,0,0,0,0,1,0,1,0,0,0,0,0,0,0,0,0
25,5.36,23,13.99,4,0.22,-17.42,0,1,0,1,0,0,0,0,0,0,1,0,0,1,0,0,0,1,0,0,0,0,0,0
61,19.49,9,13.99,1,1.95,12.439999999999998,0,1,0,1,1,0,0,0,0,0,0,1,0,0,0,0,1,0,0,1,0,0,0,0
39,14.12,12,13.99,5,1.09,3.209999999999999,0,1,0,1,0,1,0,0,0,0,0,0,0,0,0,0,0,0,1,0,0,0,0,0
53,7.21,53,8.99,3,0.13,-45.66,1,0,0,0,0,0,1,0,0,0,1,0,0,0,0,0,0,1,0,0,0,0,0,1
21,24.12,18,8.99,1,1.27,7.390000000000001,1,0,0,0,0,0,0,0,1,1,0,0,0,1,0,0,0,0,0,0,0,0,0,0
42,13.25,29,17.99,4,0.44,-15.31,0,1,1,0,0,0,0,0,0,0,0,0,0,0,0,0,1,0,0,0,0,1,0,0
65,0.39,3,8.99,2,0.1,-2.51,0,1,0,0,0,0,0,1,0,0,0,0,0,0,0,0,1,0,0,0,0,0,0,1
18,32.68,58,8.99,5,0.55,-24.770000000000003,1,0,0,0,0,0,0,0,0,0,0,1,0,0,0,1,0,0,0,0,0,1,0,0
45,12.64,33,13.99,4,0.37,-19.990000000000002,0,1,0,1,0,0,1,0,0,0,0,0,0,1,0,0,0,0,0,0,0,1,0,1
19,1.8,4,17.99,2,0.36,-1.8399999999999999,0,0,1,0,0,0,0,0,0,0,0,0,1,0,1,0,0,0,1,0,0,0,0,0
45,21.12,27,17.99,5,0.75,-5.129999999999999,0,1,1,0,0,0,0,1,0,0,0,0,0,0,0,0,0,0,0,1,0,0,0,0
24,1.68,45,13.99,3,0.04,-43.28,0,0,0,1,1,0,0,0,0,0,1,0,0,0,0,0,0,1,0,0,0,0,0,1
48,3.22,33,13.99,1,0.09,-29.69,0,1,0,1,1,0,0,0,0,0,0,0,0,0,0,0,1,1,0,0,0,0,0,1
67,8.03,34,8.99,1,0.23,-25.740000000000002,0,0,0,0,1,0,0,0,0,0,0,0,0,1,0,0,0,0,0,0,0,1,0,1
41,7.36,30,8.99,3,0.24,-22.4,0,0,0,0,0,0,0,0,1,0,0,1,0,0,0,0,1,0,0,1,0,0,0,0
35,1.84,30,17.99,3,0.06,-28.1,0,0,1,0,1,0,0,0,0,0,0,0,0,1,0,0,0,0,0,0,1,0,0,1
50,19.48,49,13.99,3,0.39,-29.13,0,0,0,1,0,1,0,0,0,1,0,0,0,0,0,1,0,1,0,0,0,0,0,1
24,33.35,38,17.99,1,0.86,-3.789999999999999,1,0,1,0,0,0,0,0,0,0,0,1,0,0,0,0,0,0,1,0,0,0,0,0
30,3.63,35,17.99,3,0.1,-31.27,0,0,1,0,0,1,0,0,0,0,0,0,0,0,0,0,1,0,0,1,0,0,0,1
44,15.31,26,17.99,5,0.57,-10.12,0,0,1,0,0,0,1,0,0,0,0,1,0,1,0,0,0,0,0,0,0,0,1,0
61,14.55,37,8.99,2,0.38,-22.07,0,0,0,0,0,0,0,0,1,1,0,0,0,0,0,1,0,0,1,0,0,0,0,1
43,19.95,40,13.99,1,0.49,-19.560000000000002,0,0,0,1,0,0,1,0,0,1,0,0,0,0,0,0,1,0,0,0,1,0,0,1
54,9.92,27,8.99,1,0.35,-16.73,0,1,0,0,1,0,0,0,0,1,0,0,0,0,0,0,0,0,0,1,0,0,0,1
39,1.72,24,13.99,5,0.07,-22.21,0,0,0,1,1,0,0,0,0,0,0,0,1,0,0,1,0,0,0,1,0,0,0,1
43,8.45,20,13.99,3,0.4,-11.15,0,0,0,1,0,0,0,0,0,1,0,0,0,0,0,1,0,0,1,0,0,0,0,0
26,13.02,41,13.99,1,0.31,-27.67,0,1,0,1,0,0,1,0,0,0,0,0,1,1,0,0,0,0,0,0,0,0,1,1
22,0.12,4,13.99,5,0.02,-3.86,1,0,0,1,1,0,0,0,0,1,0,0,0,0,0,0,1,0,0,1,0,0,0,0
32,5.6,44,13.99,3,0.12,-38.28,1,0,0,1,0,1,0,0,0,0,1,0,0,0,0,0,1,0,0,0,1,0,0,1
28,0.68,53,17.99,1,0.01,-52.31,0,1,1,0,0,0,1,0,0,1,0,0,0,1,0,0,0,1,0,0,0,0,0,1
50,1.96,60,13.99,2,0.03,-58.01,1,0,0,1,0,0,0,1,0,1,0,0,0,1,0,0,0,0,0,0,1,0,0,1
25,6.38,58,8.99,3,0.11,-51.51,0,1,0,0,0,1,0,0,0,0,0,0,0,0,0,0,1,0,1,0,0,0,0,1
46,0.5,51,17.99,4,0.01,-50.49,0,0,1,0,0,0,0,0,1,0,0,0,1,0,1,0,0,1,0,0,0,0,0,1
69,15.94,36,17.99,2,0.43,-19.63,0,1,1,0,0,0,0,0,1,1,0,0,0,0,1,0,0,0,0,1,0,0,0,1
57,0.71,42,8.99,4,0.02,-41.27,0,0,0,0,0,0,1,0,0,0,0,1,0,0,1,0,0,0,0,0,0,0,1,1
37,1.32,47,17.99,3,0.03,-45.65,0,1,1,0,0,0,1,0,0,0,0,0,0,0,0,0,1,0,0,1,0,0,0,1
66,37.6,35,8.99,3,1.04,3.6400000000000006,0,0,0,0,0,0,0,0,1,0,1,0,0,0,0,1,0,1,0,0,0,0,0,0
44,2.69,12,13.99,5,0.21,-9.1,0,0,0,1,0,0,0,0,0,0,1,0,0,0,0,0,0,0,0,0,0,0,1,0
66,5.07,38,8.99,5,0.13,-32.8,1,0,0,0,0,0,1,0,0,0,1,0,0,0,0,0,1,0,0,0,0,0,1,1
39,15.78,25,17.99,4,0.61,-8.61,0,0,1,0,0,0,0,1,0,1,0,0,0,0,0,1,0,0,0,0,0,1,0,0
63,9.84,46,17.99,2,0.21,-35.95,0,0,1,0,0,0,0,0,1,0,1,0,0,0,0,0,1,0,0,0,0,1,0,1
39,0.21,39,8.99,3,0.01,-38.78,1,0,0,0,0,0,0,0,1,1,0,0,0,0,0,0,1,0,0,0,0,0,0,1
62,9.15,55,13.99,5,0.16,-45.69,1,0,0,1,0,0,1,0,0,0,0,0,1,0,0,1,0,0,0,0,0,0,1,1
63,3.86,14,13.99,5,0.26,-9.879999999999999,0,0,0,1,0,1,0,0,0,0,1,0,0,1,0,0,0,0,1,0,0,0,0,1
33,6.82,17,13.99,3,0.38,-9.8,0,0,0,1,0,0,0,0,0,0,0,0,1,0,0,0,1,0,0,0,0,0,1,0
18,11.82,59,17.99,2,0.2,-46.980000000000004,0,0,1,0,0,0,0,0,0,1,0,0,0,0,0,0,0,0,0,1,0,0,0,1
68,6.49,6,13.99,1,0.93,1.42,0,0,0,1,0,0,0,0,1,0,0,0,0,0,0,0,0,0,0,1,0,0,0,0
20,2.04,52,17.99,5,0.04,-49.92,1,0,1,0,0,0,0,0,0,1,0,0,0,0,1,0,0,0,0,0,0,0,0,1
62,18.42,45,8.99,3,0.4,-26.18,0,1,0,0,0,0,1,0,0,0,0,0,0,0,1,0,0,0,1,0,0,0,0,1
24,0.98,46,17.99,4,0.02,-45.0,0,0,1,0,0,1,0,0,0,1,0,0,0,0,1,0,0,0,0,0,0,1,0,1
39,17.26,21,17.99,5,0.78,-2.9599999999999973,0,0,1,0,0,0,0,0,1,0,0,1,0,0,1,0,0,0,1,0,0,0,0,0
46,4.0,42,13.99,3,0.09,-37.91,0,1,0,1,1,0,0,0,0,1,0,0,0,0,0,0,0,1,0,0,0,0,0,1
38,47.25,12,13.99,1,3.63,38.88,0,0,0,1,0,0,0,0,0,1,0,0,0,0,0,1,0,0,1,0,0,0,0,0
30,2.19,24,17.99,5,0.09,-21.72,1,0,1,0,1,0,0,0,0,1,0,0,0,0,0,1,0,0,0,0,0,1,0,1
29,7.83,39,8.99,1,0.2,-30.97,0,1,0,0,0,0,0,1,0,0,1,0,0,0,0,0,1,0,0,0,0,1,0,1
66,8.07,20,17.99,5,0.38,-11.549999999999999,0,1,1,0,0,0,0,0,0,0,0,0,0,0,0,1,0,0,0,0,0,1,0,0
54,9.97,2,13.99,2,3.32,11.290000000000001,0,0,0,1,1,0,0,0,0,0,0,0,1,0,1,0,0,0,0,0,0,1,0,0
37,5.47,39,13.99,2,0.14,-33.39,1,0,0,1,1,0,0,0,0,0,0,1,0,0,0,1,0,0,0,0,1,0,0,1
41,0.87,33,17.99,4,0.03,-32.1,0,1,1,0,0,0,0,0,1,0,0,0,1,0,0,0,1,0,1,0,0,0,0,1
47,13.37,46,13.99,3,0.28,-32.35,1,0,0,1,1,0,0,0,0,0,1,0,0,1,0,0,0,0,0,0,0,0,1,1
41,0.43,60,17.99,3,0.01,-59.56,0,0,1,0,0,1,0,0,0,1,0,0,0,0,1,0,0,0,0,0,0,0,0,1
18,8.3,41,17.99,5,0.2,-32.5,0,1,1,0,0,0,0,1,0,0,1,0,0,1,0,0,0,0,0,0,0,1,0,1
69,40.16,16,8.99,4,2.36,26.519999999999996,0,0,0,0,1,0,0,0,0,0,0,1,0,0,1,0,0,0,0,1,0,0,0,0
58,0.45,7,17.99,1,0.06,-6.49,0,0,1,0,0,0,0,1,0,0,0,1,0,1,0,0,0,0,0,0,0,0,1,1
65,45.1,58,13.99,3,0.76,-12.14,0,0,0,1,0,0,0,0,0,0,0,0,1,0,0,0,0,0,0,0,0,1,0,0
24,15.55,30,17.99,1,0.5,-13.95,0,1,1,0,0,0,0,0,0,0,0,0,1,0,0,1,0,0,0,0,1,0,0,0
65,1.64,15,13.99,2,0.1,-13.26,0,1,0,1,0,0,0,0,1,0,0,0,1,1,0,0,0,0,0,0,1,0,0,1
27,2.3,1,17.99,5,1.15,2.4499999999999997,0,1,1,0,0,1,0,0,0,0,1,0,0,0,0,0,0,0,0,0,0,1,0,0
53,0.89,42,13.99,3,0.02,-41.09,0,0,0,1,0,1,0,0,0,0,0,1,0,0,0,0,0,0,0,0,0,1,0,1
22,26.78,38,17.99,4,0.69,-10.529999999999998,0,0,1,0,0,1,0,0,0,0,0,0,0,0,0,0,1,1,0,0,0,0,0,0
63,2.81,0,17.99,5,2.81,5.62,0,0,1,0,0,0,0,0,1,0,0,0,1,0,0,1,0,0,0,1,0,0,0,0
29,3.69,1,13.99,1,1.84,4.53,0,0,0,1,0,0,1,0,0,0,0,0,1,0,0,0,0,0,1,0,0,0,0,0
62,27.16,45,13.99,2,0.59,-17.25,1,0,0,1,0,1,0,0,0,0,0,0,0,0,0,0,0,1,0,0,0,0,0,0
34,15.02,13,13.99,2,1.07,3.09,1,0,0,1,0,1,0,0,0,0,1,0,0,0,0,0,1,0,0,0,0,1,0,0
21,3.18,41,13.99,1,0.08,-37.74,0,1,0,1,0,1,0,0,0,1,0,0,0,0,0,0,1,0,1,0,0,0,0,1
53,79.83,27,8.99,3,2.85,55.67999999999999,1,0,0,0,0,0,0,1,0,0,0,1,0,0,0,1,0,0,0,0,0,0,1,0
63,3.13,45,13.99,2,0.07,-41.8,0,1,0,1,0,0,1,0,0,1,0,0,0,0,0,1,0,0,0,0,0,0,1,1
65,15.33,17,13.99,1,0.85,-0.8200000000000003,1,0,0,1,0,0,1,0,0,0,0,0,0,0,0,1,0,0,0,0,0,0,1,0
45,2.69,8,13.99,3,0.3,-5.01,1,0,0,1,1,0,0,0,0,0,0,0,1,1,0,0,0,0,0,1,0,0,0,1
53,0.19,25,8.99,4,0.01,-24.8,0,0,0,0,0,0,1,0,0,1,0,0,0,0,0,0,1,0,0,0,0,1,0,1
60,4.37,59,8.99,2,0.07,-54.56,1,0,0,0,0,0,1,0,0,1,0,0,0,1,0,0,0,0,0,0,0,0,1,1
35,28.76,23,17.99,1,1.2,6.960000000000001,1,0,1,0,0,0,0,0,1,0,0,0,1,0,0,1,0,0,0,0,0,0,1,0
51,1.91,8,13.99,3,0.21,-5.88,0,0,0,1,0,1,0,0,0,1,0,0,0,0,0,0,1,1,0,0,0,0,0,1
27,5.3,1,8.99,2,2.65,6.949999999999999,0,0,0,0,0,0,0,0,0,0,1,0,0,0,0,0,1,0,1,0,0,0,0,0
28,9.9,19,17.99,5,0.49,-8.61,0,1,1,0,0,1,0,0,0,0,0,0,1,0,0,1,0,0,0,0,0,0,1,0
18,5.64,44,8.99,4,0.13,-38.230000000000004,0,0,0,0,0,1,0,0,0,0,0,0,1,0,0,1,0,0,0,0,1,0,0,1
22,7.06,58,8.99,3,0.12,-50.82,0,1,0,0,1,0,0,0,0,0,1,0,0,0,0,0,0,0,1,0,0,0,0,1
61,2.15,33,13.99,1,0.06,-30.79,1,0,0,1,0,0,0,0,1,0,1,0,0,1,0,0,0,0,0,0,0,0,1,1
54,4.69,6,13.99,5,0.67,-0.6399999999999997,0,1,0,1,0,0,0,0,1,1,0,0,0,0,0,1,0,0,1,0,0,0,0,0
52,2.05,24,17.99,2,0.08,-21.87,0,0,1,0,0,0,0,0,0,0,1,0,0,0,0,1,0,0,0,0,0,1,0,1
24,26.44,28,17.99,1,0.91,-0.6499999999999986,1,0,1,0,0,0,0,0,0,0,1,0,0,0,0,1,0,0,1,0,0,0,0,0
38,4.26,42,8.99,5,0.1,-37.64,0,1,0,0,0,1,0,0,0,0,1,0,0,0,0,1,0,0,0,0,0,0,0,1
44,6.9,21,13.99,4,0.31,-13.79,0,1,0,1,0,1,0,0,0,0,1,0,0,0,0,1,0,0,0,0,1,0,0,0
64,8.4,47,13.99,4,0.18,-38.42,1,0,0,1,0,0,0,0,1,0,0,1,0,1,0,0,0,0,1,0,0,0,0,1
23,5.22,12,8.99,2,0.4,-6.38,0,0,0,0,0,0,0,0,0,0,0,1,0,0,0,0,1,0,0,0,1,0,0,0
22,23.15,42,17.99,1,0.54,-18.310000000000002,1,0,1,0,0,0,0,0,1,0,0,1,0,0,0,1,0,0,0,0,0,0,1,0
23,11.07,28,8.99,1,0.38,-16.549999999999997,0,1,0,0,0,0,0,0,1,0,0,0,0,0,0,0,1,0,0,0,0,0,1,1
68,10.14,9,8.99,1,1.01,2.1500000000000004,0,0,0,0,0,1,0,0,0,0,0,1,0,0,0,1,0,0,0,0,0,0,1,0
18,20.15,4,8.99,4,4.03,20.18,0,1,0,0,0,0,0,0,1,0,0,1,0,1,0,0,0,0,0,0,1,0,0,0
36,6.59,58,17.99,5,0.11,-51.3,1,0,1,0,0,0,0,0,1,0,1,0,0,0,0,1,0,0,0,0,0,0,1,1
26,2.58,16,8.99,5,0.15,-13.27,0,0,0,0,1,0,0,0,0,0,0,0,0,0,0,0,0,0,0,0,1,0,0,1
33,8.27,58,13.99,4,0.14,-49.59,1,0,0,1,0,0,0,0,0,0,1,0,0,0,0,1,0,0,0,0,0,1,0,1
50,6.11,12,13.99,2,0.47,-5.42,0,1,0,1,0,0,0,0,0,0,0,1,0,0,1,0,0,0,1,0,0,0,0,0
34,31.66,60,8.99,5,0.52,-27.82,1,0,0,0,0,0,0,0,0,0,0,1,0,0,0,1,0,0,0,0,0,0,1,0
22,0.76,52,17.99,1,0.01,-51.23,0,1,1,0,0,0,0,0,1,0,0,1,0,0,0,0,0,1,0,0,0,0,0,1
61,4.18,47,8.99,2,0.09,-42.730000000000004,0,0,0,0,0,0,0,0,1,1,0,0,0,0,1,0,0,0,0,1,0,0,0,1
30,2.56,32,8.99,1,0.08,-29.36,0,0,0,0,0,0,0,1,0,0,0,0,1,1,0,0,0,0,0,0,1,0,0,1
32,17.67,14,8.99,4,1.18,4.850000000000001,0,0,0,0,1,0,0,0,0,0,0,1,0,0,0,0,1,0,0,0,0,1,0,0
56,17.25,52,17.99,5,0.33,-34.42,0,0,1,0,0,0,0,1,0,1,0,0,0,0,0,0,1,0,0,0,0,0,1,0
58,21.56,39,17.99,4,0.54,-16.900000000000002,1,0,1,0,0,1,0,0,0,0,0,1,0,1,0,0,0,0,0,1,0,0,0,0
61,5.87,8,17.99,5,0.65,-1.4799999999999995,0,1,1,0,0,0,0,0,0,1,0,0,0,1,0,0,0,0,0,0,1,0,0,0
51,2.42,9,8.99,5,0.24,-6.34,0,1,0,0,0,1,0,0,0,0,0,0,1,1,0,0,0,0,1,0,0,0,0,1
24,2.43,32,17.99,2,0.07,-29.5,0,1,1,0,0,0,0,1,0,0,0,1,0,0,1,0,0,0,1,0,0,0,0,1
40,18.06,21,17.99,1,0.82,-2.120000000000001,1,0,1,0,0,0,0,1,0,0,0,0,0,0,0,1,0,0,0,0,0,0,1,0
51,7.64,13,17.99,2,0.55,-4.8100000000000005,0,1,1,0,0,0,0,0,0,1,0,0,0,0,0,1,0,0,0,0,0,1,0,0
56,1.54,10,17.99,3,0.14,-8.32,0,1,1,0,0,0,0,0,0,0,0,0,1,0,0,0,0,0,0,0,0,1,0,1
53,21.9,28,17.99,2,0.76,-5.34,0,1,1,0,0,0,0,0,0,0,0,0,0,0,0,0,0,0,1,0,0,0,0,0
20,2.13,8,13.99,3,0.24,-5.63,0,1,0,1,0,0,0,1,0,0,0,0,0,0,0,1,0,0,0,0,1,0,0,1
43,4.07,19,8.99,3,0.2,-14.73,0,1,0,0,1,0,0,0,0,0,0,0,0,0,1,0,0,0,0,0,1,0,0,1
64,0.65,43,8.99,3,0.01,-42.34,0,0,0,0,1,0,0,0,0,1,0,0,0,0,0,0,1,0,0,1,0,0,0,1
40,6.11,28,17.99,1,0.21,-21.68,0,0,1,0,0,0,1,0,0,0,0,0,0,0,0,0,0,0,0,0,0,1,0,0
29,4.53,15,17.99,4,0.28,-10.19,0,0,1,0,0,0,1,0,0,0,1,0,0,0,0,0,0,0,0,0,1,0,0,0
47,15.18,30,17.99,4,0.49,-14.33,0,1,1,0,1,0,0,0,0,0,0,0,0,1,0,0,0,0,0,0,1,0,0,0
51,13.92,29,8.99,1,0.46,-14.62,0,0,0,0,0,0,0,0,1,0,0,0,0,0,0,1,0,0,0,1,0,0,0,1
25,5.62,49,17.99,5,0.11,-43.269999999999996,1,0,1,0,0,0,0,0,0,0,0,0,1,0,0,0,0,0,0,0,1,0,0,0
35,2.42,59,13.99,3,0.04,-56.54,0,0,0,1,0,1,0,0,0,1,0,0,0,0,0,0,1,0,0,1,0,0,0,1
38,9.06,30,8.99,2,0.29,-20.65,1,0,0,0,0,1,0,0,0,0,1,0,0,0,0,0,0,0,0,1,0,0,0,0
58,34.53,0,8.99,4,34.53,69.06,0,0,0,0,1,0,0,0,0,0,0,1,0,0,0,1,0,0,0,0,0,1,0,0
68,2.28,6,8.99,3,0.33,-3.39,0,1,0,0,1,0,0,0,0,0,0,0,0,0,0,0,0,0,0,0,0,1,0,1
28,28.8,49,13.99,3,0.58,-19.62,0,0,0,1,0,0,0,0,1,1,0,0,0,0,0,0,0,0,1,0,0,0,0,0
57,14.87,46,13.99,4,0.32,-30.810000000000002,1,0,0,1,0,0,1,0,0,0,0,0,1,0,1,0,0,0,0,0,0,1,0,0
52,13.94,56,8.99,3,0.24,-41.82,0,1,0,0,1,0,0,0,0,0,0,0,0,0,0,0,1,0,1,0,0,0,0,1
70,10.54,0,17.99,4,10.54,21.08,0,0,1,0,0,1,0,0,0,0,0,0,0,1,0,0,0,0,1,0,0,0,0,0
68,56.43,18,13.99,2,2.97,41.4,0,0,0,1,1,0,0,0,0,0,0,0,1,0,0,0,1,0,0,0,0,1,0,0
53,39.33,16,13.99,4,2.31,25.64,0,1,0,1,0,0,0,1,0,1,0,0,0,0,1,0,0,0,1,0,0,0,0,0
44,15.61,30,8.99,5,0.5,-13.89,1,0,0,0,0,0,1,0,0,0,0,0,0,1,0,0,0,0,0,0,0,1,0,0
68,0.22,51,13.99,1,0.0,-50.78,0,0,0,1,1,0,0,0,0,0,0,0,0,0,0,0,0,0,0,0,0,0,1,1
64,3.92,17,13.99,5,0.22,-12.86,0,0,0,1,0,0,0,1,0,0,0,0,0,0,0,0,0,0,0,0,1,0,0,0
65,2.26,60,13.99,2,0.04,-57.7,0,0,0,1,0,0,0,0,1,0,1,0,0,0,0,0,0,0,0,0,1,0,0,1
28,1.79,5,17.99,5,0.3,-2.91,0,0,1,0,0,0,0,1,0,0,0,1,0,0,0,1,0,0,0,1,0,0,0,0
50,22.44,29,17.99,2,0.75,-5.809999999999999,1,0,1,0,0,1,0,0,0,0,0,0,1,0,0,0,0,0,0,0,0,0,0,0
59,23.59,43,13.99,1,0.54,-18.87,0,0,0,1,0,0,1,0,0,0,0,0,0,0,1,0,0,0,0,0,0,1,0,0
38,24.19,22,17.99,2,1.05,3.240000000000002,0,1,1,0,0,0,0,1,0,0,1,0,0,0,0,1,0,0,0,0,0,1,0,0
49,6.56,10,8.99,5,0.6,-2.8400000000000007,0,0,0,0,0,0,0,0,0,0,0,1,0,0,1,0,0,1,0,0,0,0,0,0
40,16.13,47,13.99,5,0.34,-30.53,1,0,0,1,1,0,0,0,0,0,1,0,0,0,1,0,0,1,0,0,0,0,0,0
39,19.16,60,13.99,5,0.31,-40.53,0,0,0,1,0,0,0,0,0,0,0,0,1,0,1,0,0,0,0,0,1,0,0,0
34,1.28,57,13.99,4,0.02,-55.7,0,0,0,1,0,0,0,0,0,0,0,0,1,1,0,0,0,0,0,0,0,1,0,1
20,32.04,26,17.99,3,1.19,7.229999999999997,1,0,1,0,0,1,0,0,0,0,0,0,1,0,0,0,1,0,0,0,0,0,0,0
28,0.12,2,17.99,5,0.04,-1.84,0,0,1,0,0,0,1,0,0,1,0,0,0,0,0,0,1,1,0,0,0,0,0,0
18,0.25,37,13.99,5,0.01,-36.74,0,0,0,1,0,0,0,0,0,1,0,0,0,0,1,0,0,0,0,0,0,0,1,1
19,4.46,50,8.99,3,0.09,-45.45,1,0,0,0,0,0,0,0,0,0,0,0,0,0,0,0,0,0,1,0,0,0,0,1
32,4.24,14,17.99,2,0.28,-9.48,0,1,1,0,0,0,0,0,0,0,0,1,0,0,0,1,0,0,0,1,0,0,0,1
19,8.62,57,13.99,3,0.15,-48.230000000000004,0,0,0,1,1,0,0,0,0,1,0,0,0,0,0,0,1,0,0,0,0,0,0,1
22,11.96,45,8.99,2,0.26,-32.78,0,0,0,0,0,1,0,0,0,0,1,0,0,0,0,0,1,0,0,0,0,0,0,1
55,10.1,4,13.99,4,2.02,8.12,1,0,0,1,1,0,0,0,0,0,0,0,0,0,1,0,0,0,0,0,0,0,1,0
21,0.44,1,13.99,1,0.22,-0.33999999999999997,0,0,0,1,1,0,0,0,0,0,0,0,1,0,0,0,1,0,0,0,0,1,0,1
39,1.12,27,17.99,5,0.04,-25.84,0,1,1,0,0,0,1,0,0,0,1,0,0,0,0,1,0,0,0,0,0,0,1,1
53,14.1,42,8.99,5,0.33,-27.57,0,1,0,0,0,0,1,0,0,1,0,0,0,0,0,0,1,0,0,0,1,0,0,1
27,30.8,16,17.99,2,1.81,16.61,0,1,1,0,0,1,0,0,0,0,0,0,0,0,0,0,1,0,0,0,0,0,0,0
29,10.74,27,13.99,5,0.38,-15.879999999999999,0,1,0,1,0,0,0,0,1,0,0,0,1,0,0,0,1,0,0,1,0,0,0,0
70,8.27,60,13.99,3,0.14,-51.59,0,0,0,1,0,1,0,0,0,0,0,0,1,0,0,1,0,1,0,0,0,0,0,1
51,12.91,42,13.99,1,0.3,-28.79,1,0,0,1,0,0,1,0,0,0,0,0,1,0,1,0,0,1,0,0,0,0,0,1
26,9.23,10,17.99,3,0.84,0.07000000000000028,0,1,1,0,0,0,1,0,0,0,0,0,0,0,0,1,0,0,1,0,0,0,0,0
63,0.52,1,8.99,4,0.26,-0.21999999999999997,0,0,0,0,0,0,0,0,0,0,0,0,1,0,0,0,1,1,0,0,0,0,0,1
66,2.18,15,8.99,5,0.14,-12.68,1,0,0,0,0,0,0,0,1,1,0,0,0,0,1,0,0,0,0,0,1,0,0,1
57,29.23,3,17.99,1,7.31,33.54,0,1,1,0,0,0,0,0,1,1,0,0,0,0,0,0,0,0,0,0,0,1,0,0
53,1.64,5,17.99,1,0.27,-3.09,0,1,1,0,0,0,1,0,0,1,0,0,0,1,0,0,0,0,0,0,1,0,0,1
47,5.53,17,8.99,2,0.31,-11.16,0,1,0,0,0,0,1,0,0,1,0,0,0,0,1,0,0,0,0,0,0,1,0,0
34,9.96,8,8.99,2,1.11,3.0700000000000003,1,0,0,0,0,0,1,0,0,0,0,0,1,0,0,0,0,0,0,0,0,0,0,0
26,4.27,36,8.99,3,0.12,-31.61,1,0,0,0,0,0,0,1,0,1,0,0,0,0,0,0,1,0,0,0,0,0,0,1
67,43.24,34,13.99,3,1.24,10.480000000000004,0,0,0,1,0,0,0,0,0,0,0,0,1,0,0,0,0,0,0,0,0,0,1,0
32,27.77,2,13.99,3,9.26,35.03,0,1,0,1,0,0,0,1,0,0,0,0,1,1,0,0,0,0,0,0,0,0,1,0
24,1.57,16,13.99,5,0.09,-14.34,0,1,0,1,0,0,0,0,0,1,0,0,0,0,0,0,1,0,1,0,0,0,0,0
24,5.4,7,13.99,5,0.68,-0.9199999999999999,0,1,0,1,1,0,0,0,0,1,0,0,0,0,0,1,0,0,0,0,0,0,1,0
31,3.86,8,8.99,4,0.43,-3.71,1,0,0,0,0,1,0,0,0,0,0,1,0,0,0,0,1,0,0,0,0,0,0,1
34,10.51,13,17.99,5,0.75,-1.7400000000000002,0,1,1,0,0,1,0,0,0,0,0,0,0,0,0,0,0,0,0,0,1,0,0,0
70,7.47,58,8.99,2,0.13,-50.4,0,0,0,0,0,0,1,0,0,0,0,0,0,0,0,1,0,0,0,0,0,1,0,1
18,0.72,47,17.99,3,0.01,-46.27,1,0,1,0,0,0,0,1,0,0,0,1,0,1,0,0,0,0,1,0,0,0,0,1
49,18.97,60,8.99,3,0.31,-40.72,1,0,0,0,0,0,0,1,0,0,1,0,0,0,0,1,0,0,0,0,0,0,0,1
25,4.02,48,8.99,4,0.08,-43.9,0,0,0,0,0,0,1,0,0,0,0,0,0,0,0,0,0,0,0,0,0,0,1,1
23,13.62,33,8.99,2,0.4,-18.98,0,0,0,0,0,0,0,1,0,0,0,0,0,0,0,1,0,1,0,0,0,0,0,1
32,4.69,48,13.99,4,0.1,-43.21,0,0,0,1,0,0,0,0,1,1,0,0,0,0,0,0,0,0,0,0,0,0,1,1
19,1.68,6,13.99,3,0.24,-4.08,0,0,0,1,0,0,1,0,0,1,0,0,0,0,0,0,0,0,1,0,0,0,0,0
21,8.69,22,13.99,2,0.38,-12.93,1,0,0,1,0,0,0,0,1,0,0,0,0,0,0,0,0,0,0,0,1,0,0,0
57,12.67,50,13.99,2,0.25,-37.08,1,0,0,1,0,0,1,0,0,0,0,1,0,1,0,0,0,0,1,0,0,0,0,1
53,13.02,41,13.99,3,0.31,-27.67,1,0,0,1,0,0,0,0,0,0,0,1,0,0,0,1,0,0,0,0,0,1,0,1
67,53.67,47,17.99,2,1.12,7.789999999999999,0,1,1,0,0,0,0,0,0,1,0,0,0,0,0,0,1,0,0,0,0,1,0,0
66,11.94,43,17.99,4,0.27,-30.79,1,0,1,0,1,0,0,0,0,0,0,0,1,0,0,0,0,0,1,0,0,0,0,0
33,24.4,35,8.99,2,0.68,-9.920000000000002,1,0,0,0,0,1,0,0,0,0,0,1,0,0,0,0,1,0,0,1,0,0,0,0
23,3.0,59,17.99,5,0.05,-55.95,0,0,1,0,0,0,0,0,1,0,0,0,0,1,0,0,0,0,0,0,0,0,1,1
58,12.42,20,13.99,5,0.59,-6.99,1,0,0,1,0,0,0,1,0,0,0,0,1,0,0,0,0,0,0,0,0,1,0,0
49,35.69,42,13.99,2,0.83,-5.480000000000004,1,0,0,1,0,0,1,0,0,0,0,1,0,0,0,0,0,0,0,1,0,0,0,0
24,12.3,32,13.99,4,0.37,-19.33,0,0,0,1,1,0,0,0,0,1,0,0,0,0,0,1,0,1,0,0,0,0,0,1
57,23.63,34,17.99,5,0.68,-9.690000000000001,0,0,1,0,0,0,0,0,0,1,0,0,0,0,0,0,0,0,0,1,0,0,0,0
61,4.48,28,8.99,5,0.15,-23.369999999999997,0,0,0,0,0,0,1,0,0,1,0,0,0,0,0,1,0,0,0,0,0,0,0,1
38,3.26,20,13.99,4,0.16,-16.58,0,0,0,1,0,0,0,1,0,1,0,0,0,0,0,0,1,0,0,0,0,0,1,0
67,4.31,37,8.99,5,0.11,-32.58,0,1,0,0,0,0,0,0,0,1,0,0,0,0,1,0,0,0,0,0,0,0,1,1
64,6.41,4,17.99,1,1.28,3.6900000000000004,0,0,1,0,0,0,1,0,0,0,0,0,1,0,0,0,0,0,0,0,0,0,1,0
26,24.88,15,13.99,1,1.55,11.43,1,0,0,1,1,0,0,0,0,0,0,0,1,0,0,1,0,0,0,0,0,0,0,0
68,9.48,4,8.99,2,1.9,7.380000000000001,0,0,0,0,0,0,0,1,0,0,0,0,1,0,0,0,0,0,0,1,0,0,0,0
27,7.52,34,8.99,5,0.21,-26.27,0,0,0,0,0,0,0,1,0,0,1,0,0,1,0,0,0,0,0,0,0,1,0,1
24,17.37,17,13.99,1,0.97,1.3399999999999999,0,1,0,1,0,0,0,0,0,0,0,0,0,0,1,0,0,0,0,0,1,0,0,0
28,25.3,8,8.99,5,2.81,20.11,1,0,0,0,0,0,1,0,0,0,0,0,1,0,0,1,0,0,0,0,1,0,0,0
35,29.26,36,8.99,1,0.79,-5.949999999999999,0,1,0,0,0,0,0,0,0,1,0,0,0,0,1,0,0,1,0,0,0,0,0,0
54,27.56,28,13.99,5,0.95,0.509999999999998,0,1,0,1,1,0,0,0,0,1,0,0,0,0,0,0,1,0,0,0,1,0,0,0
22,11.74,33,8.99,2,0.35,-20.91,0,1,0,0,0,0,0,0,0,0,0,0,0,1,0,0,0,0,1,0,0,0,0,1
60,12.22,17,13.99,2,0.68,-4.1,1,0,0,1,0,0,0,0,0,0,0,1,0,0,1,0,0,0,0,1,0,0,0,0
37,1.64,8,13.99,1,0.18,-6.18,0,0,0,1,1,0,0,0,0,1,0,0,0,0,0,0,0,0,0,0,0,0,0,1
30,1.3,56,8.99,1,0.02,-54.68,1,0,0,0,0,0,0,0,0,0,0,1,0,0,0,0,0,0,1,0,0,0,0,1
21,51.45,24,13.99,1,2.06,29.510000000000005,1,0,0,1,1,0,0,0,0,1,0,0,0,0,0,0,0,0,0,0,0,1,0,0
40,3.41,26,17.99,5,0.13,-22.46,0,1,1,0,0,0,1,0,0,0,0,1,0,0,0,0,0,0,0,0,0,0,0,0
69,32.2,13,13.99,1,2.3,21.5,1,0,0,1,1,0,0,0,0,0,1,0,0,0,1,0,0,0,1,0,0,0,0,0
29,15.49,31,8.99,3,0.48,-15.03,0,1,0,0,0,0,0,0,0,1,0,0,0,0,0,1,0,0,1,0,0,0,0,1
60,16.05,56,17.99,4,0.28,-39.67,0,0,1,0,0,0,1,0,0,1,0,0,0,0,0,0,1,0,1,0,0,0,0,0
36,5.72,21,17.99,1,0.26,-15.02,1,0,1,0,0,0,0,1,0,0,0,0,1,0,1,0,0,1,0,0,0,0,0,0
57,3.81,1,8.99,2,1.91,4.72,0,0,0,0,0,0,0,0,0,0,0,0,0,0,0,1,0,0,0,1,0,0,0,1
19,8.54,6,13.99,3,1.22,3.76,0,0,0,1,0,0,0,0,0,0,0,1,0,0,0,0,0,0,0,0,0,1,0,0
43,16.6,17,17.99,3,0.92,0.5200000000000031,0,0,1,0,0,0,1,0,0,1,0,0,0,0,0,1,0,0,0,1,0,0,0,0
45,19.18,49,17.99,5,0.38,-29.44,0,1,1,0,0,0,1,0,0,0,1,0,0,0,0,1,0,0,1,0,0,0,0,1
31,4.11,33,13.99,5,0.12,-28.77,0,1,0,1,0,0,1,0,0,0,0,1,0,1,0,0,0,0,0,1,0,0,0,1
38,3.26,36,17.99,1,0.09,-32.65,0,0,1,0,0,0,0,0,0,0,0,0,1,0,0,1,0,0,1,0,0,0,0,1
59,14.13,4,8.99,2,2.83,12.96,1,0,0,0,1,0,0,0,0,0,1,0,0,0,0,0,1,0,0,0,1,0,0,0
42,3.39,30,17.99,5,0.11,-26.5,1,0,1,0,0,0,0,0,1,0,1,0,0,0,1,0,0,0,0,1,0,0,0,0
47,14.58,56,8.99,3,0.26,-41.16,0,1,0,0,1,0,0,0,0,0,0,0,0,0,0,0,0,0,1,0,0,0,0,1
58,23.87,47,17.99,2,0.5,-22.63,1,0,1,0,0,0,0,1,0,0,0,0,0,1,0,0,0,0,0,1,0,0,0,0
41,11.91,18,17.99,3,0.63,-5.459999999999999,1,0,1,0,0,0,0,0,1,0,0,0,1,0,0,0,0,0,0,0,0,0,0,0
40,0.65,16,13.99,5,0.04,-15.31,0,1,0,1,1,0,0,0,0,0,0,0,1,0,0,1,0,0,0,0,1,0,0,1
59,6.99,28,13.99,3,0.24,-20.77,1,0,0,1,1,0,0,0,0,0,1,0,0,0,0,0,0,0,0,0,0,1,0,0
52,2.69,54,17.99,3,0.05,-51.26,0,0,1,0,0,0,0,0,1,0,1,0,0,1,0,0,0,0,0,0,0,0,1,1
61,38.55,11,13.99,4,3.21,30.759999999999998,0,0,0,1,0,1,0,0,0,0,0,0,0,0,1,0,0,1,0,0,0,0,0,0
52,33.99,30,8.99,2,1.1,5.090000000000003,0,1,0,0,1,0,0,0,0,1,0,0,0,0,0,0,0,0,0,1,0,0,0,0
39,6.67,49,13.99,1,0.13,-42.2,0,1,0,1,0,0,0,1,0,0,0,0,0,1,0,0,0,0,1,0,0,0,0,1
33,1.96,18,8.99,2,0.1,-15.94,0,0,0,0,0,1,0,0,0,0,0,0,1,0,1,0,0,0,0,0,0,0,0,1
24,1.97,39,8.99,3,0.05,-36.98,0,1,0,0,0,0,0,1,0,0,1,0,0,0,0,0,0,0,0,0,1,0,0,1
53,25.23,5,8.99,1,4.21,24.44,1,0,0,0,0,1,0,0,0,0,0,0,0,0,0,0,0,0,1,0,0,0,0,0
25,0.09,40,13.99,1,0.0,-39.91,0,0,0,1,0,0,1,0,0,0,0,1,0,0,0,0,0,0,0,0,1,0,0,1
40,12.53,30,13.99,4,0.4,-17.07,0,0,0,1,0,0,1,0,0,0,1,0,0,1,0,0,0,0,1,0,0,0,0,0
46,4.4,24,17.99,4,0.18,-19.42,1,0,1,0,0,0,0,0,1,0,0,0,1,0,0,0,1,0,1,0,0,0,0,0
67,1.54,27,17.99,2,0.06,-25.4,0,1,1,0,1,0,0,0,0,0,0,0,0,1,0,0,0,0,0,0,1,0,0,1
20,17.28,50,13.99,5,0.34,-32.379999999999995,1,0,0,1,0,0,0,0,1,0,0,0,0,0,0,0,1,1,0,0,0,0,0,0
22,13.87,24,17.99,5,0.55,-9.58,1,0,1,0,0,0,1,0,0,0,0,0,0,0,0,0,0,1,0,0,0,0,0,0
39,4.25,21,17.99,3,0.19,-16.56,0,0,1,0,0,0,0,0,1,1,0,0,0,0,0,0,1,0,0,0,0,0,1,1
53,15.01,25,8.99,2,0.58,-9.41,1,0,0,0,1,0,0,0,0,0,0,0,1,0,1,0,0,0,0,0,0,1,0,0
53,16.65,0,8.99,4,16.65,33.3,0,1,0,0,0,1,0,0,0,0,0,0,0,0,1,0,0,0,0,0,0,0,1,0
20,6.06,37,8.99,5,0.16,-30.78,1,0,0,0,0,0,1,0,0,0,0,1,0,0,1,0,0,1,0,0,0,0,0,1
62,26.62,55,8.99,4,0.48,-27.9,0,0,0,0,0,1,0,0,0,0,0,1,0,0,1,0,0,0,0,0,0,0,0,0
62,1.26,34,17.99,2,0.04,-32.7,0,0,1,0,0,0,0,0,0,0,0,1,0,0,0,0,0,0,1,0,0,0,0,1
41,1.21,20,13.99,5,0.06,-18.73,0,0,0,1,0,0,0,0,1,0,0,0,1,0,0,1,0,0,0,0,0,0,1,1
30,6.53,49,8.99,5,0.13,-42.34,0,0,0,0,0,0,0,0,0,0,0,0,1,0,0,1,0,0,0,0,0,0,1,1
48,15.91,21,8.99,2,0.72,-4.370000000000001,1,0,0,0,0,1,0,0,0,0,0,1,0,0,0,1,0,0,1,0,0,0,0,0
18,2.02,2,8.99,5,0.67,0.69,0,1,0,0,0,0,0,1,0,0,1,0,0,1,0,0,0,0,1,0,0,0,0,0
23,11.18,46,17.99,4,0.24,-34.58,0,1,1,0,1,0,0,0,0,0,0,0,1,0,1,0,0,0,0,0,0,0,0,0
68,0.12,26,8.99,2,0.0,-25.88,0,1,0,0,0,0,0,0,1,0,0,1,0,1,0,0,0,0,1,0,0,0,0,1
30,24.6,9,17.99,4,2.46,18.060000000000002,1,0,1,0,0,0,1,0,0,0,0,0,1,0,0,0,0,0,1,0,0,0,0,0
61,27.06,32,13.99,3,0.82,-4.120000000000001,1,0,0,1,0,0,0,0,0,1,0,0,0,0,1,0,0,0,0,1,0,0,0,0
31,0.62,39,17.99,2,0.02,-38.36,0,1,1,0,0,1,0,0,0,0,0,0,1,0,0,1,0,0,0,0,0,0,0,1
44,10.18,56,13.99,3,0.18,-45.64,0,1,0,1,0,0,1,0,0,1,0,0,0,0,1,0,0,0,0,0,0,1,0,1
26,6.52,23,13.99,2,0.27,-16.21,1,0,0,1,0,0,0,0,1,0,0,0,0,0,0,0,1,1,0,0,0,0,0,0
55,2.47,7,17.99,4,0.31,-4.22,1,0,1,0,0,0,0,0,0,0,0,0,0,0,1,0,0,0,0,0,0,1,0,0
40,3.48,29,13.99,4,0.12,-25.4,1,0,0,1,0,0,0,1,0,1,0,0,0,0,1,0,0,0,0,1,0,0,0,0
59,20.49,26,8.99,1,0.76,-4.75,0,1,0,0,1,0,0,0,0,0,0,0,1,0,1,0,0,0,0,0,1,0,0,0
51,20.55,20,17.99,5,0.98,1.5300000000000011,0,1,1,0,0,0,0,0,1,0,0,1,0,0,0,0,0,0,0,0,0,0,1,0
26,0.94,30,8.99,4,0.03,-29.03,0,1,0,0,0,1,0,0,0,0,0,0,0,0,0,0,0,0,0,1,0,0,0,1
56,0.4,38,8.99,5,0.01,-37.59,0,0,0,0,0,0,0,1,0,0,1,0,0,0,1,0,0,0,0,0,0,0,0,1
66,1.97,2,13.99,4,0.66,0.6299999999999999,1,0,0,1,0,1,0,0,0,1,0,0,0,0,0,0,0,0,0,0,0,0,1,0
35,58.33,42,13.99,4,1.36,17.689999999999998,0,0,0,1,0,0,0,1,0,1,0,0,0,1,0,0,0,0,0,0,1,0,0,0
28,16.88,20,17.99,2,0.8,-2.3200000000000003,1,0,1,0,0,0,0,1,0,0,1,0,0,0,0,0,1,0,0,0,0,0,1,0
66,0.8,32,13.99,1,0.02,-31.18,1,0,0,1,0,0,0,1,0,0,0,1,0,0,1,0,0,0,0,1,0,0,0,1
19,23.08,15,8.99,3,1.44,9.52,1,0,0,0,0,0,0,0,0,0,0,0,0,0,0,1,0,1,0,0,0,0,0,0
32,14.84,10,8.99,2,1.35,6.190000000000001,0,1,0,0,0,1,0,0,0,0,0,0,0,1,0,0,0,0,0,0,0,0,1,0
63,9.84,3,17.99,4,2.46,9.3,1,0,1,0,0,0,1,0,0,1,0,0,0,0,0,0,1,1,0,0,0,0,0,0
69,31.16,47,13.99,5,0.65,-15.190000000000001,0,1,0,1,1,0,0,0,0,0,1,0,0,0,1,0,0,0,1,0,0,0,0,0
24,1.42,40,8.99,4,0.03,-38.55,0,0,0,0,0,0,0,1,0,0,1,0,0,0,1,0,0,0,0,0,0,1,0,1
24,0.9,40,8.99,5,0.02,-39.08,1,0,0,0,0,1,0,0,0,1,0,0,0,0,0,1,0,0,1,0,0,0,0,1
62,6.48,25,17.99,4,0.25,-18.27,0,0,1,0,0,1,0,0,0,0,0,0,0,1,0,0,0,0,1,0,0,0,0,0
64,1.42,42,13.99,3,0.03,-40.55,1,0,0,1,0,0,0,1,0,1,0,0,0,0,0,0,1,0,0,0,1,0,0,1
69,10.1,24,8.99,2,0.4,-13.5,0,0,0,0,0,0,0,0,0,0,0,1,0,0,0,0,0,0,0,0,0,0,1,0
32,4.69,12,17.99,3,0.36,-6.949999999999999,0,1,1,0,1,0,0,0,0,0,1,0,0,0,0,0,0,0,1,0,0,0,0,1
67,0.61,12,17.99,3,0.05,-11.34,0,0,1,0,0,0,0,1,0,0,0,0,1,1,0,0,0,0,1,0,0,0,0,1
37,18.15,54,8.99,1,0.33,-35.52,0,1,0,0,0,0,1,0,0,0,0,0,0,0,1,0,0,0,0,0,0,0,1,1
34,2.89,36,13.99,3,0.08,-33.03,1,0,0,1,0,0,1,0,0,0,0,1,0,0,1,0,0,0,0,0,0,0,1,1
21,23.78,9,8.99,3,2.38,17.16,0,0,0,0,0,0,0,1,0,1,0,0,0,0,0,0,0,0,0,0,0,1,0,0
50,8.48,13,17.99,3,0.61,-3.91,1,0,1,0,1,0,0,0,0,0,0,0,1,0,0,0,1,0,0,0,0,0,1,0
56,27.15,15,8.99,1,1.7,13.849999999999998,1,0,0,0,0,1,0,0,0,0,0,1,0,0,0,0,0,0,0,0,0,0,0,0
52,6.78,2,8.99,1,2.26,7.039999999999999,1,0,0,0,1,0,0,0,0,0,1,0,0,0,0,1,0,0,0,0,0,1,0,0
62,0.62,8,17.99,1,0.07,-7.3100000000000005,1,0,1,0,1,0,0,0,0,0,1,0,0,0,0,0,1,0,0,0,1,0,0,1
53,0.01,55,8.99,3,0.0,-54.99,0,0,0,0,0,0,0,0,0,0,1,0,0,0,0,0,1,0,1,0,0,0,0,1
46,4.15,50,8.99,2,0.08,-45.769999999999996,0,0,0,0,0,0,1,0,0,0,0,1,0,0,1,0,0,0,1,0,0,0,0,1
65,16.1,9,13.99,4,1.61,8.71,0,0,0,1,0,0,0,0,0,0,0,1,0,0,0,0,1,0,1,0,0,0,0,0
33,26.73,28,13.99,3,0.92,-0.34999999999999787,0,0,0,1,1,0,0,0,0,0,0,0,0,0,0,1,0,0,0,0,1,0,0,0
37,1.32,11,8.99,5,0.11,-9.57,0,1,0,0,0,0,0,0,1,0,0,1,0,0,0,1,0,0,0,0,1,0,0,1
52,27.41,1,17.99,2,13.71,40.120000000000005,1,0,1,0,0,0,0,0,0,1,0,0,0,1,0,0,0,0,0,0,0,0,0,0
30,19.84,29,13.99,1,0.66,-8.5,0,0,0,1,0,0,0,0,0,0,0,1,0,0,1,0,0,0,0,1,0,0,0,0
38,3.64,39,17.99,5,0.09,-35.27,0,1,1,0,0,0,0,0,0,0,0,0,0,0,0,1,0,0,0,1,0,0,0,1
62,10.68,46,17.99,1,0.23,-35.09,0,0,1,0,0,0,0,0,1,0,0,0,1,1,0,0,0,0,1,0,0,0,0,1
22,29.96,43,8.99,5,0.68,-12.36,0,1,0,0,0,0,1,0,0,0,0,1,0,1,0,0,0,0,0,0,0,1,0,0
55,38.31,32,17.99,1,1.16,7.469999999999999,0,1,1,0,1,0,0,0,0,0,1,0,0,1,0,0,0,0,0,0,0,0,1,0
48,1.64,11,17.99,1,0.14,-9.22,1,0,1,0,0,0,1,0,0,0,1,0,0,0,0,1,0,0,0,1,0,0,0,1
54,8.55,57,13.99,1,0.15,-48.3,0,1,0,1,0,0,0,1,0,0,1,0,0,0,0,0,1,0,0,0,1,0,0,1
27,3.92,56,13.99,1,0.07,-52.01,0,1,0,1,0,0,0,1,0,0,0,0,0,0,1,0,0,0,0,1,0,0,0,1
59,4.8,1,17.99,1,2.4,6.199999999999999,0,1,1,0,0,0,0,0,0,0,0,0,0,0,0,0,1,0,0,1,0,0,0,0
39,11.29,7,17.99,1,1.41,5.699999999999999,0,1,1,0,0,1,0,0,0,0,0,0,1,0,0,1,0,0,1,0,0,0,0,0
19,0.4,15,17.99,1,0.03,-14.57,0,1,1,0,0,0,0,0,1,0,1,0,0,0,0,1,0,0,0,0,0,0,1,1
29,2.33,56,13.99,2,0.04,-53.63,0,1,0,1,1,0,0,0,0,0,0,0,0,1,0,0,0,0,0,0,0,0,1,1
33,1.98,5,17.99,2,0.33,-2.69,1,0,1,0,0,1,0,0,0,0,0,0,0,0,0,0,0,0,0,0,0,0,1,0
62,1.31,46,8.99,2,0.03,-44.66,0,1,0,0,1,0,0,0,0,0,0,0,0,1,0,0,0,0,0,0,0,0,1,1
45,8.71,23,13.99,5,0.36,-13.93,1,0,0,1,0,0,0,0,1,0,0,0,1,0,0,0,0,1,0,0,0,0,0,0
48,4.65,19,13.99,4,0.23,-14.12,0,1,0,1,0,0,0,1,0,1,0,0,0,0,1,0,0,0,0,0,0,1,0,0
19,15.61,8,8.99,2,1.73,9.34,1,0,0,0,0,0,0,0,0,0,0,0,1,1,0,0,0,0,0,0,1,0,0,0
20,27.16,53,17.99,1,0.5,-25.34,0,0,1,0,0,0,0,0,1,0,0,0,1,0,0,0,0,0,1,0,0,0,0,0
59,10.22,53,8.99,4,0.19,-42.59,0,0,0,0,0,0,0,1,0,0,1,0,0,0,0,0,0,0,0,0,0,0,1,1
41,11.39,44,8.99,3,0.25,-32.36,0,1,0,0,0,0,0,0,1,0,1,0,0,0,0,1,0,0,0,0,0,1,0,1
41,1.5,60,17.99,5,0.02,-58.48,0,0,1,0,0,0,0,0,1,0,0,0,0,0,0,1,0,0,0,0,1,0,0,1
47,13.28,20,13.99,3,0.63,-6.09,0,0,0,1,0,1,0,0,0,0,1,0,0,0,0,0,1,0,1,0,0,0,0,0
46,4.67,58,17.99,1,0.08,-53.25,1,0,1,0,1,0,0,0,0,0,0,1,0,0,0,0,1,0,1,0,0,0,0,1
33,1.18,42,8.99,5,0.03,-40.79,0,0,0,0,1,0,0,0,0,0,0,1,0,0,1,0,0,0,0,0,1,0,0,1
21,11.78,4,17.99,3,2.36,10.139999999999999,1,0,1,0,0,0,0,1,0,1,0,0,0,1,0,0,0,0,0,1,0,0,0,0
66,1.92,27,8.99,5,0.07,-25.01,1,0,0,0,0,0,0,0,1,1,0,0,0,0,0,1,0,0,0,0,1,0,0,1
37,3.73,31,17.99,5,0.12,-27.15,1,0,1,0,1,0,0,0,0,0,0,1,0,0,0,0,1,0,1,0,0,0,0,1
49,9.39,22,13.99,1,0.41,-12.2,1,0,0,1,0,1,0,0,0,1,0,0,0,0,0,1,0,0,0,0,0,0,0,0
66,7.74,6,13.99,4,1.11,2.8499999999999996,0,0,0,1,0,0,0,0,1,1,0,0,0,0,0,0,0,0,0,0,1,0,0,0
35,0.57,56,8.99,2,0.01,-55.42,0,1,0,0,0,0,0,0,1,0,1,0,0,0,0,0,1,1,0,0,0,0,0,1
65,4.3,46,13.99,3,0.09,-41.61,1,0,0,1,0,0,0,0,0,0,1,0,0,0,0,0,1,1,0,0,0,0,0,1
20,22.07,59,13.99,1,0.37,-36.56,0,1,0,1,0,0,0,1,0,0,0,0,0,0,1,0,0,1,0,0,0,0,0,0
25,10.7,39,13.99,1,0.27,-28.03,0,0,0,1,0,1,0,0,0,0,0,1,0,1,0,0,0,0,0,0,0,1,0,1
32,1.88,40,13.99,4,0.05,-38.07,1,0,0,1,0,0,1,0,0,0,0,0,1,1,0,0,0,0,0,0,0,1,0,1
59,0.95,55,17.99,4,0.02,-54.03,0,1,1,0,0,0,0,0,1,0,0,0,0,1,0,0,0,1,0,0,0,0,0,1
34,16.43,56,8.99,2,0.29,-39.28,0,0,0,0,0,1,0,0,0,0,0,1,0,0,1,0,0,0,0,0,0,1,0,1
62,12.37,30,17.99,2,0.4,-17.23,0,1,1,0,0,1,0,0,0,0,0,1,0,0,0,0,0,0,0,0,0,0,0,0
55,17.87,4,8.99,1,3.57,17.44,0,1,0,0,0,0,0,0,1,0,0,0,1,0,0,0,0,0,0,0,0,1,0,0
40,12.82,36,13.99,2,0.35,-22.83,0,1,0,1,1,0,0,0,0,0,0,1,0,0,0,0,0,0,0,0,0,1,0,1
51,10.86,46,17.99,4,0.23,-34.91,1,0,1,0,0,1,0,0,0,0,1,0,0,0,0,0,0,0,0,0,0,0,1,0
29,1.78,51,17.99,5,0.03,-49.19,0,1,1,0,0,0,0,1,0,0,1,0,0,1,0,0,0,0,0,0,1,0,0,1
49,13.93,34,8.99,2,0.4,-19.67,0,0,0,0,0,0,1,0,0,1,0,0,0,0,0,0,0,1,0,0,0,0,0,1
38,2.95,40,17.99,2,0.07,-36.98,1,0,1,0,0,0,0,1,0,1,0,0,0,0,0,0,0,0,0,0,0,1,0,1
49,16.82,5,8.99,5,2.8,14.620000000000001,0,1,0,0,1,0,0,0,0,0,0,1,0,0,0,1,0,0,0,0,0,1,0,0
48,28.14,60,17.99,2,0.46,-31.4,1,0,1,0,0,0,0,0,0,0,1,0,0,0,0,0,0,1,0,0,0,0,0,0
45,8.28,16,17.99,5,0.49,-7.23,1,0,1,0,0,0,0,0,1,0,0,0,0,0,1,0,0,0,0,0,1,0,0,0
39,10.64,57,8.99,1,0.18,-46.18,0,0,0,0,0,0,0,1,0,1,0,0,0,0,1,0,0,0,0,0,0,0,0,1
63,0.85,36,8.99,3,0.02,-35.13,0,1,0,0,0,0,1,0,0,0,1,0,0,0,0,0,0,0,0,0,0,0,1,1
21,2.29,26,8.99,4,0.08,-23.63,0,0,0,0,1,0,0,0,0,0,0,1,0,1,0,0,0,0,1,0,0,0,0,1
36,23.37,57,13.99,5,0.4,-33.230000000000004,0,1,0,1,0,0,0,0,0,0,0,1,0,0,0,0,0,1,0,0,0,0,0,0
63,3.01,60,8.99,5,0.05,-56.94,1,0,0,0,0,0,0,0,1,0,0,1,0,0,1,0,0,0,0,1,0,0,0,1
54,27.8,9,8.99,4,2.78,21.580000000000002,0,0,0,0,0,0,1,0,0,0,0,1,0,0,0,1,0,0,0,0,1,0,0,0
22,10.29,17,13.99,5,0.57,-6.140000000000001,0,0,0,1,0,0,0,0,1,0,0,0,0,0,0,1,0,1,0,0,0,0,0,0
33,7.45,0,13.99,4,7.45,14.9,1,0,0,1,0,1,0,0,0,0,1,0,0,0,0,0,1,0,0,0,0,0,0,0
28,2.63,54,8.99,4,0.05,-51.32,0,0,0,0,0,1,0,0,0,0,0,1,0,0,0,0,0,0,0,0,0,0,0,1
22,14.27,17,17.99,4,0.79,-1.9400000000000013,0,0,1,0,0,0,1,0,0,0,0,0,0,0,0,0,0,1,0,0,0,0,0,0
22,4.9,1,17.99,5,2.45,6.3500000000000005,1,0,1,0,0,0,1,0,0,0,0,1,0,0,0,1,0,0,0,1,0,0,0,0
18,2.48,45,8.99,2,0.05,-42.47,0,1,0,0,0,0,0,0,0,1,0,0,0,0,0,1,0,0,0,0,1,0,0,1
49,0.48,35,17.99,3,0.01,-34.51,0,0,1,0,0,0,1,0,0,1,0,0,0,0,0,0,1,0,0,0,0,0,1,1
23,12.6,54,17.99,1,0.23,-41.17,1,0,1,0,1,0,0,0,0,0,0,1,0,1,0,0,0,0,1,0,0,0,0,1
69,1.35,8,17.99,3,0.15,-6.5,0,0,1,0,0,0,1,0,0,0,1,0,0,0,1,0,0,0,0,1,0,0,0,1
42,4.11,54,13.99,1,0.07,-49.82,1,0,0,1,1,0,0,0,0,0,1,0,0,0,1,0,0,0,0,0,0,0,1,1
40,27.26,24,8.99,1,1.09,4.350000000000001,0,1,0,0,0,0,0,0,0,0,1,0,0,1,0,0,0,0,0,0,0,0,0,0
26,24.13,27,13.99,3,0.86,-2.0100000000000016,1,0,0,1,0,0,0,0,0,0,0,0,1,0,0,0,0,1,0,0,0,0,0,0
46,13.66,31,17.99,1,0.43,-16.91,1,0,1,0,0,0,0,0,1,0,1,0,0,0,0,0,1,1,0,0,0,0,0,1
19,10.58,9,13.99,1,1.06,2.6400000000000006,1,0,0,1,0,0,0,0,1,0,0,0,0,0,0,0,0,0,1,0,0,0,0,0
26,0.73,44,17.99,5,0.02,-43.25,1,0,1,0,0,0,0,1,0,0,0,0,0,0,0,1,0,0,0,0,0,0,1,1
27,2.66,32,17.99,3,0.08,-29.259999999999998,0,0,1,0,1,0,0,0,0,0,0,1,0,0,0,1,0,1,0,0,0,0,0,1
40,0.12,28,17.99,4,0.0,-27.88,0,0,1,0,0,0,0,1,0,0,0,0,0,1,0,0,0,0,0,0,0,1,0,1
58,0.76,44,8.99,4,0.02,-43.22,0,1,0,0,0,1,0,0,0,0,0,0,1,0,0,1,0,0,0,0,0,0,1,1
36,22.9,47,13.99,2,0.48,-23.62,0,1,0,1,0,0,0,0,1,0,0,0,0,1,0,0,0,0,1,0,0,0,0,0
67,3.36,23,17.99,3,0.14,-19.5,0,0,1,0,0,0,1,0,0,0,0,0,1,0,0,0,0,0,0,0,0,1,0,1
24,4.1,21,13.99,5,0.19,-16.71,0,0,0,1,0,1,0,0,0,0,1,0,0,0,0,0,0,0,0,0,0,1,0,0
37,8.77,41,8.99,2,0.21,-32.019999999999996,0,1,0,0,0,1,0,0,0,0,0,1,0,1,0,0,0,0,0,0,1,0,0,1
26,22.8,24,17.99,4,0.91,-0.28999999999999915,0,0,1,0,1,0,0,0,0,1,0,0,0,0,0,0,0,0,0,0,0,0,1,0
63,0.88,21,13.99,1,0.04,-20.08,1,0,0,1,0,0,0,1,0,0,1,0,0,1,0,0,0,0,0,0,0,0,0,1
38,43.56,26,17.99,3,1.61,19.17,1,0,1,0,0,0,0,1,0,1,0,0,0,0,1,0,0,0,0,0,1,0,0,0
54,6.59,40,13.99,4,0.16,-33.25,0,1,0,1,0,0,1,0,0,0,0,0,0,1,0,0,0,0,0,0,1,0,0,1
57,4.15,17,8.99,5,0.23,-12.62,1,0,0,0,0,0,0,0,0,0,0,0,0,0,1,0,0,0,0,1,0,0,0,1
55,0.42,29,17.99,2,0.01,-28.57,1,0,1,0,0,0,0,1,0,0,0,0,1,0,0,0,1,0,1,0,0,0,0,1
42,2.8,40,8.99,4,0.07,-37.13,0,0,0,0,0,0,1,0,0,0,0,1,0,0,0,1,0,1,0,0,0,0,0,1
22,0.76,24,13.99,2,0.03,-23.21,0,0,0,1,0,0,0,0,0,0,0,0,0,0,0,1,0,0,0,0,0,0,1,1
37,5.78,22,8.99,2,0.25,-15.969999999999999,0,0,0,0,0,1,0,0,0,1,0,0,0,1,0,0,0,0,0,0,0,1,0,1
61,17.59,58,8.99,2,0.3,-40.11,0,0,0,0,0,0,1,0,0,1,0,0,0,0,1,0,0,0,0,0,1,0,0,1
47,6.28,3,8.99,2,1.57,4.8500000000000005,0,0,0,0,0,0,0,1,0,0,0,0,1,0,1,0,0,0,1,0,0,0,0,0
31,9.9,46,13.99,5,0.21,-35.89,0,1,0,1,1,0,0,0,0,1,0,0,0,0,0,0,1,0,0,0,0,0,0,0
52,13.22,37,13.99,2,0.35,-23.43,0,1,0,1,0,1,0,0,0,0,1,0,0,1,0,0,0,0,0,1,0,0,0,1
29,1.77,47,8.99,3,0.04,-45.19,0,0,0,0,0,0,0,1,0,1,0,0,0,0,0,0,0,0,1,0,0,0,0,1
26,33.1,21,13.99,5,1.5,13.600000000000001,1,0,0,1,0,0,0,1,0,1,0,0,0,0,0,0,1,0,1,0,0,0,0,0
52,7.03,19,17.99,2,0.35,-11.620000000000001,1,0,1,0,0,0,0,0,0,0,0,0,1,0,0,0,0,0,1,0,0,0,0,0
33,14.96,16,13.99,5,0.88,-0.15999999999999837,1,0,0,1,0,0,1,0,0,0,0,0,1,1,0,0,0,0,0,0,0,1,0,0
52,3.11,50,17.99,4,0.06,-46.83,1,0,1,0,0,0,1,0,0,0,1,0,0,0,0,0,0,1,0,0,0,0,0,1
48,0.29,33,8.99,1,0.01,-32.7,0,0,0,0,0,0,1,0,0,0,0,0,1,0,1,0,0,0,0,0,1,0,0,1
52,1.69,54,13.99,3,0.03,-52.28,0,0,0,1,0,0,0,0,1,1,0,0,0,0,1,0,0,0,1,0,0,0,0,1
50,0.61,16,8.99,2,0.04,-15.35,0,1,0,0,1,0,0,0,0,0,0,1,0,0,0,1,0,0,0,1,0,0,0,1
43,11.84,56,17.99,5,0.21,-43.95,1,0,1,0,0,0,0,0,0,0,1,0,0,0,0,0,0,0,0,0,0,0,1,0
62,25.88,49,13.99,2,0.52,-22.6,1,0,0,1,0,1,0,0,0,0,0,0,0,0,0,0,1,0,0,0,1,0,0,0
31,1.79,18,8.99,5,0.09,-16.12,1,0,0,0,1,0,0,0,0,1,0,0,0,0,0,1,0,0,0,1,0,0,0,1
35,19.19,50,17.99,1,0.38,-30.43,0,1,1,0,1,0,0,0,0,0,0,0,0,0,0,0,0,0,1,0,0,0,0,1
68,7.11,43,17.99,5,0.16,-35.73,0,0,1,0,0,0,0,0,1,0,0,1,0,0,0,0,0,0,0,0,1,0,0,0
45,3.2,57,17.99,1,0.06,-53.74,0,1,1,0,0,0,0,1,0,0,0,1,0,0,0,0,0,0,0,0,0,0,1,1
24,1.03,30,17.99,1,0.03,-28.94,0,0,1,0,0,0,0,1,0,0,0,0,1,0,0,0,0,0,0,0,0,0,1,1
30,6.23,49,13.99,3,0.12,-42.65,0,0,0,1,0,1,0,0,0,0,0,1,0,0,1,0,0,1,0,0,0,0,0,1
51,7.01,38,13.99,2,0.18,-30.810000000000002,1,0,0,1,1,0,0,0,0,0,0,0,1,0,0,1,0,0,0,0,0,0,1,1
25,2.95,37,8.99,4,0.08,-33.97,1,0,0,0,0,0,1,0,0,0,0,1,0,0,0,0,1,0,0,0,1,0,0,1
43,16.9,20,13.99,2,0.8,-2.3000000000000007,1,0,0,1,0,0,0,0,1,0,0,0,1,0,0,0,0,0,0,1,0,0,0,0
58,0.36,39,8.99,3,0.01,-38.63,1,0,0,0,0,0,0,0,0,1,0,0,0,0,0,0,1,0,0,1,0,0,0,1
27,19.23,56,13.99,2,0.34,-36.43,0,0,0,1,0,0,1,0,0,0,0,0,1,0,0,1,0,0,0,0,0,1,0,1
33,27.1,57,17.99,4,0.47,-29.43,0,1,1,0,0,0,0,0,0,0,0,0,0,0,0,1,0,0,0,1,0,0,0,0
35,38.65,21,17.99,4,1.76,19.409999999999997,0,0,1,0,1,0,0,0,0,0,0,0,0,0,0,0,1,0,0,0,1,0,0,0
56,8.25,27,8.99,3,0.29,-18.46,1,0,0,0,1,0,0,0,0,0,0,1,0,0,1,0,0,1,0,0,0,0,0,0
59,3.06,17,13.99,2,0.17,-13.77,1,0,0,1,0,1,0,0,0,0,0,0,1,0,0,0,1,0,1,0,0,0,0,1
41,0.86,22,8.99,4,0.04,-21.1,0,1,0,0,0,0,0,0,1,0,0,1,0,1,0,0,0,0,1,0,0,0,0,1
22,5.22,33,17.99,5,0.15,-27.63,0,0,1,0,0,0,0,1,0,0,0,0,0,0,0,0,0,0,1,0,0,0,0,0
64,22.92,7,17.99,1,2.87,18.790000000000003,0,0,1,0,0,0,0,0,0,0,0,0,0,0,1,0,0,0,0,0,0,0,0,0
61,3.99,33,8.99,5,0.12,-28.89,1,0,0,0,0,0,0,0,1,0,1,0,0,0,0,0,1,0,0,0,0,1,0,1
37,0.59,13,13.99,3,0.04,-12.37,0,0,0,1,0,0,0,1,0,0,0,1,0,0,0,0,0,0,0,0,0,0,1,1
48,0.75,55,8.99,5,0.01,-54.24,0,1,0,0,0,0,1,0,0,1,0,0,0,0,0,0,1,0,0,0,0,0,0,1
58,3.59,29,8.99,3,0.12,-25.29,0,0,0,0,1,0,0,0,0,0,0,1,0,0,0,0,1,0,0,0,1,0,0,1
25,0.24,43,8.99,3,0.01,-42.75,1,0,0,0,1,0,0,0,0,0,0,0,0,0,1,0,0,0,0,0,0,1,0,1
51,25.77,38,8.99,4,0.66,-11.57,0,1,0,0,0,0,0,0,1,0,1,0,0,0,0,0,1,0,0,0,0,0,0,0
34,2.94,43,13.99,2,0.07,-39.99,1,0,0,1,0,0,0,1,0,0,0,0,0,0,0,0,0,0,0,0,0,0,1,1
62,20.63,11,17.99,3,1.72,11.349999999999998,1,0,1,0,0,0,0,0,0,0,0,1,0,0,0,0,1,1,0,0,0,0,0,0
66,6.54,7,13.99,2,0.82,0.3600000000000003,0,0,0,1,0,0,0,0,0,0,0,0,1,0,0,0,1,1,0,0,0,0,0,0
35,4.7,13,13.99,4,0.34,-7.96,1,0,0,1,0,0,0,1,0,0,0,0,1,1,0,0,0,0,0,0,0,0,1,1
64,0.19,18,17.99,5,0.01,-17.8,0,0,1,0,0,0,0,0,0,1,0,0,0,0,1,0,0,0,0,0,0,0,0,0
21,7.72,51,17.99,3,0.15,-43.13,0,0,1,0,0,0,0,1,0,0,0,1,0,0,1,0,0,0,0,0,0,1,0,1
58,6.88,22,13.99,3,0.3,-14.82,1,0,0,1,1,0,0,0,0,0,0,0,0,1,0,0,0,0,0,0,0,1,0,0
49,19.3,19,17.99,5,0.97,1.2699999999999996,0,1,1,0,0,0,0,1,0,0,1,0,0,0,0,0,1,0,0,0,1,0,0,0
39,35.7,7,13.99,4,4.46,33.160000000000004,0,1,0,1,0,0,0,0,1,0,0,1,0,1,0,0,0,0,0,0,0,0,1,0
49,1.0,40,17.99,4,0.02,-38.98,1,0,1,0,1,0,0,0,0,0,0,0,1,0,0,1,0,0,1,0,0,0,0,1
61,28.65,36,17.99,5,0.77,-6.580000000000002,0,1,1,0,0,1,0,0,0,1,0,0,0,0,0,0,1,0,0,1,0,0,0,0
32,6.86,49,13.99,2,0.14,-42.0,0,0,0,1,0,0,0,0,0,0,0,1,0,0,1,0,0,0,0,0,0,0,1,1
22,2.36,27,8.99,3,0.08,-24.56,0,1,0,0,0,0,0,1,0,1,0,0,0,1,0,0,0,0,0,0,0,0,0,1
47,3.84,2,8.99,2,1.28,3.12,0,0,0,0,0,1,0,0,0,0,1,0,0,0,0,0,0,0,0,0,0,0,0,0
41,0.11,41,13.99,2,0.0,-40.89,0,0,0,1,0,0,0,0,0,0,1,0,0,0,0,0,0,0,0,0,0,0,0,1
65,6.36,31,8.99,4,0.2,-24.439999999999998,1,0,0,0,0,1,0,0,0,0,0,0,1,0,0,0,0,0,0,0,0,0,1,1
57,12.3,26,8.99,4,0.46,-13.239999999999998,1,0,0,0,1,0,0,0,0,0,0,0,1,0,1,0,0,0,0,0,0,0,1,0
42,8.18,40,17.99,5,0.2,-31.62,0,1,1,0,0,1,0,0,0,0,1,0,0,0,0,0,0,0,0,0,0,1,0,0
50,1.05,42,17.99,2,0.02,-40.93,0,1,1,0,1,0,0,0,0,1,0,0,0,0,0,0,0,0,0,0,0,0,0,1
38,6.49,50,13.99,5,0.13,-43.38,0,1,0,1,0,0,0,1,0,0,0,1,0,0,0,0,1,0,0,0,0,1,0,0
58,15.91,49,17.99,1,0.32,-32.769999999999996,1,0,1,0,0,0,0,0,1,0,1,0,0,0,0,1,0,0,0,1,0,0,0,1
30,12.85,39,13.99,3,0.32,-25.83,0,1,0,1,1,0,0,0,0,0,0,0,1,0,1,0,0,1,0,0,0,0,0,1
64,1.22,56,17.99,1,0.02,-54.76,0,0,1,0,1,0,0,0,0,0,0,0,0,1,0,0,0,1,0,0,0,0,0,1
51,1.96,26,13.99,4,0.07,-23.97,0,1,0,1,0,1,0,0,0,0,0,0,1,0,1,0,0,0,1,0,0,0,0,0
56,8.3,55,8.99,3,0.15,-46.55,0,0,0,0,1,0,0,0,0,0,0,1,0,0,0,0,1,1,0,0,0,0,0,1
48,7.38,4,13.99,4,1.48,4.859999999999999,1,0,0,1,0,0,0,0,1,0,0,0,0,0,0,0,0,0,0,0,1,0,0,0
27,11.62,50,8.99,2,0.23,-38.15,0,0,0,0,1,0,0,0,0,0,0,1,0,0,0,0,0,0,1,0,0,0,0,1
23,5.06,36,8.99,3,0.14,-30.8,0,0,0,0,0,1,0,0,0,0,0,0,1,0,1,0,0,1,0,0,0,0,0,1
69,3.84,30,17.99,5,0.12,-26.04,0,1,1,0,1,0,0,0,0,0,0,0,0,1,0,0,0,0,1,0,0,0,0,1
41,2.97,46,13.99,1,0.06,-42.97,0,0,0,1,0,0,1,0,0,0,0,0,1,0,0,0,0,0,0,0,1,0,0,1
65,8.23,57,13.99,1,0.14,-48.629999999999995,0,0,0,1,1,0,0,0,0,0,0,1,0,1,0,0,0,1,0,0,0,0,0,1
20,12.72,13,17.99,2,0.91,0.6300000000000008,1,0,1,0,0,0,0,1,0,0,1,0,0,0,0,0,0,0,0,0,1,0,0,0
62,10.76,31,17.99,1,0.34,-19.9,1,0,1,0,0,0,0,0,0,0,0,0,0,0,0,0,1,0,0,0,1,0,0,1
34,19.54,10,17.99,2,1.78,11.32,0,0,1,0,1,0,0,0,0,1,0,0,0,0,1,0,0,0,0,0,0,0,1,0
58,26.15,53,17.99,1,0.48,-26.37,1,0,1,0,0,0,0,0,1,0,0,0,0,0,0,0,0,0,0,0,0,1,0,0
35,3.78,37,17.99,5,0.1,-33.12,0,0,1,0,0,0,0,0,0,1,0,0,0,0,1,0,0,0,0,1,0,0,0,1
36,6.49,21,13.99,5,0.29,-14.219999999999999,0,0,0,1,0,0,1,0,0,1,0,0,0,0,0,0,0,0,0,0,0,0,0,0
57,1.76,10,8.99,4,0.16,-8.08,0,0,0,0,0,0,1,0,0,0,0,0,1,0,0,0,0,1,0,0,0,0,0,1
58,8.43,49,17.99,1,0.17,-40.4,1,0,1,0,0,1,0,0,0,0,0,0,1,1,0,0,0,0,0,0,0,1,0,1
54,4.85,37,8.99,4,0.13,-32.02,1,0,0,0,0,0,0,0,0,0,0,0,1,0,0,0,0,1,0,0,0,0,0,1
22,14.04,19,13.99,2,0.7,-4.260000000000002,0,1,0,1,0,0,1,0,0,0,1,0,0,0,0,1,0,0,0,0,0,0,1,0
43,19.59,25,17.99,1,0.75,-4.66,1,0,1,0,0,0,0,0,0,0,0,0,1,0,0,0,0,0,0,1,0,0,0,0
21,0.06,13,13.99,5,0.0,-12.94,0,1,0,1,0,0,0,1,0,0,0,0,0,0,0,0,1,0,0,1,0,0,0,0
53,26.91,19,13.99,2,1.35,9.260000000000002,0,0,0,1,0,0,1,0,0,0,0,0,1,0,1,0,0,0,0,0,0,0,0,0
36,1.36,58,13.99,5,0.02,-56.62,1,0,0,1,0,0,1,0,0,0,0,0,0,0,0,0,0,0,1,0,0,0,0,1
37,7.53,48,17.99,3,0.15,-40.32,0,0,1,0,1,0,0,0,0,0,0,0,0,0,0,0,1,0,1,0,0,0,0,1
44,62.82,44,13.99,4,1.4,20.22,0,0,0,1,0,0,0,0,0,0,0,0,0,0,0,0,0,0,0,0,0,0,1,0
33,2.08,7,17.99,4,0.26,-4.66,0,0,1,0,0,0,1,0,0,0,0,1,0,0,1,0,0,0,0,0,0,1,0,0
32,10.13,8,8.99,5,1.13,3.2600000000000016,1,0,0,0,0,0,0,1,0,0,0,0,1,0,0,0,0,0,0,0,1,0,0,0
23,11.07,47,8.99,4,0.23,-35.7,0,0,0,0,0,1,0,0,0,1,0,0,0,1,0,0,0,0,0,0,0,0,0,1
61,4.67,43,17.99,4,0.11,-38.22,1,0,1,0,0,0,0,0,1,0,0,1,0,1,0,0,0,0,0,0,0,1,0,1
33,17.72,5,17.99,5,2.95,15.669999999999998,1,0,1,0,0,0,1,0,0,1,0,0,0,0,0,0,0,0,0,0,0,1,0,0
41,6.01,36,17.99,4,0.16,-29.83,0,0,1,0,0,0,1,0,0,0,0,0,1,0,1,0,0,0,0,0,0,0,0,0
23,14.92,13,13.99,2,1.07,2.99,0,0,0,1,0,0,1,0,0,0,0,1,0,0,0,1,0,0,1,0,0,0,0,0
67,8.28,51,8.99,2,0.16,-42.56,0,0,0,0,0,0,0,0,0,1,0,0,0,0,0,1,0,1,0,0,0,0,0,1
59,4.96,51,8.99,1,0.1,-45.94,0,1,0,0,0,0,0,0,1,0,1,0,0,0,0,0,1,1,0,0,0,0,0,1
50,1.11,44,8.99,5,0.02,-42.87,0,1,0,0,0,0,1,0,0,1,0,0,0,0,0,0,1,0,0,0,0,1,0,1
22,0.85,26,17.99,3,0.03,-25.12,0,1,1,0,0,0,0,1,0,0,0,1,0,0,1,0,0,1,0,0,0,0,0,1
65,1.85,34,8.99,2,0.05,-32.1,0,0,0,0,1,0,0,0,0,0,0,1,0,0,0,0,1,0,0,0,0,1,0,1
70,8.29,13,17.99,1,0.59,-4.120000000000001,1,0,1,0,0,0,1,0,0,0,1,0,0,0,0,1,0,1,0,0,0,0,0,0
39,13.15,13,8.99,2,0.94,1.0899999999999999,0,0,0,0,1,0,0,0,0,0,0,1,0,0,0,1,0,0,0,0,1,0,0,0
59,3.7,22,13.99,3,0.16,-18.14,0,1,0,1,0,1,0,0,0,0,0,0,1,0,0,1,0,1,0,0,0,0,0,1
58,5.08,48,8.99,5,0.1,-42.82,0,0,0,0,1,0,0,0,0,0,0,1,0,0,0,0,1,0,1,0,0,0,0,1
56,23.72,13,8.99,1,1.69,12.41,0,0,0,0,0,0,0,0,1,0,1,0,0,0,1,0,0,1,0,0,0,0,0,0
46,13.81,13,13.99,1,0.99,1.8000000000000007,0,0,0,1,0,0,0,1,0,0,0,1,0,0,0,0,0,0,0,0,0,0,0,0
19,6.51,51,13.99,1,0.13,-44.36,0,0,0,1,1,0,0,0,0,0,0,0,1,1,0,0,0,1,0,0,0,0,0,1
38,6.68,15,13.99,1,0.42,-7.9,1,0,0,1,0,0,0,1,0,0,1,0,0,0,0,0,0,0,0,1,0,0,0,0
24,18.05,41,17.99,5,0.43,-22.52,0,1,1,0,0,0,0,0,0,0,1,0,0,0,0,0,0,0,0,0,0,1,0,0
63,26.19,34,17.99,1,0.75,-7.059999999999999,0,0,1,0,0,0,0,0,0,1,0,0,0,1,0,0,0,0,0,0,0,0,1,0
49,8.48,10,17.99,1,0.77,-0.75,0,1,1,0,0,0,1,0,0,1,0,0,0,0,0,0,1,0,0,0,1,0,0,0
56,14.15,44,17.99,3,0.31,-29.54,1,0,1,0,0,0,0,0,0,0,1,0,0,1,0,0,0,0,0,0,1,0,0,1
55,2.01,24,17.99,3,0.08,-21.91,0,0,1,0,0,0,1,0,0,0,0,0,1,0,1,0,0,0,0,0,0,0,1,1
46,0.48,36,17.99,5,0.01,-35.51,1,0,1,0,1,0,0,0,0,0,0,1,0,0,0,1,0,0,0,0,0,1,0,1
18,3.17,0,8.99,1,3.17,6.34,0,1,0,0,1,0,0,0,0,1,0,0,0,0,0,0,0,0,0,0,0,0,0,1
28,8.75,46,17.99,3,0.19,-37.06,1,0,1,0,1,0,0,0,0,0,0,0,0,0,0,0,0,1,0,0,0,0,0,1
35,9.17,43,17.99,3,0.21,-33.62,0,0,1,0,1,0,0,0,0,0,1,0,0,1,0,0,0,0,0,1,0,0,0,1
43,0.83,13,13.99,3,0.06,-12.11,1,0,0,1,0,0,0,0,1,0,0,1,0,0,0,0,1,0,1,0,0,0,0,1
37,3.68,45,8.99,3,0.08,-41.24,0,1,0,0,0,0,0,0,0,1,0,0,0,0,0,0,0,0,0,0,0,0,1,1
62,10.33,3,17.99,2,2.58,9.91,1,0,1,0,0,0,0,0,0,0,0,0,0,1,0,0,0,0,1,0,0,0,0,0
46,12.12,41,8.99,2,0.29,-28.590000000000003,0,0,0,0,0,0,0,0,1,0,0,0,1,0,1,0,0,0,0,1,0,0,0,1
34,28.06,33,8.99,4,0.83,-4.110000000000003,0,0,0,0,0,0,0,1,0,0,0,1,0,0,0,0,1,0,1,0,0,0,0,0
21,16.09,2,17.99,4,5.36,19.45,1,0,1,0,0,0,1,0,0,0,0,0,1,1,0,0,0,0,0,0,0,0,1,0
61,55.13,59,17.99,1,0.92,-2.9499999999999957,0,0,1,0,1,0,0,0,0,0,0,0,1,0,1,0,0,0,0,0,1,0,0,0
48,17.24,53,17.99,5,0.32,-35.44,0,1,1,0,0,0,0,1,0,0,1,0,0,0,1,0,0,0,1,0,0,0,0,0
23,2.91,40,8.99,3,0.07,-37.02,0,1,0,0,0,0,0,1,0,0,0,0,1,0,0,0,1,0,0,1,0,0,0,1
57,3.05,26,13.99,2,0.11,-22.84,0,0,0,1,0,0,1,0,0,0,0,1,0,0,0,0,1,0,0,0,0,0,1,1
30,5.43,56,17.99,4,0.1,-50.47,1,0,1,0,0,0,0,0,0,0,0,1,0,0,0,1,0,0,1,0,0,0,0,1
25,2.51,18,17.99,5,0.13,-15.36,0,1,1,0,1,0,0,0,0,0,0,1,0,0,0,0,1,0,0,0,0,0,1,0
32,7.17,3,8.99,5,1.79,5.960000000000001,0,0,0,0,1,0,0,0,0,0,0,0,1,0,1,0,0,0,0,0,1,0,0,0
29,10.64,36,8.99,1,0.29,-25.07,0,0,0,0,0,1,0,0,0,0,0,0,1,0,0,0,1,0,0,0,0,0,0,1
56,12.06,26,13.99,1,0.45,-13.49,1,0,0,1,0,0,0,0,1,1,0,0,0,0,1,0,0,0,0,0,1,0,0,0
57,28.5,23,13.99,3,1.19,6.690000000000001,0,0,0,1,0,0,0,0,1,0,0,0,0,0,0,1,0,0,1,0,0,0,0,0
23,11.25,24,8.99,5,0.45,-12.3,0,0,0,0,1,0,0,0,0,0,0,0,0,1,0,0,0,1,0,0,0,0,0,0
38,1.13,41,8.99,2,0.03,-39.84,0,1,0,0,1,0,0,0,0,0,0,0,0,1,0,0,0,1,0,0,0,0,0,1
62,12.33,47,8.99,1,0.26,-34.41,1,0,0,0,0,0,0,0,1,0,0,0,0,0,0,1,0,0,0,0,0,0,0,1
51,8.43,37,13.99,1,0.22,-28.35,1,0,0,1,0,0,0,0,1,0,1,0,0,0,1,0,0,0,1,0,0,0,0,1
54,3.36,50,13.99,5,0.07,-46.57,0,1,0,1,0,0,0,0,0,1,0,0,0,0,0,1,0,0,0,0,0,1,0,1
33,11.36,51,8.99,1,0.22,-39.42,0,0,0,0,0,1,0,0,0,0,0,0,0,0,0,0,1,0,0,1,0,0,0,1
54,2.08,12,17.99,5,0.16,-9.76,0,0,1,0,0,0,0,0,0,0,1,0,0,0,1,0,0,0,0,0,0,0,0,0
38,3.49,26,17.99,5,0.13,-22.38,1,0,1,0,1,0,0,0,0,0,0,1,0,0,0,0,0,0,0,0,0,0,0,0
24,17.56,10,8.99,5,1.6,9.16,0,1,0,0,0,0,0,1,0,0,1,0,0,0,0,1,0,0,0,0,0,0,0,0
44,2.28,59,13.99,2,0.04,-56.68,1,0,0,1,1,0,0,0,0,1,0,0,0,1,0,0,0,1,0,0,0,0,0,1
37,28.57,4,13.99,2,5.71,30.28,1,0,0,1,0,1,0,0,0,0,1,0,0,0,0,0,0,0,0,0,1,0,0,0
64,22.89,50,13.99,3,0.45,-26.66,1,0,0,1,0,0,0,0,0,1,0,0,0,1,0,0,0,0,0,0,0,0,0,0
41,14.17,19,17.99,3,0.71,-4.120000000000001,0,0,1,0,0,0,1,0,0,0,0,0,1,0,0,1,0,0,0,0,0,0,0,0
25,0.9,27,13.99,3,0.03,-26.07,0,1,0,1,0,0,1,0,0,0,1,0,0,0,0,0,1,0,0,0,1,0,0,1
65,17.31,37,13.99,1,0.46,-19.23,0,0,0,1,0,0,0,0,0,0,1,0,0,0,0,0,1,0,0,1,0,0,0,1
39,3.69,26,17.99,5,0.14,-22.17,0,0,1,0,1,0,0,0,0,0,0,0,1,1,0,0,0,0,1,0,0,0,0,1
69,42.32,48,13.99,3,0.86,-4.82,1,0,0,1,0,0,0,1,0,0,0,1,0,0,0,1,0,0,0,0,0,0,0,0
61,31.47,52,17.99,5,0.59,-19.939999999999998,0,1,1,0,0,1,0,0,0,0,0,0,0,0,1,0,0,0,1,0,0,0,0,0
59,16.35,1,13.99,3,8.18,23.53,1,0,0,1,1,0,0,0,0,0,0,1,0,0,0,0,1,0,0,0,0,0,0,0
26,1.24,56,13.99,1,0.02,-54.74,0,1,0,1,1,0,0,0,0,0,0,1,0,0,1,0,0,0,0,0,0,0,1,1
36,2.98,60,17.99,4,0.05,-56.97,0,1,1,0,0,0,0,0,1,0,1,0,0,0,1,0,0,0,0,1,0,0,0,1
42,1.85,6,8.99,5,0.26,-3.8899999999999997,0,0,0,0,0,0,0,0,0,1,0,0,0,1,0,0,0,0,0,0,1,0,0,1
45,1.77,11,13.99,3,0.15,-9.08,0,0,0,1,0,0,0,0,0,0,1,0,0,0,0,0,1,0,0,0,0,1,0,1
66,0.42,28,17.99,5,0.01,-27.57,0,1,1,0,0,0,1,0,0,0,0,1,0,1,0,0,0,0,0,1,0,0,0,1
64,5.7,9,8.99,1,0.57,-2.7299999999999995,0,0,0,0,0,0,1,0,0,0,0,0,0,0,0,0,0,1,0,0,0,0,0,0
54,0.51,11,8.99,5,0.04,-10.45,0,1,0,0,0,0,0,0,1,0,0,0,1,0,0,0,1,0,1,0,0,0,0,1
69,3.45,26,8.99,3,0.13,-22.42,1,0,0,0,0,0,1,0,0,0,1,0,0,0,1,0,0,0,0,1,0,0,0,1
53,6.45,6,8.99,5,0.92,1.37,1,0,0,0,0,0,0,0,1,0,1,0,0,0,0,0,0,0,1,0,0,0,0,0
31,5.16,41,8.99,2,0.12,-35.72,0,1,0,0,0,1,0,0,0,0,1,0,0,0,1,0,0,0,0,0,0,1,0,1
27,1.41,0,8.99,5,1.41,2.82,1,0,0,0,0,0,1,0,0,0,0,0,1,0,1,0,0,0,0,0,0,0,0,0
64,0.52,20,17.99,2,0.02,-19.46,1,0,1,0,0,1,0,0,0,0,0,0,1,0,0,0,0,0,0,0,0,0,1,1
59,6.25,56,13.99,4,0.11,-49.64,0,0,0,1,0,0,0,0,0,0,0,0,0,0,1,0,0,0,0,0,0,1,0,0
31,8.58,16,13.99,2,0.5,-6.92,0,0,0,1,0,0,0,0,1,1,0,0,0,0,0,0,0,0,0,1,0,0,0,0
39,9.78,54,17.99,4,0.18,-44.04,1,0,1,0,0,0,0,0,0,0,0,0,0,0,0,0,0,0,0,0,0,1,0,0
27,0.14,57,8.99,5,0.0,-56.86,0,1,0,0,0,0,1,0,0,1,0,0,0,0,1,0,0,0,0,1,0,0,0,1
69,7.95,59,17.99,2,0.13,-50.92,1,0,1,0,0,0,1,0,0,0,1,0,0,1,0,0,0,0,1,0,0,0,0,1
30,14.86,55,8.99,2,0.27,-39.870000000000005,0,1,0,0,0,0,0,1,0,0,0,0,0,0,1,0,0,0,1,0,0,0,0,1
43,4.09,7,13.99,5,0.51,-2.4000000000000004,0,1,0,1,0,1,0,0,0,0,0,1,0,0,0,1,0,0,1,0,0,0,0,0
66,1.29,44,8.99,3,0.03,-42.68,0,0,0,0,0,0,0,1,0,0,0,0,1,0,0,0,1,0,0,0,0,1,0,1
31,2.44,17,13.99,3,0.14,-14.42,0,1,0,1,0,0,0,0,1,0,0,1,0,0,0,0,0,0,0,0,0,0,1,1
36,6.16,53,17.99,4,0.11,-46.73,1,0,1,0,0,1,0,0,0,0,1,0,0,0,0,0,0,0,0,0,0,0,1,0
60,15.16,45,17.99,2,0.33,-29.509999999999998,0,1,1,0,0,1,0,0,0,1,0,0,0,0,0,0,0,0,1,0,0,0,0,1
32,7.57,18,13.99,5,0.4,-10.03,1,0,0,1,0,0,0,0,0,0,0,0,1,1,0,0,0,1,0,0,0,0,0,0
50,27.56,44,17.99,4,0.61,-15.830000000000002,0,1,1,0,0,0,0,0,0,0,0,1,0,0,0,1,0,1,0,0,0,0,0,0
37,3.17,46,8.99,1,0.07,-42.76,0,1,0,0,0,0,0,0,0,0,1,0,0,0,0,0,1,0,0,1,0,0,0,1
20,36.39,49,17.99,4,0.73,-11.880000000000003,1,0,1,0,0,0,0,0,1,0,0,1,0,0,1,0,0,1,0,0,0,0,0,0
65,2.99,54,8.99,1,0.05,-50.96,0,0,0,0,0,0,0,0,1,1,0,0,0,1,0,0,0,0,0,1,0,0,0,1
50,1.04,51,17.99,1,0.02,-49.94,0,1,1,0,0,0,0,0,0,0,0,0,1,0,0,0,0,0,1,0,0,0,0,1
48,6.52,25,13.99,2,0.25,-18.23,1,0,0,1,1,0,0,0,0,0,1,0,0,0,0,1,0,0,0,0,0,0,1,0
40,3.11,51,13.99,5,0.06,-47.83,1,0,0,1,0,0,0,1,0,0,0,0,1,0,0,1,0,0,0,1,0,0,0,1
51,9.77,29,17.99,3,0.33,-18.9,1,0,1,0,1,0,0,0,0,0,0,1,0,1,0,0,0,0,0,1,0,0,0,0
23,4.27,23,8.99,1,0.18,-18.55,0,0,0,0,0,0,1,0,0,0,0,1,0,0,1,0,0,0,0,0,0,0,1,1
48,22.19,34,8.99,2,0.63,-11.18,0,1,0,0,0,0,0,0,1,0,1,0,0,0,0,0,0,0,0,0,0,1,0,0
21,6.43,39,13.99,5,0.16,-32.41,0,0,0,1,0,0,0,0,0,0,1,0,0,0,0,0,0,0,0,0,1,0,0,0
62,2.15,42,17.99,2,0.05,-39.8,1,0,1,0,0,1,0,0,0,1,0,0,0,0,0,0,0,1,0,0,0,0,0,1
19,9.32,0,17.99,2,9.32,18.64,1,0,1,0,0,0,0,1,0,0,0,0,0,0,1,0,0,0,1,0,0,0,0,0
55,47.76,39,13.99,2,1.19,9.949999999999996,0,1,0,1,0,0,0,1,0,0,0,0,0,0,1,0,0,0,0,0,1,0,0,0
27,5.08,25,13.99,1,0.2,-19.72,0,1,0,1,1,0,0,0,0,0,0,0,1,0,0,1,0,0,0,0,0,1,0,0
42,4.79,58,13.99,3,0.08,-53.13,1,0,0,1,0,0,0,0,1,0,0,1,0,0,0,0,0,0,0,0,0,0,1,1
56,4.09,56,13.99,3,0.07,-51.84,0,1,0,1,0,1,0,0,0,0,0,1,0,0,0,0,1,0,0,0,0,1,0,1
42,5.46,41,8.99,3,0.13,-35.41,0,1,0,0,1,0,0,0,0,1,0,0,0,0,1,0,0,0,0,0,0,0,0,1
59,11.65,44,13.99,1,0.26,-32.09,0,1,0,1,1,0,0,0,0,0,1,0,0,1,0,0,0,0,0,0,0,1,0,1
22,1.41,28,13.99,4,0.05,-26.54,1,0,0,1,0,0,0,0,1,1,0,0,0,0,0,1,0,0,0,0,0,0,1,1
42,3.69,45,13.99,2,0.08,-41.23,0,1,0,1,0,0,0,0,0,0,0,0,1,0,0,1,0,0,0,0,1,0,0,1
31,10.99,33,8.99,3,0.32,-21.689999999999998,1,0,0,0,1,0,0,0,0,1,0,0,0,0,0,0,0,0,0,0,0,0,1,1
67,2.92,38,17.99,5,0.07,-35.01,0,0,1,0,0,0,0,1,0,0,0,0,0,0,0,1,0,0,0,0,0,0,0,1
18,12.68,18,8.99,3,0.67,-4.65,1,0,0,0,0,1,0,0,0,0,0,1,0,0,1,0,0,0,0,1,0,0,0,0
25,1.91,18,8.99,3,0.1,-15.99,0,0,0,0,0,0,0,0,0,0,0,0,0,1,0,0,0,0,1,0,0,0,0,1
24,5.37,2,13.99,2,1.79,5.16,1,0,0,1,0,0,1,0,0,0,0,1,0,0,0,1,0,1,0,0,0,0,0,0
64,0.31,52,13.99,1,0.01,-51.68,1,0,0,1,0,1,0,0,0,0,0,0,0,0,1,0,0,1,0,0,0,0,0,1
66,27.65,12,8.99,1,2.13,17.779999999999998,1,0,0,0,0,1,0,0,0,1,0,0,0,0,1,0,0,0,0,0,0,0,1,0
39,7.45,24,17.99,1,0.3,-16.25,1,0,1,0,0,0,0,0,0,0,1,0,0,0,1,0,0,0,0,0,0,0,1,0
30,5.73,41,8.99,3,0.14,-35.13,1,0,0,0,0,0,0,1,0,1,0,0,0,0,0,1,0,0,0,0,0,1,0,1
52,31.15,57,13.99,5,0.54,-25.310000000000002,0,0,0,1,0,1,0,0,0,0,0,1,0,0,0,0,1,0,0,0,1,0,0,0
19,8.11,56,17.99,5,0.14,-47.75,0,1,1,0,0,0,1,0,0,1,0,0,0,0,0,0,1,0,0,0,1,0,0,0
47,7.02,44,17.99,5,0.16,-36.82,1,0,1,0,0,0,1,0,0,0,0,0,0,0,0,1,0,0,0,0,0,0,0,1
40,9.36,27,13.99,3,0.33,-17.310000000000002,0,0,0,1,1,0,0,0,0,1,0,0,0,0,1,0,0,0,0,0,1,0,0,0
30,9.7,37,13.99,1,0.26,-27.04,1,0,0,1,0,0,1,0,0,0,1,0,0,1,0,0,0,0,0,0,0,0,0,1
24,15.34,43,8.99,3,0.35,-27.310000000000002,0,1,0,0,0,1,0,0,0,0,0,0,0,1,0,0,0,1,0,0,0,0,0,1
44,1.68,16,17.99,2,0.1,-14.22,1,0,1,0,0,0,0,1,0,0,0,0,0,0,1,0,0,0,0,1,0,0,0,1
36,3.88,41,13.99,4,0.09,-37.03,0,0,0,1,0,0,0,0,1,1,0,0,0,0,0,0,1,0,0,0,1,0,0,1
41,10.47,37,17.99,4,0.28,-26.25,0,0,1,0,1,0,0,0,0,0,0,1,0,0,1,0,0,0,0,0,0,0,1,0
19,8.32,2,13.99,2,2.77,9.09,1,0,0,1,1,0,0,0,0,1,0,0,0,0,0,0,1,0,0,0,1,0,0,0
36,54.48,25,17.99,2,2.1,31.58,0,1,1,0,0,0,0,0,0,0,1,0,0,0,0,1,0,0,1,0,0,0,0,0
46,38.53,49,13.99,2,0.77,-9.699999999999996,0,1,0,1,0,1,0,0,0,1,0,0,0,1,0,0,0,0,0,0,0,0,1,0
46,6.69,13,8.99,1,0.48,-5.83,0,1,0,0,0,0,0,1,0,0,0,0,0,1,0,0,0,0,0,0,0,1,0,1
35,8.18,36,13.99,2,0.22,-27.6,0,1,0,1,0,0,0,0,1,0,1,0,0,0,1,0,0,0,0,0,0,1,0,1
67,21.36,19,13.99,4,1.07,3.4299999999999997,0,0,0,1,0,0,1,0,0,0,0,0,0,0,0,0,1,0,0,0,1,0,0,0
66,36.7,48,13.99,3,0.75,-10.549999999999997,0,0,0,1,0,0,0,0,1,0,0,1,0,1,0,0,0,0,0,0,0,1,0,0
20,7.66,36,13.99,5,0.21,-28.13,0,0,0,1,0,0,1,0,0,0,0,0,0,0,1,0,0,0,0,0,0,0,1,0
22,10.85,44,8.99,4,0.24,-32.91,0,1,0,0,0,0,1,0,0,1,0,0,0,0,0,1,0,0,0,1,0,0,0,1
62,9.73,52,13.99,1,0.18,-42.09,1,0,0,1,0,0,1,0,0,0,0,0,1,1,0,0,0,0,0,1,0,0,0,1
24,7.95,33,8.99,3,0.23,-24.82,1,0,0,0,0,0,0,0,0,0,0,0,1,0,0,0,1,0,0,1,0,0,0,1
55,1.92,32,8.99,5,0.06,-30.02,0,1,0,0,0,0,0,0,1,1,0,0,0,0,0,1,0,0,0,0,1,0,0,1
45,82.63,44,13.99,4,1.84,40.47,0,1,0,1,0,0,0,1,0,0,0,0,1,0,0,0,1,0,0,0,0,0,0,0
63,27.92,14,17.99,3,1.86,15.780000000000001,0,1,1,0,0,0,0,0,0,1,0,0,0,0,0,1,0,0,0,1,0,0,0,0
44,11.7,28,17.99,3,0.4,-15.9,0,1,1,0,0,1,0,0,0,0,0,0,0,0,1,0,0,0,0,0,1,0,0,0
45,30.42,14,17.99,3,2.03,18.450000000000003,0,0,1,0,1,0,0,0,0,0,1,0,0,0,1,0,0,0,0,0,0,1,0,0
39,12.72,16,13.99,3,0.75,-2.5299999999999994,0,0,0,1,0,0,1,0,0,0,0,0,0,0,0,1,0,0,0,0,1,0,0,0
66,6.66,39,17.99,1,0.17,-32.17,0,1,1,0,1,0,0,0,0,0,0,1,0,0,1,0,0,0,0,0,0,0,1,1
65,0.76,2,17.99,2,0.25,-0.99,0,1,1,0,1,0,0,0,0,0,1,0,0,0,1,0,0,1,0,0,0,0,0,0
26,11.13,2,13.99,2,3.71,12.84,0,1,0,1,0,0,0,0,1,1,0,0,0,0,0,0,0,0,0,0,0,0,1,0
21,24.86,54,8.99,2,0.45,-28.69,1,0,0,0,0,0,1,0,0,0,0,1,0,0,0,0,1,1,0,0,0,0,0,1
20,22.67,55,13.99,1,0.4,-31.93,0,0,0,1,0,1,0,0,0,0,0,0,1,0,0,1,0,0,1,0,0,0,0,1
66,17.66,19,13.99,2,0.88,-0.46000000000000085,1,0,0,1,0,0,0,0,1,0,0,0,1,0,1,0,0,0,0,0,0,1,0,0
48,12.66,45,17.99,1,0.28,-32.06,1,0,1,0,0,0,0,1,0,0,0,1,0,0,0,0,1,0,1,0,0,0,0,1
40,1.85,46,17.99,1,0.04,-44.11,1,0,1,0,0,0,1,0,0,0,1,0,0,1,0,0,0,0,0,0,0,0,0,1
69,36.48,33,17.99,3,1.07,4.549999999999997,0,0,1,0,0,1,0,0,0,1,0,0,0,0,1,0,0,0,0,1,0,0,0,0
22,1.42,37,13.99,2,0.04,-35.54,0,1,0,1,0,0,1,0,0,0,0,0,1,0,0,1,0,0,0,0,0,0,1,1
67,10.31,14,8.99,1,0.69,-3.0,0,1,0,0,0,1,0,0,0,0,0,0,1,0,0,0,1,0,0,0,0,0,0,0
36,8.8,10,17.99,2,0.8,-0.3999999999999986,0,0,1,0,0,0,0,1,0,0,1,0,0,0,1,0,0,1,0,0,0,0,0,0
65,6.18,36,17.99,3,0.17,-29.65,0,0,1,0,0,1,0,0,0,1,0,0,0,1,0,0,0,0,0,1,0,0,0,1
57,28.19,10,17.99,1,2.56,20.75,0,1,1,0,0,1,0,0,0,0,0,0,1,0,1,0,0,0,0,0,0,1,0,0
23,4.23,14,17.99,5,0.28,-9.489999999999998,1,0,1,0,0,0,0,0,1,0,0,0,0,0,0,0,0,0,1,0,0,0,0,0
54,4.93,3,17.99,1,1.23,3.16,1,0,1,0,1,0,0,0,0,0,0,1,0,1,0,0,0,0,1,0,0,0,0,0
58,1.21,24,17.99,5,0.05,-22.74,0,0,1,0,1,0,0,0,0,0,0,0,1,0,1,0,0,0,0,0,0,1,0,0
44,18.32,52,8.99,5,0.35,-33.33,0,1,0,0,0,0,0,1,0,0,0,0,1,1,0,0,0,1,0,0,0,0,0,1
60,12.7,35,13.99,5,0.35,-21.950000000000003,0,1,0,1,0,0,0,0,0,1,0,0,0,0,0,0,0,0,0,1,0,0,0,0
65,47.81,11,13.99,4,3.98,40.79,0,0,0,1,0,0,0,0,0,0,0,0,0,1,0,0,0,0,0,0,0,0,0,0
59,2.63,42,8.99,2,0.06,-39.31,0,0,0,0,0,0,1,0,0,0,1,0,0,0,0,1,0,0,0,1,0,0,0,1
41,5.18,33,17.99,1,0.15,-27.67,0,0,1,0,0,0,0,0,1,1,0,0,0,0,0,1,0,0,0,0,0,0,0,1
64,6.99,11,8.99,1,0.58,-3.4299999999999997,0,0,0,0,0,0,0,1,0,0,0,0,1,1,0,0,0,0,0,0,0,0,1,0
32,0.49,4,8.99,2,0.1,-3.41,0,1,0,0,0,0,1,0,0,0,0,0,0,0,0,1,0,0,1,0,0,0,0,1
27,11.61,21,17.99,4,0.53,-8.860000000000001,0,1,1,0,0,1,0,0,0,1,0,0,0,0,0,0,0,0,0,0,1,0,0,0
48,17.58,33,17.99,2,0.52,-14.900000000000002,0,0,1,0,0,1,0,0,0,1,0,0,0,1,0,0,0,0,0,0,0,0,1,0
49,18.37,1,8.99,2,9.19,26.560000000000002,0,0,0,0,0,0,1,0,0,1,0,0,0,0,0,0,1,0,0,1,0,0,0,0
47,1.71,56,8.99,3,0.03,-54.26,0,1,0,0,0,0,0,1,0,0,0,1,0,1,0,0,0,1,0,0,0,0,0,1
61,9.33,51,8.99,4,0.18,-41.49,0,1,0,0,0,0,0,1,0,0,0,0,0,0,0,1,0,0,0,0,0,1,0,1
54,4.28,36,13.99,4,0.12,-31.6,0,0,0,1,0,1,0,0,0,1,0,0,0,0,0,0,1,0,0,0,0,1,0,1
25,13.12,47,17.99,5,0.27,-33.61,1,0,1,0,1,0,0,0,0,0,1,0,0,1,0,0,0,0,0,1,0,0,0,1
58,21.67,45,8.99,4,0.47,-22.86,0,0,0,0,0,1,0,0,0,0,0,1,0,0,1,0,0,0,0,0,0,0,1,0
49,27.9,38,17.99,1,0.72,-9.380000000000003,0,1,1,0,0,0,0,0,0,1,0,0,0,0,1,0,0,0,1,0,0,0,0,0
47,5.91,53,8.99,2,0.11,-46.98,0,1,0,0,0,0,1,0,0,0,0,0,0,0,0,0,0,0,0,0,0,0,1,1
23,25.79,55,8.99,2,0.46,-28.75,0,0,0,0,1,0,0,0,0,0,0,0,1,0,1,0,0,0,0,0,0,0,0,1
26,25.49,35,8.99,3,0.71,-8.8,1,0,0,0,0,0,0,0,1,0,1,0,0,1,0,0,0,0,0,0,0,1,0,0
26,4.87,59,13.99,3,0.08,-54.05,1,0,0,1,0,0,0,1,0,0,1,0,0,0,0,0,0,0,0,0,0,0,0,1
28,17.1,28,17.99,4,0.59,-10.309999999999999,0,1,1,0,0,0,0,0,0,0,0,1,0,0,1,0,0,0,0,0,0,0,0,0
64,0.91,44,13.99,3,0.02,-43.07,0,0,0,1,0,0,0,0,1,0,0,1,0,0,1,0,0,0,0,0,1,0,0,1
58,26.03,26,8.99,5,0.96,0.990000000000002,0,0,0,0,0,0,0,0,1,0,0,0,0,0,0,1,0,0,0,0,1,0,0,0
40,11.57,11,17.99,3,0.96,1.5300000000000011,0,0,1,0,0,0,0,0,1,1,0,0,0,0,1,0,0,0,1,0,0,0,0,0
22,11.84,40,8.99,1,0.29,-27.87,0,1,0,0,0,0,0,0,0,0,0,1,0,0,1,0,0,0,0,0,0,0,0,1
36,21.08,27,8.99,2,0.75,-5.170000000000002,0,1,0,0,0,0,0,0,0,0,1,0,0,0,1,0,0,0,0,0,0,0,0,0
46,0.96,46,13.99,4,0.02,-45.02,0,1,0,1,0,0,0,1,0,0,0,0,0,0,0,0,1,0,0,0,0,0,1,1
62,24.45,13,13.99,3,1.75,13.2,0,0,0,1,0,0,0,0,0,1,0,0,0,0,0,0,0,0,1,0,0,0,0,0
37,7.72,31,8.99,5,0.24,-23.04,0,1,0,0,0,0,0,0,1,0,0,1,0,1,0,0,0,1,0,0,0,0,0,1
45,0.7,25,8.99,5,0.03,-24.27,0,1,0,0,0,0,0,0,0,0,0,0,0,1,0,0,0,0,0,0,0,0,0,1
54,12.34,32,13.99,3,0.37,-19.29,0,0,0,1,1,0,0,0,0,0,0,0,0,0,0,1,0,0,0,0,0,0,1,1
32,1.89,24,13.99,1,0.08,-22.03,1,0,0,1,0,1,0,0,0,0,0,1,0,0,0,0,0,0,0,0,0,1,0,1
30,11.4,50,8.99,5,0.22,-38.379999999999995,0,0,0,0,1,0,0,0,0,0,0,0,0,0,1,0,0,0,0,0,0,1,0,1
18,2.75,5,17.99,1,0.46,-1.79,1,0,1,0,1,0,0,0,0,0,0,1,0,1,0,0,0,0,0,1,0,0,0,1
18,3.54,45,13.99,5,0.08,-41.38,0,1,0,1,0,0,0,1,0,0,1,0,0,0,1,0,0,0,0,0,1,0,0,1
48,39.47,32,8.99,4,1.2,8.670000000000002,0,1,0,0,0,1,0,0,0,0,0,0,0,1,0,0,0,0,0,0,0,0,0,0
64,7.82,34,8.99,2,0.22,-25.96,0,0,0,0,0,0,1,0,0,0,1,0,0,0,1,0,0,1,0,0,0,0,0,1
67,4.01,55,17.99,4,0.07,-50.92,0,0,1,0,0,0,0,0,1,1,0,0,0,0,1,0,0,0,0,1,0,0,0,1
30,5.42,43,8.99,4,0.12,-37.46,1,0,0,0,0,0,0,0,0,0,0,0,1,0,0,1,0,0,0,1,0,0,0,1
45,17.85,57,17.99,3,0.31,-38.84,1,0,1,0,0,1,0,0,0,0,0,0,0,1,0,0,0,0,0,0,0,0,1,1
28,3.57,60,13.99,4,0.06,-56.37,1,0,0,1,0,0,1,0,0,0,1,0,0,1,0,0,0,0,0,0,1,0,0,1
46,0.86,23,13.99,4,0.04,-22.1,1,0,0,1,1,0,0,0,0,0,0,0,1,0,1,0,0,0,0,0,1,0,0,0
45,15.8,57,8.99,1,0.27,-40.93,0,0,0,0,0,0,0,1,0,0,1,0,0,0,0,0,0,0,1,0,0,0,0,1
25,10.36,52,13.99,4,0.2,-41.44,0,0,0,1,0,0,0,0,0,0,1,0,0,0,0,0,0,0,0,0,1,0,0,0
42,7.51,28,13.99,1,0.26,-20.23,0,1,0,1,0,1,0,0,0,1,0,0,0,0,0,1,0,0,1,0,0,0,0,0
33,2.36,10,8.99,3,0.21,-7.43,0,1,0,0,0,0,0,0,0,0,1,0,0,0,0,0,1,0,0,0,0,0,0,1
44,9.35,56,8.99,5,0.16,-46.49,0,0,0,0,0,0,0,0,0,0,0,0,1,1,0,0,0,0,0,0,0,0,1,1
19,18.18,48,13.99,3,0.37,-29.45,0,0,0,1,1,0,0,0,0,0,0,1,0,0,0,1,0,0,0,0,0,1,0,1
43,11.02,47,8.99,4,0.23,-35.75,0,0,0,0,0,0,0,1,0,0,0,1,0,1,0,0,0,0,0,0,0,1,0,1
32,7.07,21,13.99,1,0.32,-13.61,0,0,0,1,1,0,0,0,0,0,0,0,0,1,0,0,0,0,0,0,1,0,0,0
35,8.44,47,17.99,4,0.18,-38.38,0,0,1,0,1,0,0,0,0,1,0,0,0,1,0,0,0,0,0,0,0,0,1,1
66,26.72,35,13.99,5,0.74,-7.540000000000003,1,0,0,1,0,0,0,1,0,0,0,1,0,0,0,0,1,0,0,1,0,0,0,0
68,1.45,27,13.99,5,0.05,-25.5,0,0,0,1,0,0,1,0,0,0,0,0,0,0,1,0,0,0,0,0,0,1,0,0
46,0.04,2,8.99,4,0.01,-1.95,0,1,0,0,0,0,0,0,1,0,0,0,1,0,0,0,0,0,0,0,0,0,0,1
20,3.26,32,17.99,2,0.1,-28.64,1,0,1,0,0,1,0,0,0,0,1,0,0,0,0,0,1,0,0,0,0,0,0,1
33,4.63,0,13.99,1,4.63,9.26,1,0,0,1,0,1,0,0,0,0,0,1,0,0,1,0,0,0,0,0,0,0,1,0
63,6.24,17,17.99,1,0.35,-10.41,0,0,1,0,0,0,1,0,0,0,0,0,1,0,0,0,1,0,0,1,0,0,0,0
33,21.02,45,8.99,1,0.46,-23.52,1,0,0,0,1,0,0,0,0,0,0,0,0,0,0,1,0,0,0,1,0,0,0,1
40,1.46,44,13.99,3,0.03,-42.51,0,1,0,1,0,1,0,0,0,1,0,0,0,0,0,0,0,0,1,0,0,0,0,1
66,7.42,22,8.99,1,0.32,-14.26,1,0,0,0,0,0,0,0,0,0,0,0,0,0,0,0,1,0,1,0,0,0,0,1
44,9.89,39,8.99,4,0.25,-28.86,0,0,0,0,1,0,0,0,0,0,1,0,0,0,0,1,0,0,0,0,0,0,1,1
41,19.1,2,8.99,1,6.37,23.470000000000002,0,1,0,0,0,1,0,0,0,0,1,0,0,0,0,0,1,0,0,0,0,0,1,0
67,5.78,47,13.99,3,0.12,-41.1,0,0,0,1,0,0,0,0,0,0,0,0,0,0,1,0,0,0,0,0,0,0,0,1
29,5.97,2,17.99,4,1.99,5.96,0,0,1,0,0,1,0,0,0,0,0,0,1,0,0,0,1,0,0,0,0,0,0,0
34,0.22,52,13.99,4,0.0,-51.78,0,0,0,1,0,0,0,1,0,0,0,0,1,0,0,0,1,0,1,0,0,0,0,1
23,20.75,51,13.99,4,0.4,-29.85,0,1,0,1,1,0,0,0,0,0,0,0,0,0,0,0,0,0,1,0,0,0,0,0
44,3.53,56,8.99,1,0.06,-52.41,0,1,0,0,0,0,1,0,0,0,0,0,0,1,0,0,0,1,0,0,0,0,0,1
62,7.6,38,8.99,1,0.19,-30.21,1,0,0,0,0,0,0,1,0,1,0,0,0,0,0,0,1,0,0,0,0,1,0,1
49,11.25,9,8.99,1,1.12,3.370000000000001,1,0,0,0,0,0,0,0,1,0,1,0,0,0,1,0,0,0,0,0,0,0,0,0
68,35.61,40,13.99,4,0.87,-3.520000000000003,0,1,0,1,0,0,0,0,1,0,0,0,0,0,1,0,0,0,1,0,0,0,0,0
20,9.92,25,17.99,2,0.38,-14.7,0,0,1,0,0,0,1,0,0,0,0,0,0,0,0,1,0,0,0,0,0,0,1,0
28,0.12,9,17.99,2,0.01,-8.87,0,0,1,0,0,1,0,0,0,0,0,1,0,1,0,0,0,0,0,0,0,1,0,1
53,52.23,7,13.99,3,6.53,51.76,0,1,0,1,0,0,0,1,0,0,0,0,0,0,0,0,1,0,0,1,0,0,0,0
29,11.46,54,13.99,4,0.21,-42.33,1,0,0,1,0,0,1,0,0,1,0,0,0,0,0,1,0,0,0,1,0,0,0,1
33,13.95,53,17.99,4,0.26,-38.79,1,0,1,0,0,0,1,0,0,1,0,0,0,0,0,0,0,0,0,0,1,0,0,0
57,24.97,53,8.99,5,0.46,-27.57,0,0,0,0,1,0,0,0,0,0,0,1,0,0,0,1,0,0,0,0,1,0,0,1
42,18.09,10,17.99,2,1.64,9.73,1,0,1,0,0,0,0,0,1,0,0,1,0,0,1,0,0,0,0,0,1,0,0,0
27,33.25,34,13.99,3,0.95,0.20000000000000284,0,0,0,1,0,0,0,0,1,1,0,0,0,0,1,0,0,0,1,0,0,0,0,0
18,3.62,20,13.99,1,0.17,-16.21,1,0,0,1,0,0,0,0,1,0,0,0,1,0,0,1,0,0,0,0,0,0,1,1
53,1.62,60,17.99,3,0.03,-58.35,0,0,1,0,0,0,0,0,0,0,0,1,0,0,1,0,0,0,0,1,0,0,0,1
41,7.53,28,17.99,2,0.26,-20.21,0,0,1,0,0,0,0,1,0,0,0,0,0,0,1,0,0,1,0,0,0,0,0,0
35,5.07,41,8.99,2,0.12,-35.81,1,0,0,0,0,0,0,0,1,0,0,1,0,0,1,0,0,0,0,0,1,0,0,1
69,36.44,10,17.99,4,3.31,29.75,1,0,1,0,0,0,1,0,0,1,0,0,0,0,1,0,0,0,1,0,0,0,0,0
53,6.61,54,17.99,2,0.12,-47.269999999999996,1,0,1,0,0,1,0,0,0,1,0,0,0,0,0,0,1,1,0,0,0,0,0,1
51,35.22,53,17.99,5,0.65,-17.130000000000003,0,0,1,0,1,0,0,0,0,1,0,0,0,0,0,0,1,0,1,0,0,0,0,0
67,27.23,45,17.99,2,0.59,-17.18,1,0,1,0,0,0,0,1,0,0,1,0,0,0,0,0,1,0,1,0,0,0,0,0
38,20.14,40,17.99,3,0.49,-19.37,0,0,1,0,0,0,0,0,0,0,0,0,0,0,0,0,1,0,0,1,0,0,0,0
29,11.32,48,8.99,2,0.23,-36.45,1,0,0,0,0,0,0,0,0,0,0,1,0,0,0,0,0,0,0,0,0,0,1,1
34,1.92,44,17.99,2,0.04,-42.04,0,1,1,0,0,0,0,0,1,0,0,1,0,0,0,1,0,0,1,0,0,0,0,1
18,0.82,59,17.99,3,0.01,-58.17,0,0,1,0,0,0,0,0,1,0,0,0,1,0,0,0,1,0,0,0,0,0,0,1
28,6.72,15,13.99,5,0.42,-7.86,0,0,0,1,0,0,1,0,0,0,0,0,0,0,0,0,1,1,0,0,0,0,0,0
57,12.51,4,17.99,2,2.5,11.01,0,0,1,0,0,0,0,0,0,0,0,1,0,0,0,1,0,0,1,0,0,0,0,0
34,16.67,11,17.99,1,1.39,7.060000000000002,0,1,1,0,1,0,0,0,0,0,0,0,1,1,0,0,0,0,0,0,0,0,0,0
32,15.29,23,13.99,5,0.64,-7.07,1,0,0,1,1,0,0,0,0,0,0,0,1,0,0,0,0,0,1,0,0,0,0,0
60,1.09,6,17.99,1,0.16,-4.75,0,0,1,0,0,0,0,0,1,1,0,0,0,0,0,0,0,0,0,0,1,0,0,1
21,17.28,18,8.99,4,0.91,0.19000000000000128,0,0,0,0,0,0,0,0,0,0,1,0,0,0,0,0,1,0,1,0,0,0,0,0
70,5.52,29,17.99,4,0.18,-23.3,0,1,1,0,0,0,0,0,1,0,0,0,0,1,0,0,0,0,1,0,0,0,0,0
69,22.17,51,8.99,2,0.43,-28.4,0,1,0,0,0,1,0,0,0,1,0,0,0,0,0,1,0,0,0,1,0,0,0,1
36,0.98,55,17.99,2,0.02,-54.0,1,0,1,0,0,0,0,1,0,0,1,0,0,0,1,0,0,1,0,0,0,0,0,1
70,61.47,7,8.99,1,7.68,62.150000000000006,0,1,0,0,0,1,0,0,0,0,1,0,0,0,0,0,1,0,0,0,0,1,0,0
22,20.87,45,8.99,1,0.45,-23.68,1,0,0,0,0,0,0,1,0,0,0,0,1,0,0,0,1,0,0,1,0,0,0,1
52,3.59,42,8.99,4,0.08,-38.33,0,0,0,0,0,0,0,0,0,0,0,1,0,0,0,1,0,0,0,0,0,0,1,1
19,8.85,20,13.99,4,0.42,-10.73,0,0,0,1,0,0,0,1,0,1,0,0,0,0,0,0,1,0,0,1,0,0,0,0
42,7.09,21,8.99,1,0.32,-13.59,1,0,0,0,0,0,0,0,0,0,0,1,0,0,1,0,0,0,0,0,0,0,0,1
35,1.21,4,8.99,2,0.24,-2.55,0,1,0,0,0,0,0,1,0,0,0,0,0,0,0,1,0,0,0,0,0,0,0,1
18,2.26,48,13.99,1,0.05,-45.69,0,0,0,1,0,0,0,0,0,0,0,0,0,0,0,0,1,0,0,0,0,0,0,1
21,16.71,12,17.99,3,1.29,6.0,0,1,1,0,0,0,1,0,0,0,0,0,0,0,0,0,0,0,0,0,0,0,1,0
57,2.89,27,8.99,4,0.1,-24.009999999999998,1,0,0,0,0,0,0,0,0,0,1,0,0,0,0,0,1,0,0,0,1,0,0,1
38,3.08,53,8.99,2,0.06,-49.86,0,0,0,0,0,0,1,0,0,0,0,0,0,0,0,1,0,1,0,0,0,0,0,1
50,7.44,32,17.99,4,0.23,-24.33,0,1,1,0,0,0,0,0,1,0,0,0,1,0,0,0,0,1,0,0,0,0,0,0
57,18.93,42,13.99,5,0.44,-22.63,1,0,0,1,0,0,0,0,0,0,0,1,0,0,0,1,0,0,0,0,0,1,0,1
65,9.71,47,17.99,4,0.2,-37.09,0,1,1,0,0,0,0,0,0,0,0,0,0,0,0,0,1,0,1,0,0,0,0,0
29,1.61,59,17.99,2,0.03,-57.36,1,0,1,0,0,0,1,0,0,0,0,0,0,0,0,0,0,0,0,0,1,0,0,1
62,4.2,37,17.99,1,0.11,-32.69,0,0,1,0,0,0,0,0,0,1,0,0,0,1,0,0,0,1,0,0,0,0,0,1
58,15.24,16,8.99,5,0.9,0.14000000000000057,0,1,0,0,1,0,0,0,0,0,0,0,1,1,0,0,0,1,0,0,0,0,0,0
50,5.93,51,17.99,1,0.11,-44.96,1,0,1,0,1,0,0,0,0,0,0,0,0,1,0,0,0,0,0,0,1,0,0,1
28,9.61,50,13.99,4,0.19,-40.2,0,1,0,1,0,0,1,0,0,0,1,0,0,1,0,0,0,0,0,1,0,0,0,1
49,17.61,60,13.99,1,0.29,-42.1,0,0,0,1,0,0,0,0,1,1,0,0,0,0,0,0,1,0,0,0,0,0,1,1
25,5.49,41,8.99,3,0.13,-35.38,0,0,0,0,0,0,0,1,0,0,0,0,0,0,1,0,0,0,1,0,0,0,0,1
40,7.66,57,13.99,1,0.13,-49.21,0,0,0,1,1,0,0,0,0,0,0,0,0,1,0,0,0,0,0,0,0,0,0,1
29,4.88,39,13.99,4,0.12,-34.0,0,0,0,1,0,0,0,1,0,0,1,0,0,0,0,0,0,0,0,0,1,0,0,1
43,12.58,16,13.99,4,0.74,-2.6799999999999997,0,0,0,1,0,0,0,1,0,0,0,0,0,0,0,0,0,0,0,0,1,0,0,0
69,26.07,5,17.99,1,4.34,25.41,0,1,1,0,0,0,0,1,0,1,0,0,0,0,0,0,1,0,0,0,0,1,0,0
37,14.54,22,17.99,2,0.63,-6.83,0,1,1,0,0,0,1,0,0,0,0,0,1,0,1,0,0,0,0,1,0,0,0,0
31,9.44,46,8.99,2,0.2,-36.36,0,0,0,0,1,0,0,0,0,0,0,0,1,0,0,0,1,0,0,0,0,0,0,1
27,5.84,42,8.99,1,0.14,-36.02,0,1,0,0,0,1,0,0,0,0,1,0,0,1,0,0,0,0,0,0,1,0,0,1
65,0.74,20,17.99,3,0.04,-19.22,1,0,1,0,0,1,0,0,0,1,0,0,0,0,1,0,0,0,0,0,0,0,1,1
29,12.37,44,8.99,3,0.27,-31.36,0,0,0,0,0,0,0,1,0,0,1,0,0,0,0,1,0,0,0,1,0,0,0,1
63,5.16,53,13.99,5,0.1,-47.74,1,0,0,1,0,0,1,0,0,0,0,0,0,0,1,0,0,0,0,0,0,1,0,0
54,14.52,24,17.99,2,0.58,-8.9,0,0,1,0,0,0,0,0,0,0,0,1,0,0,1,0,0,0,0,0,0,0,1,0
27,6.11,35,8.99,3,0.17,-28.72,1,0,0,0,1,0,0,0,0,0,1,0,0,0,0,0,0,0,0,0,0,0,1,1
70,11.19,40,8.99,2,0.27,-28.54,1,0,0,0,0,1,0,0,0,0,0,1,0,0,0,0,1,0,0,0,0,0,0,1
31,0.67,22,13.99,5,0.03,-21.3,0,1,0,1,0,0,0,1,0,0,0,1,0,0,0,1,0,0,0,1,0,0,0,1
36,12.66,34,13.99,1,0.36,-20.98,1,0,0,1,0,0,1,0,0,0,0,0,0,0,0,0,1,0,1,0,0,0,0,1
19,5.04,22,17.99,1,0.22,-16.740000000000002,1,0,1,0,0,1,0,0,0,0,0,0,0,0,1,0,0,0,0,0,0,0,0,0
47,1.75,12,17.99,5,0.13,-10.120000000000001,1,0,1,0,0,1,0,0,0,0,0,0,0,0,0,0,0,0,0,1,0,0,0,0
20,26.06,1,8.99,1,13.03,38.089999999999996,0,1,0,0,0,1,0,0,0,0,1,0,0,0,1,0,0,0,0,0,0,0,1,0
56,30.55,11,8.99,1,2.55,22.1,0,1,0,0,0,0,0,0,0,0,0,1,0,0,0,0,0,1,0,0,0,0,0,0
48,13.29,45,8.99,2,0.29,-31.42,1,0,0,0,0,0,0,1,0,0,0,0,1,0,1,0,0,0,0,0,0,1,0,1
48,19.86,26,8.99,5,0.74,-5.400000000000002,0,0,0,0,0,1,0,0,0,0,0,0,0,0,1,0,0,0,0,0,0,0,1,0
64,7.4,49,13.99,2,0.15,-41.45,0,0,0,1,0,0,0,0,0,0,0,0,0,1,0,0,0,0,0,0,1,0,0,1
25,5.73,37,13.99,1,0.15,-31.119999999999997,1,0,0,1,0,0,0,0,0,1,0,0,0,0,1,0,0,0,1,0,0,0,0,1
48,1.84,9,17.99,2,0.18,-6.98,0,0,1,0,0,0,1,0,0,1,0,0,0,1,0,0,0,1,0,0,0,0,0,1
50,4.36,9,13.99,2,0.44,-4.199999999999999,0,1,0,1,1,0,0,0,0,0,0,0,1,0,0,0,1,0,0,0,0,0,0,1
38,0.08,35,13.99,1,0.0,-34.92,0,1,0,1,0,1,0,0,0,1,0,0,0,0,0,1,0,1,0,0,0,0,0,1
46,10.11,52,17.99,1,0.19,-41.7,1,0,1,0,0,0,0,0,1,0,0,0,1,0,0,0,0,0,1,0,0,0,0,1
18,12.72,15,17.99,1,0.8,-1.4799999999999986,0,1,1,0,0,1,0,0,0,0,0,0,1,0,1,0,0,0,0,0,0,0,0,0
30,15.45,11,13.99,1,1.29,5.739999999999998,0,0,0,1,0,1,0,0,0,0,1,0,0,0,0,0,0,0,0,0,0,0,1,0
48,2.84,35,17.99,2,0.08,-32.08,1,0,1,0,0,0,1,0,0,0,0,0,0,0,1,0,0,0,0,0,0,0,0,1
22,4.64,30,8.99,3,0.15,-25.21,1,0,0,0,0,1,0,0,0,0,0,1,0,1,0,0,0,0,0,0,0,0,1,1
36,11.69,23,17.99,3,0.49,-10.82,1,0,1,0,1,0,0,0,0,0,0,1,0,0,0,1,0,0,0,1,0,0,0,0
42,14.09,57,13.99,4,0.24,-42.67,0,1,0,1,0,0,0,0,0,0,1,0,0,0,1,0,0,0,0,0,0,0,0,0
48,49.33,37,13.99,3,1.3,13.629999999999995,0,0,0,1,0,1,0,0,0,0,1,0,0,0,0,0,0,0,0,0,0,0,0,0
30,3.17,24,13.99,5,0.13,-20.7,1,0,0,1,0,0,0,1,0,0,0,0,1,0,0,0,1,1,0,0,0,0,0,0
35,6.03,42,8.99,3,0.14,-35.83,0,0,0,0,0,1,0,0,0,0,1,0,0,0,0,0,0,0,0,1,0,0,0,1
29,1.6,7,13.99,4,0.2,-5.2,0,1,0,1,1,0,0,0,0,0,0,0,1,0,1,0,0,0,0,0,0,0,1,0
42,9.19,5,17.99,5,1.53,5.719999999999999,0,1,1,0,0,0,0,0,1,0,1,0,0,0,0,0,1,0,0,0,1,0,0,0
20,16.96,53,8.99,1,0.31,-35.730000000000004,1,0,0,0,0,0,1,0,0,0,0,0,1,0,0,1,0,0,0,0,0,0,0,1
44,1.06,37,8.99,1,0.03,-35.91,0,1,0,0,1,0,0,0,0,0,0,0,0,1,0,0,0,1,0,0,0,0,0,1
54,6.61,26,13.99,3,0.24,-19.15,0,0,0,1,0,0,0,1,0,0,0,0,1,0,0,1,0,0,0,0,0,0,0,0
66,20.01,30,17.99,2,0.65,-9.34,0,0,1,0,0,0,0,0,0,0,0,0,1,0,0,0,1,0,0,0,1,0,0,0
60,9.99,34,8.99,3,0.29,-23.72,0,1,0,0,0,1,0,0,0,0,0,1,0,0,0,0,1,0,0,1,0,0,0,1
21,8.53,36,17.99,4,0.23,-27.240000000000002,0,1,1,0,0,1,0,0,0,1,0,0,0,1,0,0,0,0,0,0,0,1,0,1
51,4.9,23,17.99,5,0.2,-17.9,0,0,1,0,0,0,0,1,0,0,0,0,0,0,0,1,0,1,0,0,0,0,0,1
41,8.6,47,13.99,2,0.18,-38.22,1,0,0,1,0,0,0,0,0,0,1,0,0,0,0,0,1,0,0,0,0,0,0,1
36,13.68,3,17.99,3,3.42,14.100000000000001,1,0,1,0,0,0,0,0,1,0,0,0,1,1,0,0,0,1,0,0,0,0,0,0
36,7.25,36,17.99,5,0.2,-28.55,1,0,1,0,0,0,0,1,0,0,0,0,1,0,0,0,0,1,0,0,0,0,0,0
54,2.28,47,17.99,3,0.05,-44.67,1,0,1,0,1,0,0,0,0,0,0,0,1,1,0,0,0,0,0,1,0,0,0,1
31,18.09,34,13.99,4,0.52,-15.39,0,1,0,1,0,1,0,0,0,0,0,1,0,0,0,1,0,0,0,0,0,0,0,0
64,9.37,16,17.99,5,0.55,-6.08,0,0,1,0,0,0,0,0,1,0,0,0,1,1,0,0,0,0,0,1,0,0,0,0
55,11.36,0,8.99,4,11.36,22.72,0,0,0,0,0,0,1,0,0,1,0,0,0,0,0,0,1,1,0,0,0,0,0,0
51,6.21,40,8.99,5,0.15,-33.64,0,0,0,0,0,0,0,0,1,0,0,1,0,0,1,0,0,0,0,0,0,0,1,1
66,1.37,36,17.99,5,0.04,-34.59,0,0,1,0,0,0,1,0,0,0,0,0,0,0,0,0,1,0,0,0,0,0,0,1
57,8.27,59,13.99,4,0.14,-50.59,1,0,0,1,0,1,0,0,0,0,0,0,0,0,1,0,0,0,0,0,0,1,0,0
68,26.58,36,13.99,4,0.72,-8.700000000000003,0,0,0,1,0,0,0,1,0,0,0,0,0,0,1,0,0,0,0,0,0,1,0,0
31,9.11,51,8.99,3,0.18,-41.71,0,0,0,0,0,0,0,0,1,1,0,0,0,0,0,0,1,1,0,0,0,0,0,1
39,12.34,30,17.99,5,0.4,-17.259999999999998,0,1,1,0,0,0,0,0,0,0,0,1,0,0,1,0,0,1,0,0,0,0,0,0
31,6.71,7,8.99,5,0.84,0.5499999999999998,0,0,0,0,0,0,0,0,1,0,0,0,1,1,0,0,0,0,0,0,0,0,1,0
63,8.51,55,13.99,4,0.15,-46.34,1,0,0,1,0,0,0,0,1,1,0,0,0,0,0,1,0,0,0,0,0,0,1,1
46,6.75,37,8.99,2,0.18,-30.07,0,0,0,0,0,0,0,0,1,0,0,0,0,0,0,1,0,1,0,0,0,0,0,1
22,7.67,53,13.99,3,0.14,-45.19,1,0,0,1,0,0,0,0,1,0,0,1,0,1,0,0,0,0,1,0,0,0,0,1
59,16.6,23,17.99,3,0.69,-5.709999999999997,0,1,1,0,1,0,0,0,0,1,0,0,0,1,0,0,0,0,0,1,0,0,0,0
36,22.11,6,13.99,4,3.16,19.27,0,0,0,1,0,1,0,0,0,1,0,0,0,0,0,0,0,0,0,0,0,0,0,0
55,0.44,27,17.99,3,0.02,-26.54,0,1,1,0,0,0,0,1,0,0,0,1,0,1,0,0,0,0,0,1,0,0,0,1
58,37.24,8,8.99,3,4.14,33.38,0,1,0,0,0,1,0,0,0,0,0,1,0,0,0,1,0,0,0,0,0,1,0,0
57,10.24,19,8.99,2,0.51,-8.25,0,1,0,0,0,0,0,0,0,0,0,1,0,0,0,0,1,1,0,0,0,0,0,0
67,28.86,1,17.99,2,14.43,42.29,0,1,1,0,0,0,0,0,1,1,0,0,0,0,0,1,0,0,0,1,0,0,0,0
54,25.24,43,8.99,5,0.57,-17.19,1,0,0,0,0,0,0,0,1,0,0,1,0,0,1,0,0,1,0,0,0,0,0,0
46,1.48,10,17.99,4,0.13,-8.39,1,0,1,0,1,0,0,0,0,0,0,0,1,0,0,0,0,0,0,0,0,1,0,0
37,5.43,46,13.99,5,0.12,-40.45,1,0,0,1,0,0,0,0,0,0,0,1,0,0,0,0,1,0,1,0,0,0,0,0
60,6.84,40,8.99,2,0.17,-32.99,0,1,0,0,0,0,1,0,0,0,0,0,1,1,0,0,0,0,0,0,0,0,1,1
61,1.3,44,17.99,5,0.03,-42.67,0,0,1,0,0,0,1,0,0,0,1,0,0,0,0,0,1,0,0,0,0,1,0,1
59,17.33,59,13.99,5,0.29,-41.38,1,0,0,1,0,0,0,1,0,0,0,1,0,0,1,0,0,1,0,0,0,0,0,0
20,0.61,3,8.99,3,0.15,-2.24,1,0,0,0,1,0,0,0,0,1,0,0,0,0,0,0,1,0,1,0,0,0,0,1
47,2.2,39,17.99,2,0.06,-36.74,0,0,1,0,0,0,0,1,0,0,0,1,0,0,1,0,0,1,0,0,0,0,0,1
69,5.31,52,8.99,4,0.1,-46.59,1,0,0,0,0,0,0,0,1,0,1,0,0,0,0,0,1,0,0,0,0,0,0,1
65,28.56,18,13.99,4,1.5,12.059999999999999,0,1,0,1,0,0,0,0,0,1,0,0,0,1,0,0,0,0,1,0,0,0,0,0
58,16.33,43,17.99,1,0.37,-26.3,0,0,1,0,0,1,0,0,0,1,0,0,0,0,0,1,0,1,0,0,0,0,0,1
36,5.39,4,8.99,2,1.08,2.4699999999999998,0,1,0,0,1,0,0,0,0,0,0,0,1,0,1,0,0,0,0,1,0,0,0,0
32,9.15,58,17.99,2,0.16,-48.69,0,1,1,0,0,1,0,0,0,0,0,0,1,0,0,0,0,0,0,0,0,1,0,1
63,1.77,56,13.99,5,0.03,-54.2,0,1,0,1,0,0,1,0,0,0,1,0,0,0,1,0,0,0,0,0,1,0,0,1
67,25.25,25,8.99,3,0.97,1.2199999999999989,0,1,0,0,1,0,0,0,0,0,0,1,0,0,1,0,0,1,0,0,0,0,0,0
43,15.64,8,8.99,1,1.74,9.379999999999999,0,0,0,0,0,0,0,1,0,0,1,0,0,0,1,0,0,0,0,0,0,0,0,0
52,5.56,48,8.99,1,0.11,-42.33,0,1,0,0,0,0,0,0,0,0,0,0,0,0,0,0,1,0,0,0,0,1,0,1
57,35.52,12,13.99,4,2.73,26.25,0,1,0,1,0,0,0,1,0,0,1,0,0,0,1,0,0,1,0,0,0,0,0,0
21,6.27,53,17.99,5,0.12,-46.61,0,1,1,0,0,0,1,0,0,0,0,0,0,1,0,0,0,0,0,0,0,1,0,1
56,9.96,51,17.99,3,0.19,-40.85,0,1,1,0,0,0,0,1,0,0,0,0,1,0,0,1,0,0,0,1,0,0,0,1
64,0.02,36,13.99,3,0.0,-35.98,0,0,0,1,0,0,0,0,1,0,0,1,0,0,0,1,0,0,1,0,0,0,0,1
54,20.0,45,8.99,2,0.43,-24.57,1,0,0,0,0,1,0,0,0,0,0,0,0,0,0,0,0,0,0,0,0,1,0,1
62,3.99,25,17.99,5,0.15,-20.86,0,0,1,0,0,0,0,0,1,0,0,1,0,1,0,0,0,0,1,0,0,0,0,1
63,2.31,29,13.99,2,0.08,-26.61,1,0,0,1,0,0,0,1,0,1,0,0,0,0,0,1,0,0,0,0,0,1,0,1
69,10.33,42,13.99,3,0.24,-31.43,0,0,0,1,0,1,0,0,0,0,0,0,1,0,1,0,0,0,0,0,0,0,0,1
38,0.55,3,17.99,1,0.14,-2.31,0,1,1,0,0,0,0,0,0,0,0,0,0,0,1,0,0,0,1,0,0,0,0,1
69,9.14,48,13.99,5,0.19,-38.67,0,0,0,1,0,0,0,0,1,1,0,0,0,0,1,0,0,0,0,0,0,0,0,0
18,4.37,46,8.99,1,0.09,-41.54,0,0,0,0,0,1,0,0,0,0,0,1,0,0,0,0,1,0,0,0,0,0,0,1
26,10.42,28,13.99,1,0.36,-17.22,1,0,0,1,0,0,0,0,1,1,0,0,0,1,0,0,0,1,0,0,0,0,0,0
44,3.08,58,13.99,1,0.05,-54.87,0,0,0,1,1,0,0,0,0,0,0,1,0,0,0,0,1,0,0,0,0,1,0,1
43,1.86,52,13.99,3,0.04,-50.1,0,0,0,1,1,0,0,0,0,0,0,0,1,0,0,1,0,1,0,0,0,0,0,1
39,6.5,12,13.99,4,0.5,-5.0,0,0,0,1,1,0,0,0,0,0,0,0,1,1,0,0,0,0,0,0,0,0,1,0
70,9.65,12,8.99,5,0.74,-1.6099999999999994,0,1,0,0,0,0,1,0,0,0,0,0,0,1,0,0,0,0,1,0,0,0,0,0
19,0.1,24,17.99,5,0.0,-23.9,0,0,1,0,0,0,0,0,0,0,1,0,0,0,1,0,0,0,0,0,0,0,1,0
23,33.47,29,17.99,3,1.12,5.589999999999996,0,1,1,0,0,1,0,0,0,1,0,0,0,0,0,0,1,0,0,0,0,1,0,0
39,4.67,9,17.99,3,0.47,-3.8600000000000003,0,0,1,0,0,0,0,1,0,0,0,1,0,1,0,0,0,0,0,0,0,0,1,1
19,1.73,22,17.99,3,0.08,-20.19,0,0,1,0,0,0,0,1,0,1,0,0,0,0,0,0,0,0,0,0,0,0,1,1
30,0.25,29,8.99,2,0.01,-28.74,1,0,0,0,0,1,0,0,0,0,0,0,1,0,0,1,0,1,0,0,0,0,0,1
22,17.65,9,17.99,2,1.76,10.41,0,1,1,0,0,0,0,0,0,0,0,1,0,0,0,0,1,0,0,1,0,0,0,0
56,0.49,44,13.99,3,0.01,-43.5,1,0,0,1,0,1,0,0,0,0,0,1,0,0,0,1,0,0,0,0,0,1,0,1
61,83.55,25,13.99,5,3.21,61.75999999999999,1,0,0,1,0,0,0,0,1,0,0,0,0,0,1,0,0,0,0,0,0,1,0,0
24,1.25,27,8.99,2,0.04,-25.71,0,1,0,0,0,0,0,0,1,0,0,0,0,0,0,0,0,0,0,0,0,0,0,1
26,11.36,22,8.99,2,0.49,-10.15,0,0,0,0,0,0,0,0,0,1,0,0,0,0,0,0,1,0,0,0,1,0,0,0
47,19.9,31,13.99,2,0.62,-10.48,0,1,0,1,0,0,0,0,1,0,0,0,1,0,0,0,1,0,0,0,0,1,0,0
66,4.41,48,13.99,5,0.09,-43.5,0,1,0,1,1,0,0,0,0,0,1,0,0,0,0,1,0,0,0,0,0,0,1,1
36,9.16,47,13.99,5,0.19,-37.65,0,0,0,1,0,0,0,0,1,0,0,0,0,1,0,0,0,0,0,0,0,0,0,1
49,15.37,34,13.99,5,0.44,-18.19,1,0,0,1,0,1,0,0,0,1,0,0,0,0,0,0,1,0,0,0,0,0,0,0
69,4.56,37,13.99,2,0.12,-32.32,0,0,0,1,0,0,0,0,1,0,0,1,0,0,0,0,1,0,0,1,0,0,0,1
18,7.65,49,8.99,1,0.15,-41.2,0,0,0,0,0,1,0,0,0,0,0,0,0,0,1,0,0,0,0,1,0,0,0,1
29,6.87,27,13.99,4,0.25,-19.88,0,0,0,1,0,0,0,0,0,0,0,0,1,0,0,1,0,0,0,0,0,1,0,0
49,30.07,34,13.99,4,0.86,-3.0700000000000003,0,0,0,1,1,0,0,0,0,0,0,1,0,0,1,0,0,0,0,0,0,0,1,0
20,25.68,3,17.99,5,6.42,29.1,0,1,1,0,1,0,0,0,0,1,0,0,0,0,0,0,0,1,0,0,0,0,0,0
70,2.22,12,8.99,3,0.17,-9.61,1,0,0,0,1,0,0,0,0,1,0,0,0,0,0,0,1,0,0,0,0,1,0,1
26,13.17,37,17.99,4,0.35,-23.48,1,0,1,0,0,0,0,0,1,0,0,0,1,0,0,0,0,0,0,0,0,0,0,0
65,13.88,57,13.99,5,0.24,-42.879999999999995,0,0,0,1,0,0,0,1,0,1,0,0,0,1,0,0,0,1,0,0,0,0,0,1
53,1.55,30,13.99,3,0.05,-28.4,0,1,0,1,1,0,0,0,0,1,0,0,0,0,0,0,0,0,1,0,0,0,0,1
33,11.4,42,13.99,4,0.27,-30.33,0,1,0,1,0,0,1,0,0,0,0,0,0,1,0,0,0,0,0,0,0,0,0,1
33,6.6,55,13.99,2,0.12,-48.28,1,0,0,1,0,1,0,0,0,0,0,0,0,0,0,1,0,0,1,0,0,0,0,1
19,8.29,28,17.99,5,0.29,-19.42,0,0,1,0,0,1,0,0,0,0,0,1,0,1,0,0,0,0,0,1,0,0,0,0
58,4.38,25,13.99,1,0.17,-20.45,1,0,0,1,0,0,0,0,0,0,0,0,1,0,0,0,0,0,0,0,0,1,0,1
63,14.16,45,8.99,4,0.31,-30.53,0,1,0,0,0,1,0,0,0,1,0,0,0,0,0,0,0,0,0,0,0,1,0,1
50,23.31,5,13.99,1,3.88,22.189999999999998,0,0,0,1,0,0,0,0,1,0,0,0,1,0,0,0,0,0,0,0,0,0,0,0
43,4.96,34,17.99,3,0.14,-28.9,0,1,1,0,0,1,0,0,0,0,0,1,0,1,0,0,0,0,1,0,0,0,0,1
46,18.14,45,13.99,2,0.39,-26.47,1,0,0,1,0,1,0,0,0,0,0,0,0,0,0,0,0,0,0,0,0,0,1,1
19,4.42,0,8.99,3,4.42,8.84,0,1,0,0,0,1,0,0,0,1,0,0,0,0,0,0,0,0,0,1,0,0,0,0
64,19.87,41,13.99,5,0.47,-20.66,0,1,0,1,0,0,0,0,1,0,1,0,0,0,0,0,0,0,0,0,0,1,0,0
59,25.89,58,13.99,1,0.44,-31.669999999999998,1,0,0,1,0,0,1,0,0,0,0,0,0,0,1,0,0,0,1,0,0,0,0,0
66,51.07,9,17.99,5,5.11,47.18,0,1,1,0,0,0,0,0,0,1,0,0,0,1,0,0,0,0,0,0,0,0,0,0
51,3.89,1,17.99,2,1.95,4.84,0,0,1,0,0,1,0,0,0,0,0,0,1,0,0,0,0,0,0,1,0,0,0,0
27,10.69,4,13.99,3,2.14,8.83,0,1,0,1,1,0,0,0,0,0,1,0,0,1,0,0,0,0,0,1,0,0,0,0
60,1.13,12,13.99,2,0.09,-10.78,0,0,0,1,1,0,0,0,0,1,0,0,0,0,0,0,0,0,0,0,0,1,0,1
41,23.74,8,8.99,2,2.64,18.38,0,0,0,0,0,0,1,0,0,0,1,0,0,1,0,0,0,0,1,0,0,0,0,0
37,11.15,60,17.99,4,0.18,-48.67,0,1,1,0,0,0,0,1,0,0,0,0,0,0,0,0,1,0,1,0,0,0,0,0
26,2.92,32,17.99,2,0.09,-28.990000000000002,0,0,1,0,0,0,0,0,1,0,0,0,1,1,0,0,0,0,0,0,0,0,1,1
69,13.61,5,17.99,3,2.27,10.879999999999999,0,1,1,0,0,1,0,0,0,0,0,1,0,0,0,0,0,0,0,0,0,1,0,0
42,2.65,30,8.99,1,0.09,-27.26,0,1,0,0,0,0,0,0,0,0,0,1,0,0,0,1,0,0,1,0,0,0,0,1
19,7.43,10,17.99,4,0.68,-1.8900000000000006,0,0,1,0,0,1,0,0,0,0,0,0,1,0,1,0,0,0,0,1,0,0,0,0
61,5.61,56,13.99,1,0.1,-50.29,1,0,0,1,0,1,0,0,0,1,0,0,0,0,1,0,0,0,0,0,1,0,0,1
34,0.32,58,13.99,1,0.01,-57.67,0,0,0,1,1,0,0,0,0,0,1,0,0,0,0,1,0,1,0,0,0,0,0,1
68,12.66,7,13.99,2,1.58,7.24,0,1,0,1,1,0,0,0,0,0,0,0,1,0,0,0,0,0,0,0,0,1,0,0
32,8.94,6,8.99,5,1.28,4.219999999999999,0,0,0,0,0,0,1,0,0,0,0,0,0,1,0,0,0,0,0,0,0,0,0,0
21,11.25,59,8.99,2,0.19,-47.56,1,0,0,0,0,0,0,0,1,0,1,0,0,0,1,0,0,0,0,0,0,0,0,1
24,14.15,58,17.99,1,0.24,-43.61,0,1,1,0,0,1,0,0,0,0,0,1,0,0,0,0,1,0,0,0,0,1,0,1
55,0.44,45,17.99,1,0.01,-44.55,1,0,1,0,0,0,0,0,1,0,0,0,0,0,1,0,0,0,0,0,0,0,1,1
65,4.05,45,13.99,4,0.09,-40.86,1,0,0,1,1,0,0,0,0,0,1,0,0,0,0,1,0,0,0,0,0,0,1,1
25,18.23,26,13.99,2,0.68,-7.09,0,1,0,1,0,0,0,0,0,0,0,0,0,0,0,0,1,0,0,0,1,0,0,0
63,6.42,17,13.99,4,0.36,-10.219999999999999,0,0,0,1,0,1,0,0,0,0,0,0,1,1,0,0,0,0,0,0,0,0,0,0
56,14.39,38,17.99,3,0.37,-23.240000000000002,0,0,1,0,1,0,0,0,0,0,0,0,1,0,0,0,0,1,0,0,0,0,0,1
47,13.22,8,8.99,4,1.47,6.690000000000001,0,1,0,0,0,0,1,0,0,0,1,0,0,1,0,0,0,0,0,0,0,0,0,0
29,1.12,60,13.99,5,0.02,-58.86,0,0,0,1,1,0,0,0,0,0,0,0,0,0,0,0,1,0,0,0,1,0,0,1
52,8.45,28,13.99,2,0.29,-19.26,0,0,0,1,0,0,1,0,0,1,0,0,0,0,0,1,0,0,0,0,0,0,0,0
26,0.89,25,13.99,2,0.03,-24.08,1,0,0,1,0,0,0,0,1,0,0,1,0,0,0,0,0,0,0,0,0,0,0,1
39,7.21,42,17.99,2,0.17,-34.62,0,0,1,0,0,0,0,0,0,0,0,0,1,0,0,0,1,0,0,0,0,0,0,1
46,40.93,39,13.99,4,1.02,2.950000000000003,0,1,0,1,0,0,1,0,0,0,0,0,1,1,0,0,0,0,0,0,1,0,0,0
22,0.75,10,8.99,3,0.07,-9.18,1,0,0,0,0,0,0,0,1,0,1,0,0,0,0,1,0,0,0,0,0,0,1,1
36,25.23,53,17.99,2,0.47,-27.3,1,0,1,0,0,0,0,0,0,0,1,0,0,1,0,0,0,0,0,0,0,0,1,0
40,4.68,25,8.99,5,0.18,-20.14,0,1,0,0,0,0,0,0,0,0,0,0,1,0,0,0,1,0,0,0,0,0,0,1
29,35.97,10,13.99,4,3.27,29.240000000000002,1,0,0,1,0,0,0,0,1,0,0,0,0,0,1,0,0,0,0,0,0,1,0,0
53,6.2,5,13.99,4,1.03,2.2300000000000004,0,0,0,1,0,0,0,1,0,0,0,0,0,0,0,1,0,0,1,0,0,0,0,0
43,13.53,15,13.99,4,0.85,-0.620000000000001,0,1,0,1,0,1,0,0,0,0,0,0,1,0,1,0,0,1,0,0,0,0,0,0
40,0.17,58,17.99,5,0.0,-57.83,0,0,1,0,0,0,0,0,1,0,0,0,0,0,0,1,0,0,0,0,1,0,0,1
40,30.61,35,17.99,3,0.85,-3.539999999999999,0,0,1,0,0,1,0,0,0,0,0,1,0,0,1,0,0,0,0,0,0,1,0,0
69,4.53,16,13.99,2,0.27,-11.2,0,0,0,1,0,1,0,0,0,1,0,0,0,1,0,0,0,0,0,0,1,0,0,1
29,14.23,4,8.99,2,2.85,13.080000000000002,1,0,0,0,0,1,0,0,0,0,0,0,0,0,0,0,0,0,1,0,0,0,0,0
24,42.14,8,17.99,3,4.68,38.82,0,0,1,0,0,0,0,0,1,1,0,0,0,0,0,1,0,0,0,0,1,0,0,0
59,2.41,4,13.99,2,0.48,-1.1099999999999999,1,0,0,1,1,0,0,0,0,0,0,0,1,0,1,0,0,0,0,0,0,0,0,0
51,10.19,22,13.99,3,0.44,-11.370000000000001,0,1,0,1,0,1,0,0,0,0,0,1,0,0,0,0,1,0,0,0,1,0,0,0
40,4.13,58,17.99,3,0.07,-53.8,0,1,1,0,0,0,1,0,0,0,0,0,0,1,0,0,0,0,0,0,0,0,0,1
19,6.08,44,13.99,1,0.14,-37.78,1,0,0,1,0,0,0,0,0,0,1,0,0,1,0,0,0,0,0,1,0,0,0,1
52,33.13,27,17.99,4,1.18,7.310000000000002,1,0,1,0,0,0,1,0,0,0,0,1,0,1,0,0,0,0,0,0,0,0,1,0
20,5.06,25,13.99,4,0.19,-19.75,1,0,0,1,1,0,0,0,0,0,0,1,0,0,0,1,0,0,1,0,0,0,0,0
26,11.7,7,13.99,5,1.46,6.16,0,0,0,1,0,0,1,0,0,0,0,0,1,1,0,0,0,0,0,0,0,0,0,0
66,7.0,39,8.99,2,0.17,-31.83,1,0,0,0,1,0,0,0,0,0,0,1,0,0,1,0,0,0,0,0,0,0,1,1
48,21.91,52,8.99,5,0.41,-29.68,0,1,0,0,0,0,1,0,0,0,0,0,0,0,0,1,0,1,0,0,0,0,0,1
56,21.44,47,13.99,1,0.45,-25.11,0,0,0,1,0,1,0,0,0,0,0,1,0,1,0,0,0,1,0,0,0,0,0,1
52,0.33,14,13.99,2,0.02,-13.65,1,0,0,1,0,0,0,1,0,0,0,0,0,0,0,1,0,1,0,0,0,0,0,1
28,2.06,59,13.99,2,0.03,-56.91,0,1,0,1,1,0,0,0,0,0,1,0,0,1,0,0,0,0,0,0,0,1,0,1
26,11.07,54,8.99,4,0.2,-42.730000000000004,0,0,0,0,0,1,0,0,0,1,0,0,0,0,0,0,0,0,0,1,0,0,0,1
50,15.65,27,13.99,2,0.56,-10.79,1,0,0,1,0,0,1,0,0,0,0,1,0,0,0,1,0,0,0,1,0,0,0,0
49,5.21,33,13.99,4,0.15,-27.64,0,0,0,1,1,0,0,0,0,0,0,0,0,1,0,0,0,0,1,0,0,0,0,1
37,4.69,25,8.99,4,0.18,-20.13,0,0,0,0,0,1,0,0,0,0,0,0,1,0,0,1,0,0,0,0,0,1,0,1
38,2.24,58,17.99,4,0.04,-55.72,1,0,1,0,0,0,0,0,0,1,0,0,0,0,1,0,0,0,1,0,0,0,0,1
62,26.88,55,13.99,4,0.48,-27.64,0,0,0,1,1,0,0,0,0,0,0,1,0,0,0,0,1,0,0,0,0,1,0,0
63,2.84,18,13.99,3,0.15,-15.01,0,0,0,1,0,0,0,1,0,0,0,0,1,0,0,1,0,0,0,0,1,0,0,1
26,9.97,37,8.99,1,0.26,-26.77,0,1,0,0,0,0,1,0,0,0,0,1,0,0,0,0,0,0,0,1,0,0,0,1
40,46.29,26,17.99,4,1.71,22.0,1,0,1,0,0,0,0,0,0,1,0,0,0,1,0,0,0,0,0,1,0,0,0,0
68,9.36,15,17.99,5,0.58,-5.0600000000000005,1,0,1,0,0,1,0,0,0,0,0,1,0,1,0,0,0,0,0,0,0,0,0,0
23,0.89,18,13.99,1,0.05,-17.06,0,0,0,1,0,1,0,0,0,0,0,0,1,0,0,0,1,0,0,0,0,0,0,1
31,1.17,36,13.99,1,0.03,-34.8,0,1,0,1,0,1,0,0,0,1,0,0,0,0,0,0,1,1,0,0,0,0,0,1
47,1.25,44,8.99,1,0.03,-42.72,1,0,0,0,0,0,0,0,1,0,1,0,0,0,0,0,0,0,0,0,0,0,1,1
67,13.19,55,17.99,3,0.24,-41.57,1,0,1,0,0,0,0,0,1,0,0,0,0,1,0,0,0,1,0,0,0,0,0,1
63,1.25,3,8.99,5,0.31,-1.44,0,1,0,0,1,0,0,0,0,0,0,0,1,0,1,0,0,1,0,0,0,0,0,1
59,1.2,32,8.99,2,0.04,-30.76,0,0,0,0,0,0,1,0,0,0,0,1,0,0,0,0,0,1,0,0,0,0,0,1
34,7.38,26,13.99,1,0.27,-18.35,1,0,0,1,0,0,0,0,1,0,0,0,0,0,1,0,0,0,0,0,0,0,1,0
35,3.59,53,17.99,3,0.07,-49.34,0,0,1,0,1,0,0,0,0,0,0,0,1,1,0,0,0,0,0,0,0,1,0,1
21,4.17,38,13.99,1,0.11,-33.72,0,0,0,1,0,0,0,0,1,0,1,0,0,1,0,0,0,0,0,0,1,0,0,1
29,15.26,49,17.99,1,0.31,-33.43,0,0,1,0,0,0,1,0,0,0,0,0,1,0,0,0,0,0,0,0,0,0,1,1
55,2.7,31,13.99,4,0.08,-28.22,1,0,0,1,1,0,0,0,0,0,0,1,0,0,1,0,0,0,0,0,0,0,1,1
51,3.82,34,17.99,1,0.11,-30.07,0,0,1,0,1,0,0,0,0,0,0,1,0,0,0,1,0,0,0,0,1,0,0,1
23,6.7,48,8.99,4,0.14,-41.16,1,0,0,0,0,0,1,0,0,0,1,0,0,0,0,0,0,0,0,0,0,0,1,1
63,12.08,17,13.99,4,0.67,-4.25,0,0,0,1,0,0,0,0,1,0,0,0,0,0,0,0,0,0,0,0,1,0,0,0
42,10.89,31,17.99,5,0.34,-19.77,0,1,1,0,0,0,0,0,1,0,0,0,1,0,0,0,1,0,0,1,0,0,0,0
51,1.23,4,13.99,5,0.25,-2.52,0,1,0,1,0,0,0,0,1,1,0,0,0,0,0,0,0,0,0,0,0,1,0,0
20,0.76,28,8.99,3,0.03,-27.21,1,0,0,0,1,0,0,0,0,1,0,0,0,0,0,0,1,0,0,1,0,0,0,1
26,6.15,42,17.99,2,0.14,-35.71,1,0,1,0,0,0,0,0,1,0,1,0,0,0,0,1,0,0,0,1,0,0,0,1
50,6.01,43,8.99,1,0.14,-36.85,0,0,0,0,1,0,0,0,0,0,0,0,0,1,0,0,0,0,0,0,0,0,1,1
60,82.61,33,13.99,3,2.43,52.040000000000006,0,1,0,1,0,0,1,0,0,0,1,0,0,0,0,0,1,0,0,0,0,0,1,0
50,8.21,22,13.99,5,0.36,-13.43,0,0,0,1,0,0,0,1,0,0,1,0,0,0,0,0,1,0,0,0,0,0,0,0
53,11.01,44,8.99,1,0.24,-32.75,0,1,0,0,0,1,0,0,0,0,0,0,0,0,0,0,0,0,0,0,0,0,1,1
55,0.21,34,8.99,5,0.01,-33.78,0,1,0,0,0,0,0,0,1,1,0,0,0,0,1,0,0,0,0,0,1,0,0,1
34,1.22,9,13.99,5,0.12,-7.66,1,0,0,1,0,0,1,0,0,0,0,0,0,0,1,0,0,0,0,0,0,0,0,0
49,9.81,39,8.99,5,0.25,-28.939999999999998,0,0,0,0,0,0,0,1,0,0,0,1,0,0,0,0,1,0,0,0,0,0,1,1
55,3.15,51,17.99,5,0.06,-47.79,0,1,1,0,1,0,0,0,0,0,0,0,1,0,1,0,0,0,0,0,0,0,1,1
61,1.1,2,8.99,5,0.37,-0.5299999999999998,1,0,0,0,0,0,0,0,1,1,0,0,0,0,0,0,1,0,0,0,0,1,0,1
33,32.18,29,13.99,1,1.07,4.25,0,0,0,1,0,0,0,0,1,0,0,0,0,0,0,0,1,0,0,0,0,0,0,0
34,3.58,4,17.99,1,0.72,0.2999999999999998,1,0,1,0,0,1,0,0,0,0,0,0,0,0,0,1,0,0,0,0,0,0,1,0
69,1.07,47,8.99,2,0.02,-45.91,1,0,0,0,0,1,0,0,0,0,1,0,0,0,0,0,1,0,0,0,0,0,0,1
59,14.46,28,13.99,2,0.5,-13.04,1,0,0,1,0,0,0,1,0,1,0,0,0,1,0,0,0,0,0,0,1,0,0,0
59,2.44,55,8.99,1,0.04,-52.52,0,0,0,0,0,0,0,0,0,0,0,0,1,1,0,0,0,1,0,0,0,0,0,1
21,6.14,7,17.99,4,0.77,-0.08999999999999986,0,1,1,0,0,1,0,0,0,0,0,0,0,1,0,0,0,0,1,0,0,0,0,0
58,12.9,38,17.99,4,0.33,-24.77,0,1,1,0,0,0,0,1,0,1,0,0,0,0,0,0,0,0,0,0,0,1,0,0
20,5.31,25,13.99,3,0.2,-19.490000000000002,0,1,0,1,1,0,0,0,0,0,0,1,0,0,0,0,0,1,0,0,0,0,0,0
31,2.36,46,8.99,2,0.05,-43.59,0,1,0,0,0,0,1,0,0,0,0,1,0,0,0,0,0,0,0,0,0,1,0,1
69,0.24,20,17.99,1,0.01,-19.75,1,0,1,0,0,0,0,1,0,0,0,1,0,0,0,1,0,0,0,0,0,0,1,1
68,18.88,34,17.99,4,0.54,-14.580000000000002,1,0,1,0,1,0,0,0,0,0,0,1,0,0,0,0,1,0,0,0,1,0,0,0
32,11.47,4,13.99,1,2.29,9.760000000000002,0,0,0,1,1,0,0,0,0,1,0,0,0,0,0,0,1,0,0,1,0,0,0,0
67,8.28,59,17.99,3,0.14,-50.58,0,1,1,0,0,0,0,0,1,0,0,1,0,0,0,1,0,0,1,0,0,0,0,1
19,29.48,60,17.99,3,0.48,-30.04,1,0,1,0,0,0,0,0,0,1,0,0,0,0,0,1,0,0,0,1,0,0,0,0
37,8.39,8,13.99,5,0.93,1.3200000000000003,1,0,0,1,0,0,0,1,0,0,0,0,0,1,0,0,0,0,0,0,0,0,0,0
35,26.28,23,17.99,1,1.09,4.370000000000001,0,0,1,0,0,1,0,0,0,0,0,0,0,0,1,0,0,0,0,1,0,0,0,0
51,3.79,2,17.99,3,1.26,3.05,1,0,1,0,1,0,0,0,0,1,0,0,0,0,0,0,0,0,0,0,0,0,1,0
37,37.37,52,8.99,3,0.71,-13.920000000000002,1,0,0,0,0,0,0,0,0,0,0,0,0,0,0,0,1,0,0,1,0,0,0,0
60,21.66,11,8.99,2,1.8,12.46,0,0,0,0,0,0,0,0,1,0,0,0,0,1,0,0,0,1,0,0,0,0,0,0
45,3.45,3,17.99,3,0.86,1.3100000000000005,0,0,1,0,0,0,0,0,0,0,0,0,0,1,0,0,0,0,0,0,1,0,0,0
44,19.82,43,8.99,2,0.45,-22.73,1,0,0,0,0,0,0,0,1,0,1,0,0,0,0,0,1,1,0,0,0,0,0,1
26,4.78,18,17.99,4,0.25,-12.969999999999999,0,0,1,0,0,0,0,1,0,0,1,0,0,0,0,1,0,0,0,0,0,0,1,1
69,32.54,45,17.99,4,0.71,-11.75,0,1,1,0,0,0,0,0,1,0,0,0,1,1,0,0,0,0,1,0,0,0,0,0
18,4.64,21,13.99,3,0.21,-16.15,0,1,0,1,0,0,1,0,0,1,0,0,0,0,1,0,0,0,1,0,0,0,0,1
33,2.71,22,13.99,3,0.12,-19.17,1,0,0,1,0,1,0,0,0,0,1,0,0,1,0,0,0,0,0,1,0,0,0,1
39,22.24,47,8.99,3,0.46,-24.3,1,0,0,0,0,0,1,0,0,1,0,0,0,0,1,0,0,0,0,0,0,0,0,1
22,13.78,0,13.99,2,13.78,27.56,1,0,0,1,0,0,0,1,0,0,0,1,0,0,0,0,1,0,0,0,0,0,1,0
62,5.64,36,8.99,5,0.15,-30.21,0,0,0,0,0,1,0,0,0,0,0,0,1,0,0,1,0,0,0,0,1,0,0,1
32,41.97,34,8.99,1,1.2,9.170000000000002,0,1,0,0,0,1,0,0,0,0,0,0,0,0,0,0,0,0,0,0,1,0,0,0
64,0.01,16,17.99,5,0.0,-15.99,1,0,1,0,0,0,0,0,0,0,0,1,0,0,0,0,1,0,0,0,1,0,0,0
58,2.83,58,17.99,4,0.05,-55.12,1,0,1,0,0,0,1,0,0,0,0,1,0,0,0,1,0,0,0,0,0,1,0,1
35,9.29,20,17.99,4,0.44,-10.270000000000001,1,0,1,0,0,0,0,0,0,0,0,0,1,0,1,0,0,1,0,0,0,0,0,0
59,30.59,37,13.99,1,0.81,-5.600000000000001,0,0,0,1,1,0,0,0,0,0,0,0,1,0,0,0,1,1,0,0,0,0,0,0
33,12.28,43,17.99,4,0.28,-30.44,1,0,1,0,0,0,0,0,0,0,0,1,0,0,0,0,1,1,0,0,0,0,0,0
60,3.92,7,17.99,2,0.49,-2.59,0,0,1,0,0,0,1,0,0,0,0,1,0,1,0,0,0,1,0,0,0,0,0,1
65,4.12,9,8.99,5,0.41,-4.47,0,0,0,0,0,0,0,0,1,0,0,0,1,0,0,0,0,0,0,0,0,1,0,1
49,24.88,36,13.99,3,0.67,-10.45,1,0,0,1,0,0,1,0,0,0,1,0,0,0,0,1,0,1,0,0,0,0,0,0
25,12.73,59,17.99,5,0.21,-46.06,1,0,1,0,0,0,0,0,0,0,0,1,0,0,0,0,1,0,1,0,0,0,0,0
46,2.98,12,17.99,2,0.23,-8.79,0,1,1,0,0,1,0,0,0,1,0,0,0,0,1,0,0,0,0,0,0,0,0,1
19,17.42,40,17.99,3,0.42,-22.159999999999997,1,0,1,0,0,0,0,0,1,0,0,0,0,0,0,0,1,0,0,1,0,0,0,1
47,3.71,54,13.99,5,0.07,-50.22,1,0,0,1,0,0,0,0,1,0,0,0,0,1,0,0,0,0,0,0,0,0,0,1
51,8.34,33,8.99,1,0.25,-24.41,0,1,0,0,0,1,0,0,0,0,0,1,0,0,0,0,0,0,1,0,0,0,0,1
32,5.93,41,13.99,4,0.14,-34.93,0,0,0,1,0,1,0,0,0,0,1,0,0,0,0,0,1,0,0,0,0,0,0,0
59,19.32,36,8.99,3,0.52,-16.16,0,0,0,0,0,0,1,0,0,0,0,0,1,0,0,0,1,1,0,0,0,0,0,1
64,8.53,48,13.99,4,0.17,-39.3,0,0,0,1,0,0,1,0,0,0,0,0,1,0,1,0,0,0,0,0,0,1,0,0
29,6.13,9,13.99,3,0.61,-2.26,0,0,0,1,0,0,1,0,0,0,1,0,0,0,0,1,0,0,0,0,0,0,1,0
57,4.35,39,8.99,1,0.11,-34.54,1,0,0,0,0,0,0,0,1,1,0,0,0,0,1,0,0,0,0,0,0,0,0,1
49,76.16,13,8.99,5,5.44,68.6,0,1,0,0,0,0,1,0,0,0,0,1,0,0,0,0,1,1,0,0,0,0,0,0
65,2.39,26,8.99,3,0.09,-23.52,0,0,0,0,0,1,0,0,0,0,1,0,0,0,0,1,0,0,0,0,1,0,0,1
21,5.25,53,17.99,2,0.1,-47.65,0,0,1,0,0,0,0,1,0,0,0,0,1,0,1,0,0,1,0,0,0,0,0,1
66,16.52,56,13.99,5,0.29,-39.19,0,1,0,1,1,0,0,0,0,0,0,0,0,0,0,1,0,0,0,0,0,0,1,1
69,8.57,40,13.99,3,0.21,-31.22,0,1,0,1,0,0,0,1,0,0,0,0,1,0,0,0,1,0,0,1,0,0,0,1
38,1.69,12,13.99,3,0.13,-10.18,0,0,0,1,0,0,0,0,0,0,1,0,0,0,1,0,0,0,0,1,0,0,0,1
63,15.81,9,8.99,3,1.58,8.39,0,0,0,0,0,1,0,0,0,0,1,0,0,0,0,0,1,1,0,0,0,0,0,0
31,5.04,28,17.99,3,0.17,-22.79,1,0,1,0,0,1,0,0,0,1,0,0,0,0,1,0,0,0,0,0,0,0,1,0
42,2.81,32,17.99,2,0.09,-29.1,1,0,1,0,0,1,0,0,0,0,0,0,0,0,0,1,0,1,0,0,0,0,0,1
48,19.56,58,17.99,1,0.33,-38.11,1,0,1,0,0,1,0,0,0,0,1,0,0,0,0,0,0,0,0,0,0,0,0,1
67,10.88,30,13.99,5,0.35,-18.77,0,0,0,1,0,0,0,0,1,0,0,1,0,0,0,1,0,0,0,0,0,1,0,0
70,5.74,48,8.99,5,0.12,-42.14,0,1,0,0,0,0,0,0,1,0,0,1,0,0,0,1,0,1,0,0,0,0,0,1
49,8.49,7,17.99,1,1.06,2.5500000000000007,1,0,1,0,0,0,0,0,1,1,0,0,0,1,0,0,0,0,0,0,0,0,1,0
46,14.29,35,13.99,5,0.4,-20.310000000000002,1,0,0,1,0,0,0,0,1,0,0,0,0,0,1,0,0,0,0,0,0,0,1,0
31,9.95,6,17.99,2,1.42,5.369999999999999,0,0,1,0,0,0,1,0,0,0,1,0,0,0,1,0,0,0,1,0,0,0,0,0
41,18.04,49,13.99,4,0.36,-30.6,0,0,0,1,0,0,0,0,1,0,0,1,0,0,0,0,1,0,0,0,0,1,0,0
62,35.13,4,13.99,4,7.03,38.160000000000004,0,0,0,1,0,1,0,0,0,0,0,0,0,1,0,0,0,1,0,0,0,0,0,0
38,34.08,1,17.99,4,17.04,50.12,0,0,1,0,0,0,1,0,0,1,0,0,0,0,0,0,0,0,0,1,0,0,0,0
45,17.83,45,17.99,1,0.39,-26.78,0,0,1,0,0,1,0,0,0,0,0,1,0,0,1,0,0,0,0,1,0,0,0,1
20,9.96,17,17.99,4,0.55,-6.489999999999998,0,0,1,0,0,0,1,0,0,0,0,1,0,0,0,1,0,0,0,0,1,0,0,0
18,23.07,8,17.99,1,2.56,17.63,1,0,1,0,0,0,0,0,1,0,0,1,0,0,0,0,0,0,0,1,0,0,0,0
28,28.72,40,17.99,2,0.7,-10.580000000000002,0,0,1,0,0,0,0,0,1,1,0,0,0,0,0,1,0,0,0,0,0,1,0,0
34,26.66,55,13.99,2,0.48,-27.86,0,1,0,1,0,0,1,0,0,0,0,0,0,0,0,0,1,1,0,0,0,0,0,0
53,0.33,35,8.99,1,0.01,-34.66,0,0,0,0,0,0,0,1,0,0,1,0,0,0,0,0,0,0,0,0,0,0,0,1
56,29.0,23,8.99,4,1.21,7.210000000000001,0,1,0,0,0,0,0,1,0,0,0,0,1,0,0,1,0,0,0,0,0,0,0,0
29,1.88,46,8.99,4,0.04,-44.08,0,0,0,0,1,0,0,0,0,0,0,0,0,1,0,0,0,0,0,0,0,0,1,1
62,5.81,29,17.99,2,0.19,-23.0,0,0,1,0,1,0,0,0,0,1,0,0,0,0,0,0,1,0,0,1,0,0,0,0
40,23.44,40,8.99,4,0.57,-15.989999999999998,1,0,0,0,0,0,1,0,0,0,0,1,0,0,0,1,0,0,0,0,1,0,0,0
54,4.79,49,17.99,4,0.1,-44.11,0,1,1,0,0,0,0,0,0,0,0,1,0,0,0,1,0,0,0,0,0,0,0,1
63,24.97,23,8.99,1,1.04,3.009999999999998,0,0,0,0,0,0,0,0,1,0,1,0,0,0,0,0,0,0,0,0,0,0,1,0
34,12.84,42,8.99,4,0.3,-28.86,1,0,0,0,0,0,1,0,0,0,1,0,0,0,0,0,1,0,0,0,0,0,1,1
29,18.68,51,8.99,3,0.36,-31.96,0,0,0,0,0,0,0,0,1,0,0,0,1,0,0,0,1,0,0,0,0,0,1,1
31,2.7,51,17.99,5,0.05,-48.25,1,0,1,0,0,1,0,0,0,0,0,0,1,1,0,0,0,0,0,0,1,0,0,1
26,16.27,34,17.99,3,0.46,-17.27,0,0,1,0,1,0,0,0,0,0,1,0,0,1,0,0,0,0,0,1,0,0,0,1
23,16.01,2,17.99,1,5.34,19.35,1,0,1,0,0,1,0,0,0,1,0,0,0,0,0,0,1,0,0,0,0,0,1,0
45,1.98,53,8.99,5,0.04,-50.98,1,0,0,0,0,1,0,0,0,1,0,0,0,1,0,0,0,0,1,0,0,0,0,1
22,39.11,13,13.99,2,2.79,28.9,1,0,0,1,0,0,0,0,1,0,1,0,0,1,0,0,0,0,0,1,0,0,0,0
62,6.17,1,17.99,2,3.08,8.25,0,0,1,0,1,0,0,0,0,0,0,1,0,0,1,0,0,1,0,0,0,0,0,0
33,14.93,7,17.99,3,1.87,9.8,0,0,1,0,0,1,0,0,0,1,0,0,0,0,1,0,0,0,0,0,0,0,0,0
68,25.21,50,17.99,4,0.49,-24.3,0,1,1,0,0,1,0,0,0,0,1,0,0,0,0,0,0,0,0,1,0,0,0,0
59,2.45,51,17.99,5,0.05,-48.5,0,1,1,0,0,0,0,0,1,1,0,0,0,0,1,0,0,0,0,0,0,0,0,1
37,26.94,12,13.99,3,2.07,17.01,0,1,0,1,0,0,0,0,0,0,0,0,0,0,0,1,0,0,1,0,0,0,0,0
39,7.67,27,8.99,3,0.27,-19.060000000000002,1,0,0,0,0,0,0,0,0,0,0,0,1,0,0,0,0,1,0,0,0,0,0,0
47,2.11,24,13.99,4,0.08,-21.81,0,1,0,1,0,0,0,0,0,0,1,0,0,1,0,0,0,1,0,0,0,0,0,1
64,22.69,43,8.99,2,0.52,-19.79,1,0,0,0,0,0,0,0,1,0,1,0,0,0,0,0,1,0,0,1,0,0,0,0
55,0.53,32,13.99,5,0.02,-31.45,1,0,0,1,1,0,0,0,0,0,1,0,0,0,0,0,0,0,0,1,0,0,0,1
55,12.26,1,8.99,1,6.13,17.39,0,1,0,0,0,0,0,1,0,0,0,0,0,0,0,0,1,1,0,0,0,0,0,0
56,9.97,10,13.99,5,0.91,0.8800000000000008,1,0,0,1,1,0,0,0,0,0,1,0,0,0,0,0,0,0,0,0,0,0,0,0
38,2.44,11,13.99,5,0.2,-8.36,0,0,0,1,0,0,0,1,0,1,0,0,0,0,0,1,0,0,1,0,0,0,0,1
56,18.15,40,17.99,4,0.44,-21.41,0,1,1,0,0,0,1,0,0,0,1,0,0,0,0,0,1,0,0,1,0,0,0,0
63,32.06,24,13.99,3,1.28,9.340000000000003,0,0,0,1,0,1,0,0,0,0,0,0,0,0,1,0,0,0,1,0,0,0,0,0
38,5.89,2,17.99,1,1.96,5.85,1,0,1,0,0,1,0,0,0,0,0,0,0,1,0,0,0,0,0,0,0,1,0,0
34,8.25,27,8.99,5,0.29,-18.46,1,0,0,0,0,1,0,0,0,0,0,0,1,0,0,0,0,1,0,0,0,0,0,0
33,1.42,50,17.99,3,0.03,-48.55,1,0,1,0,1,0,0,0,0,0,1,0,0,0,0,1,0,1,0,0,0,0,0,1
43,12.79,36,13.99,5,0.35,-22.86,1,0,0,1,0,0,0,0,0,0,0,0,1,0,0,0,0,0,1,0,0,0,0,0
43,5.74,6,13.99,3,0.82,0.5600000000000005,0,0,0,1,0,0,0,1,0,0,1,0,0,0,0,0,0,0,0,1,0,0,0,0
26,2.99,59,17.99,3,0.05,-55.96,0,0,1,0,1,0,0,0,0,0,0,1,0,0,1,0,0,0,0,0,0,0,0,1
23,39.63,20,13.99,3,1.89,21.520000000000003,0,1,0,1,1,0,0,0,0,0,0,0,1,0,0,0,0,0,0,0,0,0,1,0
39,15.89,21,13.99,4,0.72,-4.390000000000001,0,0,0,1,0,0,0,1,0,0,0,0,0,0,0,1,0,0,0,0,0,0,1,0
28,11.24,37,8.99,4,0.3,-25.46,1,0,0,0,1,0,0,0,0,0,0,0,1,1,0,0,0,0,0,0,1,0,0,1
63,1.07,5,8.99,4,0.18,-3.75,0,0,0,0,0,0,0,0,1,0,0,1,0,0,0,0,0,0,0,0,0,0,0,1
66,9.88,25,13.99,3,0.38,-14.739999999999998,0,1,0,1,0,1,0,0,0,0,1,0,0,0,0,0,0,0,0,0,0,0,0,0
62,3.8,58,17.99,4,0.06,-54.14,0,1,1,0,0,0,0,0,0,0,0,0,0,0,1,0,0,1,0,0,0,0,0,1
57,3.47,36,13.99,4,0.09,-32.44,0,0,0,1,0,0,0,0,1,0,0,0,1,1,0,0,0,0,0,0,0,1,0,1
49,1.64,32,8.99,5,0.05,-30.31,1,0,0,0,0,1,0,0,0,1,0,0,0,0,0,0,1,0,0,1,0,0,0,1
30,10.47,50,13.99,4,0.21,-39.32,1,0,0,1,0,0,0,0,0,0,1,0,0,1,0,0,0,0,0,0,0,0,1,1
23,18.23,47,8.99,4,0.38,-28.39,0,1,0,0,1,0,0,0,0,0,0,0,1,0,1,0,0,0,0,0,0,1,0,1
57,16.09,30,17.99,1,0.52,-13.39,0,1,1,0,0,1,0,0,0,0,0,0,0,1,0,0,0,0,0,0,1,0,0,0
63,11.89,52,13.99,1,0.22,-39.89,1,0,0,1,0,1,0,0,0,1,0,0,0,0,1,0,0,0,0,0,0,1,0,1
69,2.95,40,8.99,1,0.07,-36.98,0,1,0,0,0,0,1,0,0,0,1,0,0,1,0,0,0,0,1,0,0,0,0,1
42,25.84,59,17.99,3,0.43,-32.730000000000004,0,1,1,0,0,0,1,0,0,0,0,0,1,0,0,0,1,1,0,0,0,0,0,0
64,14.53,29,17.99,2,0.48,-13.99,1,0,1,0,0,0,0,0,1,0,0,1,0,0,0,0,0,0,0,0,1,0,0,0
41,9.42,19,8.99,1,0.47,-9.11,1,0,0,0,0,0,0,0,1,0,1,0,0,0,0,0,1,0,1,0,0,0,0,1
23,5.81,45,17.99,2,0.13,-39.06,0,0,1,0,1,0,0,0,0,1,0,0,0,1,0,0,0,1,0,0,0,0,0,1
37,4.76,41,8.99,3,0.11,-36.13,0,0,0,0,1,0,0,0,0,0,0,0,0,0,0,0,1,0,0,0,0,1,0,1
20,1.22,50,17.99,3,0.02,-48.76,0,0,1,0,0,1,0,0,0,1,0,0,0,1,0,0,0,0,0,0,0,0,1,1
40,3.93,30,17.99,4,0.13,-25.939999999999998,0,0,1,0,0,0,1,0,0,0,0,0,1,0,1,0,0,0,1,0,0,0,0,0
37,5.97,57,17.99,5,0.1,-50.93,0,1,1,0,0,0,0,1,0,0,0,0,0,0,0,0,0,0,0,0,0,0,0,0
49,9.91,14,13.99,3,0.66,-3.4299999999999997,0,1,0,1,0,1,0,0,0,1,0,0,0,0,0,0,0,0,1,0,0,0,0,0
32,4.0,26,8.99,2,0.15,-21.85,1,0,0,0,0,0,0,0,0,0,0,0,0,0,0,1,0,0,0,0,1,0,0,1
43,12.39,31,13.99,3,0.39,-18.22,0,1,0,1,0,1,0,0,0,0,0,1,0,0,0,0,1,1,0,0,0,0,0,1
18,3.68,60,8.99,4,0.06,-56.26,0,0,0,0,0,0,0,0,1,1,0,0,0,0,1,0,0,0,0,0,0,0,0,1
70,10.5,55,13.99,5,0.19,-44.31,1,0,0,1,0,0,0,0,1,0,1,0,0,0,1,0,0,0,0,0,1,0,0,0
60,28.75,39,8.99,4,0.72,-9.530000000000001,0,1,0,0,0,1,0,0,0,0,0,0,1,0,1,0,0,0,0,0,0,0,0,0
26,6.46,27,17.99,5,0.23,-20.31,0,1,1,0,0,0,0,0,0,0,0,1,0,0,1,0,0,0,0,1,0,0,0,0
56,4.44,29,13.99,4,0.15,-24.41,0,1,0,1,0,0,0,0,1,0,0,0,1,0,1,0,0,0,0,0,0,0,0,0
22,3.31,35,13.99,2,0.09,-31.6,0,1,0,1,0,1,0,0,0,0,0,0,0,1,0,0,0,0,0,0,0,1,0,1
44,50.38,53,8.99,4,0.93,-1.6899999999999977,0,0,0,0,0,0,1,0,0,0,1,0,0,1,0,0,0,0,0,0,1,0,0,0
44,0.91,39,13.99,2,0.02,-38.07,1,0,0,1,0,0,1,0,0,1,0,0,0,1,0,0,0,1,0,0,0,0,0,1
56,10.45,38,8.99,4,0.27,-27.28,1,0,0,0,0,1,0,0,0,0,0,0,1,0,0,0,1,0,0,0,0,0,1,1
32,8.77,50,17.99,3,0.17,-41.06,0,0,1,0,1,0,0,0,0,0,0,0,1,0,0,0,0,0,0,1,0,0,0,1
32,9.11,40,17.99,3,0.22,-30.67,0,0,1,0,0,0,1,0,0,0,0,1,0,0,0,0,1,0,0,0,0,1,0,1
29,12.54,26,8.99,2,0.46,-13.0,0,1,0,0,0,0,1,0,0,0,0,0,1,0,1,0,0,0,0,0,0,0,1,0
26,18.76,34,13.99,2,0.54,-14.7,0,1,0,1,0,1,0,0,0,0,0,0,1,0,0,0,0,0,0,0,0,1,0,0
47,0.18,50,13.99,4,0.0,-49.82,1,0,0,1,0,0,0,0,0,0,0,0,0,0,0,0,1,0,0,0,1,0,0,1
55,1.43,60,17.99,1,0.02,-58.55,0,1,1,0,1,0,0,0,0,1,0,0,0,0,1,0,0,0,0,0,0,1,0,1
68,5.94,23,17.99,5,0.25,-16.81,0,0,1,0,0,0,0,1,0,0,1,0,0,0,0,1,0,0,0,0,1,0,0,0
57,10.89,3,17.99,5,2.72,10.610000000000001,0,1,1,0,0,0,1,0,0,0,0,0,0,1,0,0,0,0,0,0,0,0,1,0
46,35.85,39,8.99,1,0.9,-2.25,0,0,0,0,1,0,0,0,0,0,0,0,1,0,0,0,0,0,0,0,0,0,1,0
65,8.06,24,8.99,4,0.32,-15.62,1,0,0,0,0,0,0,0,0,0,0,1,0,0,0,0,1,0,0,0,0,0,1,0
60,11.77,18,17.99,1,0.62,-5.610000000000001,0,1,1,0,0,0,0,0,1,1,0,0,0,1,0,0,0,1,0,0,0,0,0,0
47,2.25,53,17.99,2,0.04,-50.71,0,0,1,0,0,1,0,0,0,0,1,0,0,0,0,1,0,0,0,0,0,1,0,1
24,10.72,40,13.99,3,0.26,-29.02,0,1,0,1,1,0,0,0,0,0,0,1,0,0,1,0,0,1,0,0,0,0,0,1
21,2.77,8,13.99,4,0.31,-4.92,0,1,0,1,0,0,0,0,0,0,0,1,0,0,0,1,0,0,0,0,1,0,0,1
54,13.19,10,13.99,2,1.2,4.389999999999999,0,1,0,1,0,0,1,0,0,0,0,0,1,0,0,1,0,0,0,0,0,0,0,0
67,2.34,54,17.99,4,0.04,-51.62,0,0,1,0,0,0,0,0,1,0,1,0,0,0,0,0,0,0,1,0,0,0,0,1
67,16.71,9,17.99,4,1.67,9.380000000000003,0,1,1,0,0,1,0,0,0,0,0,1,0,1,0,0,0,0,0,0,0,1,0,0
37,4.12,28,17.99,1,0.14,-23.740000000000002,1,0,1,0,0,0,0,1,0,0,1,0,0,0,0,0,1,0,0,1,0,0,0,1
46,3.84,15,17.99,4,0.24,-10.92,1,0,1,0,0,0,0,0,0,0,1,0,0,0,0,0,1,0,1,0,0,0,0,0
37,17.29,49,8.99,3,0.35,-31.36,1,0,0,0,0,0,1,0,0,0,0,0,1,0,0,0,1,0,0,0,1,0,0,1
64,7.29,18,8.99,2,0.38,-10.33,1,0,0,0,1,0,0,0,0,1,0,0,0,0,0,0,1,0,0,0,0,0,1,0
64,54.34,9,13.99,3,5.43,50.77,1,0,0,1,1,0,0,0,0,0,0,0,0,0,1,0,0,0,1,0,0,0,0,0
50,2.05,59,8.99,5,0.03,-56.92,1,0,0,0,0,0,1,0,0,0,0,1,0,0,1,0,0,0,0,0,0,0,0,1
31,8.18,43,17.99,1,0.19,-34.63,0,1,1,0,0,1,0,0,0,0,0,0,0,0,0,0,1,0,0,0,1,0,0,1
44,1.75,52,8.99,5,0.03,-50.22,0,0,0,0,0,0,0,0,0,0,0,1,0,1,0,0,0,0,0,1,0,0,0,1
64,24.36,32,8.99,3,0.74,-6.900000000000002,1,0,0,0,0,0,0,1,0,1,0,0,0,1,0,0,0,0,0,0,0,0,1,0
54,5.07,20,13.99,5,0.24,-14.69,0,1,0,1,1,0,0,0,0,0,0,0,1,0,0,0,0,0,1,0,0,0,0,0
69,17.01,47,13.99,2,0.35,-29.639999999999997,1,0,0,1,0,0,0,0,1,1,0,0,0,1,0,0,0,0,0,1,0,0,0,1
65,0.14,16,8.99,1,0.01,-15.85,1,0,0,0,0,0,0,0,1,0,1,0,0,0,0,1,0,0,0,1,0,0,0,1
58,23.9,38,17.99,1,0.61,-13.490000000000002,0,1,1,0,0,0,1,0,0,0,0,1,0,0,1,0,0,0,0,0,0,1,0,0
21,4.12,35,17.99,2,0.11,-30.77,0,0,1,0,0,0,1,0,0,1,0,0,0,0,0,1,0,1,0,0,0,0,0,1
28,29.83,32,17.99,4,0.9,-1.2700000000000031,0,0,1,0,0,0,1,0,0,0,0,0,0,1,0,0,0,0,0,1,0,0,0,0
70,7.13,29,17.99,5,0.24,-21.63,0,0,1,0,0,0,0,0,0,0,0,0,0,0,0,0,1,0,0,0,0,0,0,0
69,9.77,12,8.99,3,0.75,-1.4800000000000004,0,1,0,0,0,0,0,1,0,0,0,0,0,0,0,0,0,0,0,0,0,1,0,0
28,13.44,20,8.99,1,0.64,-5.92,1,0,0,0,0,0,0,1,0,0,0,1,0,0,0,0,0,1,0,0,0,0,0,0
42,4.16,46,13.99,5,0.09,-41.75,0,0,0,1,1,0,0,0,0,1,0,0,0,0,1,0,0,0,0,0,1,0,0,1
27,0.4,9,8.99,5,0.04,-8.56,1,0,0,0,0,0,0,1,0,0,0,0,1,0,1,0,0,0,0,0,0,0,0,1
30,0.39,4,8.99,2,0.08,-3.53,1,0,0,0,0,0,0,0,0,0,1,0,0,0,0,0,0,1,0,0,0,0,0,1
41,1.06,30,8.99,4,0.03,-28.91,0,1,0,0,1,0,0,0,0,0,0,0,1,0,1,0,0,0,0,0,1,0,0,1
27,26.34,18,8.99,2,1.39,9.73,1,0,0,0,0,0,1,0,0,0,0,0,0,0,0,1,0,0,0,0,0,1,0,0
57,7.46,10,8.99,1,0.68,-1.8599999999999994,0,0,0,0,1,0,0,0,0,0,0,0,0,0,1,0,0,1,0,0,0,0,0,0
69,24.18,56,8.99,2,0.42,-31.4,1,0,0,0,0,1,0,0,0,1,0,0,0,0,0,1,0,0,0,0,0,1,0,1
38,15.01,11,8.99,3,1.25,5.259999999999998,1,0,0,0,0,0,0,0,1,0,0,1,0,0,1,0,0,0,1,0,0,0,0,0
55,3.72,54,17.99,5,0.07,-50.21,0,0,1,0,0,0,1,0,0,1,0,0,0,1,0,0,0,0,0,0,0,0,0,1
26,0.11,55,8.99,4,0.0,-54.89,0,0,0,0,0,0,0,0,1,1,0,0,0,1,0,0,0,0,0,0,0,0,1,1
31,7.69,57,8.99,2,0.13,-49.18,1,0,0,0,0,0,0,0,0,0,0,0,0,0,1,0,0,1,0,0,0,0,0,1
36,3.89,37,13.99,3,0.1,-33.01,0,1,0,1,0,0,0,0,1,0,0,1,0,1,0,0,0,0,0,0,0,1,0,1
70,13.74,44,8.99,3,0.31,-29.95,0,1,0,0,0,0,0,0,1,0,1,0,0,0,0,0,1,0,0,0,0,1,0,1
49,18.55,50,17.99,3,0.36,-31.09,0,1,1,0,0,0,1,0,0,0,0,1,0,1,0,0,0,0,0,0,0,0,1,1
47,13.27,26,13.99,3,0.49,-12.24,0,0,0,1,0,0,0,1,0,1,0,0,0,0,0,0,0,0,1,0,0,0,0,0
31,15.37,4,13.99,3,3.07,14.439999999999998,0,1,0,1,0,0,0,0,1,1,0,0,0,1,0,0,0,1,0,0,0,0,0,0
40,3.0,0,8.99,4,3.0,6.0,0,0,0,0,0,0,0,1,0,1,0,0,0,0,1,0,0,0,0,1,0,0,0,0
69,9.43,1,13.99,3,4.71,13.14,0,0,0,1,0,1,0,0,0,0,0,0,0,0,0,0,0,0,0,0,0,0,0,0
19,5.62,13,8.99,4,0.4,-6.9799999999999995,0,1,0,0,0,1,0,0,0,0,0,1,0,0,0,0,1,0,0,1,0,0,0,0
30,4.62,46,13.99,3,0.1,-41.28,1,0,0,1,0,1,0,0,0,1,0,0,0,0,0,0,1,0,0,0,0,0,0,1
29,26.48,53,8.99,3,0.49,-26.03,1,0,0,0,0,0,0,0,0,0,1,0,0,0,1,0,0,0,0,0,0,1,0,1
62,24.14,2,13.99,4,8.05,30.189999999999998,0,0,0,1,0,0,0,0,0,0,0,0,0,1,0,0,0,0,0,0,1,0,0,0
38,12.49,38,17.99,1,0.32,-25.189999999999998,0,0,1,0,0,0,0,1,0,0,0,1,0,0,0,0,0,0,0,0,0,0,1,1
47,37.49,56,17.99,5,0.66,-17.85,1,0,1,0,0,0,0,0,1,0,0,0,1,1,0,0,0,0,0,0,0,0,1,0
64,31.88,16,17.99,4,1.88,17.759999999999998,0,0,1,0,0,1,0,0,0,0,1,0,0,0,0,0,1,1,0,0,0,0,0,0
21,3.13,53,17.99,4,0.06,-49.81,1,0,1,0,1,0,0,0,0,0,1,0,0,0,0,1,0,0,0,1,0,0,0,1
22,11.2,14,8.99,4,0.75,-2.0500000000000007,0,0,0,0,0,0,0,0,0,0,0,0,1,0,0,1,0,0,0,0,1,0,0,0
60,14.41,41,17.99,4,0.34,-26.25,0,1,1,0,0,0,1,0,0,0,0,0,1,0,1,0,0,0,0,0,0,0,1,0
27,7.92,9,17.99,5,0.79,-0.28999999999999915,1,0,1,0,0,0,0,0,1,0,0,0,0,0,1,0,0,0,0,0,1,0,0,0
36,9.02,32,8.99,2,0.27,-22.71,0,0,0,0,0,1,0,0,0,0,0,0,1,0,0,0,1,0,0,0,0,0,1,1
22,5.59,57,8.99,3,0.1,-51.31,0,0,0,0,0,0,0,0,1,0,0,0,0,0,0,1,0,0,0,0,0,0,0,1
43,3.17,30,8.99,4,0.1,-26.73,0,0,0,0,0,0,1,0,0,1,0,0,0,0,0,0,1,0,0,0,0,1,0,1
50,26.57,34,13.99,5,0.76,-6.669999999999998,0,1,0,1,0,0,0,0,0,0,1,0,0,0,0,0,0,0,1,0,0,0,0,0
67,7.17,41,8.99,4,0.17,-33.66,1,0,0,0,0,1,0,0,0,0,0,1,0,1,0,0,0,1,0,0,0,0,0,1
59,19.86,37,17.99,3,0.52,-16.62,0,0,1,0,0,1,0,0,0,0,1,0,0,0,0,1,0,0,0,0,0,0,1,0
33,40.05,47,8.99,5,0.83,-6.1200000000000045,0,1,0,0,0,1,0,0,0,0,0,0,1,1,0,0,0,0,0,0,1,0,0,0
50,8.9,42,13.99,3,0.21,-32.89,1,0,0,1,0,0,0,1,0,0,0,0,0,0,0,1,0,0,0,0,1,0,0,1
55,22.18,29,8.99,3,0.74,-6.080000000000002,0,1,0,0,0,0,0,1,0,0,1,0,0,0,0,0,0,0,0,0,0,0,0,0
46,4.38,37,13.99,4,0.12,-32.5,0,0,0,1,0,0,1,0,0,0,0,0,1,1,0,0,0,0,0,0,0,1,0,1
51,12.08,41,8.99,5,0.29,-28.630000000000003,0,0,0,0,0,0,1,0,0,0,1,0,0,0,1,0,0,0,0,0,1,0,0,1
67,6.7,30,17.99,5,0.22,-23.08,0,1,1,0,0,0,0,0,0,0,1,0,0,0,0,0,0,1,0,0,0,0,0,0
44,9.03,49,8.99,2,0.18,-39.79,0,0,0,0,0,0,0,1,0,0,0,0,0,0,0,0,0,0,1,0,0,0,0,1
58,4.69,49,13.99,1,0.09,-44.22,0,1,0,1,0,0,0,0,0,0,0,1,0,1,0,0,0,0,0,0,0,1,0,1
59,7.17,31,8.99,3,0.22,-23.61,0,1,0,0,0,0,0,0,1,0,1,0,0,0,0,1,0,0,0,0,1,0,0,1
22,25.18,39,8.99,5,0.63,-13.190000000000001,0,1,0,0,0,0,0,1,0,0,0,1,0,0,1,0,0,0,0,0,0,0,0,0
44,7.25,19,8.99,1,0.36,-11.39,0,0,0,0,0,0,0,1,0,0,0,0,0,0,0,0,0,0,0,0,1,0,0,1
63,1.43,57,17.99,5,0.02,-55.55,1,0,1,0,1,0,0,0,0,0,0,1,0,0,0,1,0,1,0,0,0,0,0,1
57,2.34,0,13.99,5,2.34,4.68,1,0,0,1,0,0,1,0,0,0,0,0,0,0,1,0,0,0,0,0,0,0,1,0
43,14.21,11,17.99,3,1.18,4.390000000000001,1,0,1,0,0,0,0,0,1,0,0,1,0,0,0,0,1,0,0,0,1,0,0,0
55,5.36,42,13.99,5,0.12,-36.519999999999996,0,0,0,1,0,0,0,0,0,0,0,0,0,0,1,0,0,0,0,0,1,0,0,0
19,5.42,60,13.99,1,0.09,-54.49,0,0,0,1,0,0,1,0,0,0,0,1,0,0,0,0,0,1,0,0,0,0,0,1
64,11.09,26,17.99,5,0.41,-14.5,0,1,1,0,0,0,0,0,0,0,0,0,0,0,1,0,0,0,0,1,0,0,0,0
61,1.91,52,17.99,1,0.04,-50.05,0,0,1,0,0,0,1,0,0,0,0,1,0,0,1,0,0,0,0,0,0,1,0,1
44,1.22,24,17.99,3,0.05,-22.73,1,0,1,0,0,0,0,1,0,0,0,0,1,1,0,0,0,0,0,0,1,0,0,1
40,3.21,58,13.99,2,0.05,-54.74,0,0,0,1,0,1,0,0,0,0,0,0,0,0,0,0,1,0,0,0,0,0,0,1
33,13.21,21,13.99,4,0.6,-7.1899999999999995,0,0,0,1,0,0,0,1,0,0,0,0,1,0,1,0,0,1,0,0,0,0,0,0
47,8.01,11,13.99,4,0.67,-2.3200000000000003,0,1,0,1,0,1,0,0,0,0,1,0,0,0,0,1,0,0,0,0,1,0,0,0
48,6.53,55,17.99,2,0.12,-48.35,0,1,1,0,1,0,0,0,0,0,1,0,0,0,0,1,0,0,1,0,0,0,0,1
69,20.61,37,8.99,5,0.54,-15.850000000000001,0,0,0,0,0,0,0,0,1,0,0,0,1,1,0,0,0,0,0,0,0,1,0,0
37,6.29,16,8.99,2,0.37,-9.34,0,1,0,0,0,0,0,0,0,0,0,0,1,0,1,0,0,0,0,1,0,0,0,0
36,2.06,24,13.99,1,0.08,-21.86,0,0,0,1,0,0,0,0,0,1,0,0,0,1,0,0,0,0,0,0,0,1,0,1
25,0.57,53,17.99,4,0.01,-52.42,0,1,1,0,0,0,1,0,0,0,1,0,0,0,0,0,1,0,0,0,0,1,0,1
37,9.34,43,8.99,3,0.21,-33.45,1,0,0,0,1,0,0,0,0,0,0,0,1,1,0,0,0,0,0,0,0,0,1,1
54,3.6,39,13.99,3,0.09,-35.31,1,0,0,1,0,0,1,0,0,0,1,0,0,0,0,0,0,0,0,1,0,0,0,1
67,2.24,34,17.99,2,0.06,-31.7,1,0,1,0,0,0,0,0,0,0,0,1,0,1,0,0,0,0,0,0,0,0,0,1
63,3.8,57,13.99,3,0.07,-53.13,0,1,0,1,0,0,1,0,0,0,0,1,0,1,0,0,0,0,0,0,0,0,0,1
69,32.42,43,8.99,3,0.74,-9.839999999999996,0,1,0,0,0,0,1,0,0,0,0,0,0,0,0,0,0,0,0,0,0,0,0,0
45,42.32,30,8.99,4,1.37,13.689999999999998,0,0,0,0,1,0,0,0,0,0,0,1,0,1,0,0,0,0,1,0,0,0,0,0
68,3.68,53,13.99,3,0.07,-49.25,0,1,0,1,0,0,0,0,1,0,0,0,1,0,0,0,0,0,0,0,1,0,0,1
20,2.97,35,13.99,2,0.08,-31.95,1,0,0,1,0,0,0,0,1,0,0,1,0,0,0,0,1,0,0,0,0,1,0,1
18,28.66,0,13.99,5,28.66,57.32,1,0,0,1,0,0,0,1,0,0,0,0,0,0,0,1,0,0,0,1,0,0,0,0
26,2.0,11,13.99,3,0.17,-8.83,0,1,0,1,0,0,0,0,0,0,0,0,0,0,0,0,1,0,1,0,0,0,0,1
59,5.65,37,8.99,2,0.15,-31.2,0,1,0,0,0,0,0,0,0,0,0,0,1,0,1,0,0,1,0,0,0,0,0,1
36,22.32,55,17.99,3,0.4,-32.28,1,0,1,0,1,0,0,0,0,0,0,1,0,0,0,1,0,0,0,1,0,0,0,0
51,9.53,23,17.99,2,0.4,-13.07,0,1,1,0,0,0,0,1,0,1,0,0,0,0,0,0,0,1,0,0,0,0,0,0
44,21.72,0,8.99,2,21.72,43.44,1,0,0,0,1,0,0,0,0,0,0,0,1,1,0,0,0,0,1,0,0,0,0,0
57,1.22,8,8.99,5,0.14,-6.640000000000001,0,0,0,0,0,0,0,1,0,0,0,1,0,0,0,0,0,0,0,0,1,0,0,1
24,6.21,25,17.99,4,0.24,-18.55,0,1,1,0,0,0,0,0,1,0,0,0,0,0,0,0,1,0,0,0,1,0,0,0
54,22.73,39,17.99,5,0.57,-15.7,0,0,1,0,0,1,0,0,0,0,0,1,0,0,0,0,1,0,0,0,0,0,1,0
63,0.24,21,8.99,5,0.01,-20.75,1,0,0,0,0,1,0,0,0,1,0,0,0,0,0,0,0,0,0,0,0,0,0,1
20,11.07,23,13.99,1,0.46,-11.469999999999999,0,1,0,1,0,0,1,0,0,1,0,0,0,0,0,0,1,0,0,0,1,0,0,0
37,11.8,23,13.99,3,0.49,-10.709999999999999,0,0,0,1,0,0,0,0,0,1,0,0,0,0,1,0,0,1,0,0,0,0,0,0
66,7.95,47,13.99,2,0.17,-38.879999999999995,1,0,0,1,1,0,0,0,0,0,0,0,0,0,0,1,0,0,1,0,0,0,0,1
36,4.34,57,13.99,3,0.07,-52.59,1,0,0,1,0,0,0,0,1,1,0,0,0,0,1,0,0,0,0,0,0,1,0,1
35,12.01,5,17.99,4,2.0,9.01,0,0,1,0,1,0,0,0,0,0,1,0,0,0,1,0,0,0,0,0,1,0,0,0
51,89.83,53,8.99,5,1.66,38.489999999999995,1,0,0,0,0,0,0,0,1,1,0,0,0,0,0,1,0,0,0,1,0,0,0,0
22,0.79,17,17.99,4,0.04,-16.17,0,0,1,0,0,0,1,0,0,0,1,0,0,1,0,0,0,0,0,0,1,0,0,1
19,13.89,30,13.99,3,0.45,-15.66,0,0,0,1,1,0,0,0,0,0,0,0,0,1,0,0,0,0,0,0,0,0,1,0
58,20.1,25,8.99,2,0.77,-4.129999999999999,0,1,0,0,0,0,0,0,1,0,1,0,0,0,0,0,1,0,0,0,0,0,0,0
37,0.44,35,13.99,2,0.01,-34.55,0,1,0,1,0,0,0,0,0,0,0,1,0,0,0,1,0,0,0,0,1,0,0,1
34,13.6,1,8.99,2,6.8,19.4,0,0,0,0,0,0,1,0,0,0,1,0,0,0,1,0,0,0,0,0,0,1,0,0
47,2.57,10,8.99,5,0.23,-7.2,0,0,0,0,0,0,0,0,1,0,0,0,1,0,0,1,0,0,0,0,0,0,1,1
26,16.34,5,17.99,2,2.72,14.059999999999999,1,0,1,0,1,0,0,0,0,0,0,1,0,0,0,0,0,0,0,1,0,0,0,0
35,14.78,24,8.99,4,0.59,-8.63,0,1,0,0,1,0,0,0,0,0,1,0,0,1,0,0,0,0,0,0,0,0,1,0
41,2.14,59,13.99,1,0.04,-56.82,0,1,0,1,0,0,1,0,0,0,0,0,0,0,0,0,0,0,0,0,1,0,0,1
65,0.71,54,8.99,3,0.01,-53.28,1,0,0,0,0,0,0,1,0,1,0,0,0,1,0,0,0,0,1,0,0,0,0,1
63,45.68,52,17.99,1,0.86,-5.460000000000001,1,0,1,0,0,0,0,0,1,0,0,0,0,0,0,1,0,0,0,0,0,0,1,0
54,2.91,26,13.99,5,0.11,-22.98,0,1,0,1,0,1,0,0,0,1,0,0,0,0,0,1,0,0,1,0,0,0,0,1
26,3.81,41,13.99,4,0.09,-37.1,1,0,0,1,0,0,0,0,1,0,0,1,0,1,0,0,0,0,1,0,0,0,0,1
69,11.8,53,17.99,5,0.22,-40.98,1,0,1,0,0,0,0,1,0,0,0,0,1,1,0,0,0,1,0,0,0,0,0,1
45,9.77,16,8.99,2,0.57,-5.66,0,0,0,0,1,0,0,0,0,1,0,0,0,0,0,1,0,0,0,0,0,1,0,0
18,0.33,28,8.99,3,0.01,-27.66,0,0,0,0,0,0,0,1,0,0,0,0,1,0,0,0,1,0,0,0,0,0,0,1
30,7.51,45,13.99,3,0.16,-37.33,0,1,0,1,0,1,0,0,0,0,0,0,1,1,0,0,0,0,0,0,1,0,0,1
58,24.06,38,17.99,5,0.62,-13.32,0,0,1,0,0,0,1,0,0,0,1,0,0,0,0,0,1,0,0,0,1,0,0,0
37,8.25,4,13.99,1,1.65,5.9,0,1,0,1,0,0,1,0,0,1,0,0,0,0,0,0,1,0,0,0,1,0,0,0
18,0.27,20,13.99,1,0.01,-19.72,0,0,0,1,0,0,0,1,0,0,0,0,0,0,0,0,0,1,0,0,0,0,0,1
57,0.98,59,17.99,2,0.02,-58.0,0,0,1,0,0,0,0,0,0,1,0,0,0,0,1,0,0,0,1,0,0,0,0,1
59,0.1,20,17.99,1,0.0,-19.9,0,0,1,0,0,0,1,0,0,1,0,0,0,1,0,0,0,0,0,0,0,0,1,1
29,8.13,17,17.99,2,0.45,-8.42,0,1,1,0,0,0,0,1,0,0,0,1,0,0,0,0,0,0,0,0,0,0,1,0
66,3.46,44,13.99,4,0.08,-40.46,1,0,0,1,0,0,0,1,0,0,0,0,1,1,0,0,0,1,0,0,0,0,0,1
55,2.74,44,8.99,4,0.06,-41.2,1,0,0,0,0,0,0,0,1,1,0,0,0,0,0,0,0,0,1,0,0,0,0,1
39,21.09,57,17.99,2,0.36,-35.55,1,0,1,0,0,0,1,0,0,1,0,0,0,0,0,1,0,0,0,1,0,0,0,0
51,4.43,9,17.99,3,0.44,-4.13,0,1,1,0,0,0,0,0,1,1,0,0,0,0,0,1,0,0,0,0,1,0,0,1
57,1.41,11,13.99,5,0.12,-9.47,0,0,0,1,0,1,0,0,0,0,0,0,1,0,0,0,1,0,0,0,0,1,0,0
48,3.04,20,8.99,2,0.14,-16.82,0,1,0,0,0,1,0,0,0,0,1,0,0,0,1,0,0,0,0,0,0,0,0,1
26,4.66,38,17.99,5,0.12,-33.22,0,0,1,0,0,0,0,0,1,1,0,0,0,0,1,0,0,0,1,0,0,0,0,1
34,18.39,53,8.99,1,0.34,-34.269999999999996,0,0,0,0,0,0,0,1,0,1,0,0,0,0,1,0,0,0,0,0,0,0,0,1
18,3.03,22,13.99,5,0.13,-18.84,1,0,0,1,0,0,0,1,0,0,0,0,1,0,0,1,0,0,0,0,0,0,0,1
51,6.65,2,8.99,4,2.22,6.870000000000001,1,0,0,0,0,0,1,0,0,0,0,1,0,0,0,0,1,0,0,0,1,0,0,0
55,7.22,3,8.99,2,1.8,6.02,1,0,0,0,0,0,1,0,0,0,0,0,1,0,0,1,0,0,0,0,0,1,0,0
20,1.81,0,8.99,3,1.81,3.62,1,0,0,0,0,0,0,0,0,0,1,0,0,0,0,0,0,0,0,0,0,0,1,0
21,27.46,43,17.99,2,0.62,-14.919999999999998,0,1,1,0,0,0,1,0,0,0,0,0,1,0,0,1,0,0,1,0,0,0,0,0
70,18.36,46,8.99,2,0.39,-27.25,0,1,0,0,0,0,1,0,0,1,0,0,0,0,0,1,0,0,0,0,1,0,0,1
70,1.26,20,8.99,5,0.06,-18.68,0,0,0,0,0,0,0,0,0,0,0,1,0,0,1,0,0,0,0,1,0,0,0,1
66,0.29,2,13.99,2,0.1,-1.6099999999999999,1,0,0,1,0,0,0,1,0,1,0,0,0,0,0,1,0,0,0,0,0,0,0,1
55,13.7,59,17.99,3,0.23,-45.07,0,0,1,0,0,0,0,0,1,0,0,0,0,0,0,0,1,0,0,0,0,0,0,1
28,2.25,30,13.99,3,0.07,-27.68,0,0,0,1,0,0,0,0,1,1,0,0,0,1,0,0,0,0,0,0,0,0,0,1
47,7.74,25,17.99,1,0.3,-16.96,0,1,1,0,0,0,0,0,0,0,0,0,0,0,1,0,0,0,1,0,0,0,0,0
38,7.99,27,8.99,3,0.29,-18.72,0,0,0,0,0,0,0,0,1,0,1,0,0,0,0,0,0,1,0,0,0,0,0,0
63,26.2,52,17.99,2,0.49,-25.310000000000002,0,1,1,0,0,0,1,0,0,1,0,0,0,0,0,1,0,0,0,0,1,0,0,0
29,8.15,13,13.99,2,0.58,-4.27,0,1,0,1,0,0,1,0,0,0,0,1,0,1,0,0,0,0,0,1,0,0,0,0
39,4.84,0,17.99,2,4.84,9.68,1,0,1,0,0,0,0,0,0,1,0,0,0,0,1,0,0,1,0,0,0,0,0,0
23,0.6,6,8.99,3,0.09,-5.3100000000000005,1,0,0,0,0,0,0,1,0,0,0,0,0,0,0,0,1,0,1,0,0,0,0,1
58,10.42,6,8.99,2,1.49,5.91,0,0,0,0,0,0,0,1,0,0,0,0,1,0,1,0,0,0,1,0,0,0,0,0
26,2.35,25,13.99,5,0.09,-22.56,1,0,0,1,0,0,0,1,0,0,0,0,1,0,0,0,1,0,0,0,0,1,0,0
63,3.17,14,17.99,5,0.21,-10.620000000000001,1,0,1,0,0,0,0,1,0,0,0,0,1,0,0,1,0,1,0,0,0,0,0,1
37,24.13,31,17.99,2,0.75,-6.120000000000001,1,0,1,0,0,0,0,0,1,0,0,1,0,1,0,0,0,0,0,0,0,0,0,0
48,3.84,23,13.99,1,0.16,-19.0,0,0,0,1,0,0,0,0,1,0,0,0,1,1,0,0,0,0,0,0,0,1,0,1
32,14.31,43,17.99,5,0.33,-28.36,0,1,1,0,0,1,0,0,0,0,0,0,0,0,0,0,0,0,0,0,1,0,0,0
64,6.74,46,8.99,5,0.14,-39.12,0,0,0,0,0,0,1,0,0,0,0,0,1,0,0,0,0,0,1,0,0,0,0,1
47,10.89,48,8.99,5,0.22,-36.89,0,0,0,0,0,0,0,1,0,0,1,0,0,0,1,0,0,1,0,0,0,0,0,1
48,21.16,28,13.99,5,0.73,-6.109999999999999,0,0,0,1,0,0,0,0,1,0,1,0,0,0,0,0,1,1,0,0,0,0,0,0
44,22.22,42,8.99,5,0.52,-19.26,0,1,0,0,1,0,0,0,0,0,0,0,1,0,0,1,0,1,0,0,0,0,0,0
44,27.08,16,13.99,3,1.59,12.669999999999998,1,0,0,1,1,0,0,0,0,0,0,0,0,1,0,0,0,0,0,0,1,0,0,0
49,7.69,2,8.99,1,2.56,8.25,0,0,0,0,0,0,0,0,0,0,1,0,0,0,0,1,0,1,0,0,0,0,0,0
60,15.01,20,8.99,1,0.71,-4.280000000000001,0,0,0,0,0,0,0,0,1,0,1,0,0,1,0,0,0,0,0,0,0,0,1,0
61,12.59,11,17.99,5,1.05,2.6400000000000006,0,1,1,0,0,0,1,0,0,0,0,1,0,1,0,0,0,0,0,0,0,1,0,0
68,6.43,38,8.99,3,0.16,-31.41,0,0,0,0,1,0,0,0,0,0,0,0,0,1,0,0,0,1,0,0,0,0,0,1
55,22.74,5,13.99,3,3.79,21.529999999999998,1,0,0,1,0,1,0,0,0,0,1,0,0,0,0,0,1,0,0,0,1,0,0,0
54,10.36,50,17.99,5,0.2,-39.44,1,0,1,0,0,1,0,0,0,0,0,1,0,0,0,0,0,0,0,0,0,0,1,0
29,0.65,12,8.99,3,0.05,-11.3,0,0,0,0,0,1,0,0,0,0,0,0,1,1,0,0,0,0,0,1,0,0,0,1
56,0.85,29,17.99,5,0.03,-28.12,0,1,1,0,0,0,0,1,0,0,0,1,0,1,0,0,0,0,0,0,0,0,1,1
18,6.61,50,17.99,2,0.13,-43.26,0,1,1,0,0,0,0,0,1,1,0,0,0,0,0,1,0,0,0,0,1,0,0,1
26,5.59,1,13.99,3,2.79,7.379999999999999,0,1,0,1,0,0,1,0,0,0,0,0,1,0,1,0,0,0,0,0,0,1,0,0
24,2.65,32,13.99,4,0.08,-29.27,1,0,0,1,0,0,0,0,1,0,0,1,0,0,0,0,0,0,0,1,0,0,0,1
26,10.62,60,13.99,5,0.17,-49.21,1,0,0,1,0,0,0,0,1,0,1,0,0,0,1,0,0,0,0,0,0,0,0,0
47,4.22,12,13.99,3,0.32,-7.46,1,0,0,1,0,0,0,0,1,0,1,0,0,0,1,0,0,0,0,1,0,0,0,1
59,7.33,21,13.99,4,0.33,-13.34,1,0,0,1,0,0,0,1,0,0,1,0,0,0,0,0,1,0,1,0,0,0,0,0
25,9.92,3,13.99,5,2.48,9.4,0,1,0,1,0,1,0,0,0,0,0,0,1,1,0,0,0,0,0,0,1,0,0,0
35,9.51,2,17.99,1,3.17,10.68,1,0,1,0,0,0,0,1,0,0,0,0,0,0,0,1,0,0,0,0,1,0,0,0
37,23.55,17,8.99,2,1.31,7.859999999999999,0,1,0,0,0,1,0,0,0,0,1,0,0,1,0,0,0,1,0,0,0,0,0,0
27,3.4,46,13.99,1,0.07,-42.53,0,0,0,1,0,0,0,0,0,1,0,0,0,0,0,0,1,0,0,0,0,0,0,1
54,3.47,31,13.99,5,0.11,-27.42,0,1,0,1,0,0,0,0,0,1,0,0,0,0,0,0,1,0,1,0,0,0,0,1
66,0.06,58,13.99,2,0.0,-57.94,0,0,0,1,0,1,0,0,0,0,1,0,0,0,0,0,1,0,1,0,0,0,0,1
64,31.14,39,13.99,3,0.78,-7.079999999999998,0,0,0,1,0,0,0,1,0,1,0,0,0,0,1,0,0,0,1,0,0,0,0,0
38,5.61,12,8.99,2,0.43,-5.96,0,0,0,0,0,0,0,0,1,0,0,0,0,0,0,1,0,0,0,1,0,0,0,1
53,3.74,21,13.99,3,0.17,-17.09,1,0,0,1,0,0,0,0,0,1,0,0,0,0,1,0,0,0,0,0,0,1,0,1
51,0.46,7,17.99,2,0.06,-6.48,0,0,1,0,0,0,0,0,0,0,0,1,0,0,0,0,1,0,0,1,0,0,0,1
69,4.88,29,8.99,1,0.16,-23.96,1,0,0,0,0,0,0,0,1,0,0,0,0,0,0,0,1,1,0,0,0,0,0,1
61,8.85,13,13.99,2,0.63,-3.5199999999999996,1,0,0,1,0,0,0,0,0,0,0,0,1,1,0,0,0,1,0,0,0,0,0,0
18,4.91,44,8.99,1,0.11,-38.98,1,0,0,0,0,0,0,0,0,0,0,0,1,0,0,1,0,0,0,0,0,1,0,1
31,2.82,51,8.99,2,0.05,-48.13,0,0,0,0,0,0,1,0,0,0,0,0,0,0,0,0,0,0,0,0,0,0,0,1
29,2.22,34,13.99,4,0.06,-31.72,0,1,0,1,0,0,1,0,0,0,0,0,1,0,1,0,0,0,0,0,0,0,0,1
45,9.28,34,17.99,2,0.27,-24.450000000000003,0,0,1,0,0,1,0,0,0,1,0,0,0,0,0,0,0,0,0,0,1,0,0,1
41,10.7,50,17.99,5,0.21,-39.09,1,0,1,0,0,0,0,0,1,0,0,0,1,0,0,0,1,0,0,1,0,0,0,0
69,9.95,34,8.99,4,0.28,-23.770000000000003,0,0,0,0,0,0,0,0,0,1,0,0,0,1,0,0,0,0,1,0,0,0,0,1
33,2.31,46,13.99,1,0.05,-43.64,1,0,0,1,1,0,0,0,0,0,0,0,1,0,0,0,0,0,0,0,0,0,1,1
55,2.59,17,17.99,5,0.14,-14.27,0,0,1,0,0,0,1,0,0,0,1,0,0,0,0,0,1,0,0,1,0,0,0,0
34,14.62,47,17.99,5,0.3,-32.08,0,0,1,0,0,0,1,0,0,0,0,0,1,1,0,0,0,0,0,1,0,0,0,1
68,2.39,47,8.99,5,0.05,-44.56,0,1,0,0,0,0,0,1,0,0,1,0,0,0,0,0,0,0,0,0,0,0,1,1
32,26.07,37,8.99,2,0.69,-10.239999999999998,1,0,0,0,0,0,0,1,0,1,0,0,0,0,0,0,0,0,0,1,0,0,0,0
64,15.08,36,8.99,3,0.41,-20.509999999999998,1,0,0,0,0,1,0,0,0,0,0,0,0,0,0,0,0,0,0,0,0,1,0,1
44,47.4,9,8.99,5,4.74,43.14,0,0,0,0,0,0,1,0,0,0,0,0,0,0,1,0,0,0,0,0,0,1,0,0
29,0.53,13,13.99,3,0.04,-12.43,0,1,0,1,0,0,0,0,0,0,0,0,0,0,1,0,0,0,0,0,0,0,0,1
40,2.24,9,8.99,2,0.22,-6.539999999999999,1,0,0,0,0,0,0,1,0,0,0,0,0,0,1,0,0,0,0,1,0,0,0,1
57,6.73,51,8.99,1,0.13,-44.14,0,1,0,0,0,0,1,0,0,0,0,0,0,0,1,0,0,0,0,0,0,1,0,1
47,12.6,52,17.99,5,0.24,-39.16,0,1,1,0,0,0,0,0,0,0,0,1,0,1,0,0,0,0,0,0,0,0,1,1
31,0.21,16,13.99,1,0.01,-15.78,0,1,0,1,0,0,0,0,0,1,0,0,0,0,1,0,0,0,0,1,0,0,0,1
66,19.19,40,17.99,3,0.47,-20.34,0,0,1,0,0,0,0,0,0,0,0,0,0,0,0,0,0,0,1,0,0,0,0,1
32,5.09,37,17.99,5,0.13,-31.78,0,1,1,0,0,0,0,1,0,0,0,0,0,0,0,0,0,0,0,1,0,0,0,0
55,1.63,52,17.99,1,0.03,-50.34,0,1,1,0,0,0,0,0,0,0,0,0,1,0,0,1,0,0,0,0,0,0,0,1
48,4.59,55,8.99,1,0.08,-50.33,0,0,0,0,0,0,0,0,1,0,0,0,1,0,1,0,0,0,0,1,0,0,0,1
66,2.29,52,17.99,2,0.04,-49.67,0,0,1,0,0,1,0,0,0,0,0,0,0,1,0,0,0,0,0,0,0,1,0,1
60,2.09,14,17.99,2,0.14,-11.77,0,0,1,0,0,0,1,0,0,1,0,0,0,0,0,1,0,1,0,0,0,0,0,1
34,27.92,35,17.99,4,0.78,-6.299999999999997,1,0,1,0,0,0,0,0,0,0,0,1,0,1,0,0,0,0,0,0,1,0,0,0
38,32.69,7,13.99,4,4.09,29.78,0,1,0,1,1,0,0,0,0,0,0,0,1,0,0,1,0,0,1,0,0,0,0,0
22,1.78,17,17.99,4,0.1,-15.12,1,0,1,0,0,0,0,0,0,0,0,0,0,0,0,1,0,0,1,0,0,0,0,1
24,8.27,14,8.99,3,0.55,-5.18,0,0,0,0,0,0,0,0,0,0,0,1,0,0,0,0,0,0,0,0,0,0,1,0
65,10.38,10,13.99,4,0.94,1.3200000000000003,0,1,0,1,0,0,0,1,0,0,0,0,0,0,0,0,1,0,0,0,1,0,0,0
41,10.81,44,17.99,3,0.24,-32.95,1,0,1,0,0,0,0,0,1,0,0,0,1,0,0,1,0,0,1,0,0,0,0,1
20,2.86,34,17.99,3,0.08,-31.06,0,1,1,0,0,0,0,0,0,1,0,0,0,0,0,0,0,0,0,0,0,1,0,1
50,7.96,51,17.99,5,0.15,-42.89,1,0,1,0,0,0,0,1,0,0,0,0,1,0,0,1,0,0,0,0,1,0,0,1
38,29.16,46,13.99,5,0.62,-16.22,0,1,0,1,0,0,1,0,0,0,0,0,1,1,0,0,0,0,0,1,0,0,0,0
30,12.11,25,8.99,4,0.47,-12.42,0,0,0,0,0,0,0,1,0,0,0,1,0,0,0,1,0,0,0,0,0,1,0,0
35,14.42,30,17.99,2,0.47,-15.11,0,0,1,0,0,0,0,0,1,0,0,1,0,0,0,1,0,0,0,0,0,0,0,0
35,1.91,38,13.99,2,0.05,-36.04,1,0,0,1,1,0,0,0,0,0,0,0,0,0,1,0,0,0,0,1,0,0,0,1
59,9.49,42,17.99,2,0.22,-32.29,1,0,1,0,0,0,0,1,0,0,0,0,0,0,1,0,0,0,0,0,0,0,0,1
27,2.83,37,17.99,2,0.07,-34.1,1,0,1,0,0,0,0,1,0,0,0,0,1,0,0,1,0,0,0,0,0,0,0,1
22,0.72,49,13.99,5,0.01,-48.27,0,1,0,1,0,0,0,0,0,0,0,0,0,0,0,1,0,0,0,0,1,0,0,1
23,5.48,16,17.99,1,0.32,-10.2,0,0,1,0,0,1,0,0,0,0,0,0,1,0,1,0,0,0,0,1,0,0,0,0
24,5.28,55,8.99,4,0.09,-49.63,0,1,0,0,0,0,0,0,1,0,0,0,1,0,0,0,0,0,0,0,1,0,0,1
20,8.96,34,13.99,1,0.26,-24.78,0,1,0,1,0,0,0,0,0,0,0,0,1,0,0,1,0,1,0,0,0,0,0,1
19,14.47,27,17.99,2,0.52,-12.01,1,0,1,0,1,0,0,0,0,0,1,0,0,1,0,0,0,0,0,0,0,0,0,0
27,1.44,48,17.99,1,0.03,-46.53,0,1,1,0,1,0,0,0,0,1,0,0,0,0,0,0,0,0,0,0,0,0,1,1
33,16.3,11,13.99,2,1.36,6.66,0,1,0,1,0,1,0,0,0,0,0,0,1,0,0,1,0,0,0,0,0,0,1,0
21,8.58,44,8.99,2,0.19,-35.230000000000004,1,0,0,0,0,0,0,0,1,0,0,1,0,1,0,0,0,0,0,0,0,0,1,1
61,6.67,6,13.99,1,0.95,1.62,0,0,0,1,0,0,0,0,1,0,0,0,1,0,0,1,0,0,0,0,0,0,1,0
67,35.37,27,8.99,4,1.26,9.629999999999995,0,0,0,0,0,0,0,0,1,0,0,0,0,0,1,0,0,0,0,0,0,0,1,0
18,3.57,50,13.99,4,0.07,-46.36,1,0,0,1,0,0,0,0,0,0,0,0,0,0,1,0,0,0,0,0,1,0,0,1
25,33.04,37,17.99,2,0.87,-3.0900000000000034,0,0,1,0,1,0,0,0,0,0,0,0,1,1,0,0,0,0,0,0,1,0,0,0
48,6.44,40,8.99,5,0.16,-33.4,1,0,0,0,1,0,0,0,0,0,0,0,0,1,0,0,0,0,1,0,0,0,0,1
60,10.1,28,13.99,5,0.35,-17.55,0,1,0,1,0,0,1,0,0,0,1,0,0,1,0,0,0,0,0,0,0,1,0,0
50,3.37,3,8.99,3,0.84,1.21,0,1,0,0,0,0,0,0,1,0,1,0,0,0,0,0,0,0,1,0,0,0,0,0
43,16.44,60,13.99,4,0.27,-43.29,1,0,0,1,0,0,0,0,0,1,0,0,0,0,0,1,0,0,0,1,0,0,0,1
26,11.12,2,13.99,4,3.71,12.829999999999998,1,0,0,1,1,0,0,0,0,0,0,1,0,0,1,0,0,0,0,0,1,0,0,0
25,11.67,17,17.99,4,0.65,-4.68,0,0,1,0,0,0,0,0,0,0,0,0,0,0,0,1,0,0,0,0,0,0,1,0
26,10.54,27,8.99,1,0.38,-16.08,1,0,0,0,0,0,0,1,0,0,0,1,0,0,0,0,1,0,0,0,1,0,0,1
67,17.13,42,13.99,4,0.4,-24.470000000000002,0,1,0,1,0,0,1,0,0,0,0,0,1,0,0,0,1,0,0,1,0,0,0,0
47,33.79,52,17.99,3,0.64,-17.57,0,1,1,0,1,0,0,0,0,0,0,0,1,0,1,0,0,0,0,1,0,0,0,0
33,32.7,47,17.99,2,0.68,-13.619999999999997,1,0,1,0,1,0,0,0,0,0,0,1,0,0,1,0,0,1,0,0,0,0,0,0
41,3.59,41,13.99,5,0.09,-37.32,0,1,0,1,0,0,0,0,0,1,0,0,0,0,0,1,0,1,0,0,0,0,0,1
47,22.31,6,17.99,3,3.19,19.5,1,0,1,0,0,0,0,0,0,0,0,1,0,0,0,1,0,1,0,0,0,0,0,0
50,7.45,2,8.99,3,2.48,7.93,0,0,0,0,0,1,0,0,0,1,0,0,0,0,0,1,0,0,0,0,0,0,1,0
56,3.41,53,17.99,4,0.06,-49.53,0,1,1,0,1,0,0,0,0,0,0,0,1,0,0,0,1,0,0,0,1,0,0,1
26,14.85,26,8.99,4,0.55,-10.6,0,0,0,0,0,0,1,0,0,0,1,0,0,1,0,0,0,0,0,0,0,0,0,0
24,17.04,23,8.99,4,0.71,-5.25,0,1,0,0,0,1,0,0,0,0,1,0,0,0,0,0,0,0,0,0,0,1,0,0
51,0.19,20,17.99,4,0.01,-19.8,1,0,1,0,0,0,0,0,0,0,0,1,0,0,1,0,0,0,0,0,0,1,0,0
50,13.05,31,17.99,4,0.41,-17.54,1,0,1,0,1,0,0,0,0,0,0,0,1,0,1,0,0,0,0,0,1,0,0,0
35,0.87,58,8.99,5,0.01,-57.12,0,1,0,0,0,0,1,0,0,0,0,0,1,0,1,0,0,0,0,0,0,0,0,1
53,1.83,15,17.99,3,0.11,-13.06,1,0,1,0,0,0,1,0,0,0,0,0,1,0,0,0,1,0,0,1,0,0,0,1
32,52.67,34,13.99,3,1.5,20.17,0,0,0,1,1,0,0,0,0,1,0,0,0,0,0,1,0,0,0,0,0,0,1,0
34,37.61,50,8.99,5,0.74,-11.649999999999999,0,0,0,0,1,0,0,0,0,0,0,1,0,0,0,0,0,0,0,0,0,0,0,0
69,11.83,7,13.99,4,1.48,6.3100000000000005,1,0,0,1,0,0,0,1,0,0,0,1,0,0,1,0,0,0,1,0,0,0,0,0
31,2.62,34,17.99,4,0.07,-31.31,1,0,1,0,0,0,0,1,0,0,0,0,0,1,0,0,0,1,0,0,0,0,0,1
58,25.6,55,17.99,1,0.46,-28.939999999999998,0,0,1,0,1,0,0,0,0,0,0,0,1,0,0,0,1,0,0,0,0,0,0,0
42,9.75,48,8.99,5,0.2,-38.05,0,0,0,0,0,0,0,0,1,1,0,0,0,1,0,0,0,0,0,0,0,0,1,1
35,0.03,5,8.99,3,0.01,-4.96,0,1,0,0,1,0,0,0,0,0,0,1,0,0,0,0,1,0,0,0,1,0,0,1
61,16.44,22,17.99,2,0.71,-4.849999999999998,0,0,1,0,0,1,0,0,0,0,1,0,0,0,0,0,0,0,0,0,0,0,1,0
19,2.38,19,13.99,3,0.12,-16.5,0,0,0,1,0,1,0,0,0,0,0,0,0,1,0,0,0,0,0,0,0,0,0,1
65,19.08,52,13.99,2,0.36,-32.56,1,0,0,1,1,0,0,0,0,0,0,0,1,0,0,0,1,0,0,1,0,0,0,1
24,19.5,44,13.99,5,0.43,-24.07,1,0,0,1,0,0,0,0,0,0,0,0,0,1,0,0,0,0,0,0,0,0,1,1
25,11.65,18,17.99,3,0.61,-5.74,0,1,1,0,0,0,0,0,0,0,0,0,0,0,0,0,0,1,0,0,0,0,0,0
20,10.81,22,8.99,2,0.47,-10.719999999999999,1,0,0,0,0,0,0,0,1,0,0,0,1,0,0,1,0,0,0,1,0,0,0,1
37,21.24,41,13.99,4,0.51,-19.25,1,0,0,1,0,0,0,1,0,0,1,0,0,0,1,0,0,0,0,1,0,0,0,0
30,19.21,22,8.99,4,0.84,-1.9499999999999993,0,0,0,0,1,0,0,0,0,0,1,0,0,0,0,0,1,0,0,0,0,1,0,0
44,7.64,35,13.99,4,0.21,-27.15,0,1,0,1,0,0,0,0,0,1,0,0,0,0,0,0,0,1,0,0,0,0,0,0
62,1.8,4,8.99,5,0.36,-1.8399999999999999,0,0,0,0,0,0,0,0,1,0,1,0,0,1,0,0,0,0,0,1,0,0,0,1
46,8.48,34,8.99,5,0.24,-25.28,0,1,0,0,0,0,0,0,1,0,0,1,0,0,1,0,0,1,0,0,0,0,0,1
63,20.27,57,17.99,4,0.35,-36.379999999999995,0,1,1,0,0,0,0,0,1,0,1,0,0,0,0,0,1,0,1,0,0,0,0,0
41,17.87,6,8.99,1,2.55,14.420000000000002,1,0,0,0,0,0,1,0,0,0,0,0,1,0,0,0,1,0,0,1,0,0,0,0
63,3.82,31,13.99,4,0.12,-27.06,1,0,0,1,0,0,0,1,0,0,0,0,1,0,0,0,1,0,0,0,0,0,0,1
52,41.33,41,8.99,1,0.98,1.3099999999999952,0,0,0,0,0,0,1,0,0,1,0,0,0,0,0,1,0,0,0,0,0,0,1,1
50,25.98,37,17.99,5,0.68,-10.34,1,0,1,0,0,0,0,1,0,0,0,0,1,0,0,0,1,0,0,1,0,0,0,0
30,1.87,28,13.99,4,0.06,-26.07,1,0,0,1,0,0,1,0,0,0,0,0,0,0,1,0,0,0,0,0,0,0,1,0
50,2.85,22,8.99,1,0.12,-19.03,0,1,0,0,0,1,0,0,0,0,0,0,0,0,1,0,0,0,0,1,0,0,0,1
61,5.84,58,13.99,5,0.1,-52.06,0,0,0,1,0,0,1,0,0,0,0,0,0,0,0,0,1,0,0,0,1,0,0,0
30,1.07,35,8.99,3,0.03,-33.9,1,0,0,0,0,0,0,1,0,0,0,0,1,0,0,0,0,0,0,0,1,0,0,1
43,12.52,26,8.99,2,0.46,-13.02,0,0,0,0,0,1,0,0,0,0,0,1,0,0,0,0,0,0,0,0,1,0,0,0
56,2.04,27,17.99,1,0.07,-24.89,0,1,1,0,0,0,0,1,0,0,0,1,0,0,1,0,0,0,0,0,0,1,0,1
35,7.06,14,8.99,5,0.47,-6.470000000000001,0,0,0,0,0,0,0,0,0,0,0,0,1,0,0,1,0,0,1,0,0,0,0,0
61,12.41,10,13.99,2,1.13,3.539999999999999,0,1,0,1,0,1,0,0,0,0,0,1,0,1,0,0,0,0,0,0,0,1,0,0
40,75.99,9,8.99,1,7.6,74.58999999999999,0,1,0,0,0,0,0,0,0,0,1,0,0,0,0,0,0,1,0,0,0,0,0,0
57,4.99,9,13.99,5,0.5,-3.51,0,1,0,1,0,0,1,0,0,0,0,0,1,1,0,0,0,0,0,0,0,1,0,0
19,12.97,36,13.99,4,0.35,-22.68,0,1,0,1,0,0,0,0,1,0,0,0,0,0,1,0,0,0,0,0,0,1,0,0
55,9.52,15,17.99,2,0.59,-4.890000000000001,0,0,1,0,1,0,0,0,0,0,0,0,1,0,0,0,1,1,0,0,0,0,0,0
41,2.09,52,8.99,3,0.04,-49.87,0,1,0,0,1,0,0,0,0,1,0,0,0,1,0,0,0,1,0,0,0,0,0,1
22,19.19,29,13.99,1,0.64,-9.169999999999998,0,0,0,1,1,0,0,0,0,0,0,1,0,0,1,0,0,0,0,0,0,0,1,0
35,0.45,7,13.99,5,0.06,-6.49,0,0,0,1,0,0,0,1,0,1,0,0,0,0,1,0,0,0,1,0,0,0,0,0
35,5.39,54,17.99,1,0.1,-48.51,0,1,1,0,0,0,0,0,1,0,0,1,0,0,1,0,0,1,0,0,0,0,0,1
70,15.73,56,17.99,3,0.28,-39.989999999999995,1,0,1,0,0,0,1,0,0,0,1,0,0,1,0,0,0,0,0,1,0,0,0,1
32,14.36,0,17.99,2,14.36,28.72,0,0,1,0,0,0,0,0,1,0,0,0,0,0,0,0,1,0,0,0,0,1,0,0
25,15.26,34,8.99,4,0.44,-18.3,0,1,0,0,1,0,0,0,0,1,0,0,0,0,0,0,0,1,0,0,0,0,0,1
49,1.58,29,8.99,4,0.05,-27.37,0,0,0,0,0,0,1,0,0,0,0,0,1,0,0,0,0,1,0,0,0,0,0,1
49,2.76,20,13.99,4,0.13,-17.11,0,1,0,1,0,1,0,0,0,0,1,0,0,0,1,0,0,0,0,0,0,0,0,0
67,6.88,44,8.99,4,0.15,-36.97,0,0,0,0,0,0,0,0,0,1,0,0,0,0,0,1,0,0,0,0,1,0,0,1
39,4.22,33,17.99,2,0.12,-28.66,1,0,1,0,1,0,0,0,0,0,0,0,0,0,0,0,1,0,0,1,0,0,0,1
34,4.43,33,8.99,2,0.13,-28.44,0,1,0,0,0,0,0,1,0,1,0,0,0,0,0,1,0,0,0,0,0,1,0,1
27,5.05,47,17.99,5,0.11,-41.84,0,1,1,0,0,0,0,0,1,0,0,0,1,1,0,0,0,0,0,0,0,1,0,1
53,3.47,38,13.99,1,0.09,-34.44,0,0,0,1,1,0,0,0,0,0,1,0,0,1,0,0,0,0,0,0,1,0,0,1
31,8.88,25,17.99,4,0.34,-15.78,1,0,1,0,1,0,0,0,0,0,0,1,0,0,1,0,0,0,0,0,0,0,0,0
46,19.72,47,8.99,1,0.41,-26.87,0,1,0,0,0,0,0,1,0,0,0,0,0,0,0,0,0,0,0,0,1,0,0,1
30,28.52,28,13.99,4,0.98,1.5,0,0,0,1,0,0,0,0,0,0,0,1,0,0,0,0,0,0,1,0,0,0,0,0
65,3.26,41,13.99,5,0.08,-37.66,0,1,0,1,1,0,0,0,0,0,0,0,0,0,0,0,1,0,0,0,0,0,0,1
64,1.24,9,13.99,4,0.12,-7.640000000000001,1,0,0,1,0,0,0,0,0,0,1,0,0,0,0,0,0,0,0,0,0,0,1,0
38,32.73,21,13.99,5,1.49,13.219999999999999,0,1,0,1,1,0,0,0,0,0,1,0,0,0,1,0,0,0,1,0,0,0,0,0
56,20.91,35,8.99,4,0.58,-13.510000000000002,0,0,0,0,0,0,1,0,0,0,0,0,1,0,0,0,0,0,1,0,0,0,0,0
34,8.59,17,13.99,3,0.48,-7.93,1,0,0,1,0,0,0,0,1,0,0,1,0,0,0,1,0,0,0,1,0,0,0,0
35,7.37,9,8.99,4,0.74,-0.8900000000000006,0,0,0,0,1,0,0,0,0,0,0,0,1,0,0,0,1,0,0,0,1,0,0,0
27,18.7,29,17.99,4,0.62,-9.68,1,0,1,0,0,1,0,0,0,0,1,0,0,0,0,0,0,0,0,0,0,0,0,0
52,2.11,46,8.99,5,0.04,-43.85,0,1,0,0,1,0,0,0,0,0,1,0,0,0,0,0,1,0,0,0,0,0,0,1
46,21.11,48,17.99,4,0.43,-26.46,1,0,1,0,0,0,0,0,0,0,0,0,1,0,0,1,0,0,0,0,1,0,0,0
56,2.19,35,8.99,5,0.06,-32.75,0,1,0,0,1,0,0,0,0,1,0,0,0,0,0,0,0,0,1,0,0,0,0,1
44,30.04,56,17.99,5,0.53,-25.43,1,0,1,0,1,0,0,0,0,0,1,0,0,0,1,0,0,0,0,0,0,1,0,0
36,12.52,6,8.99,4,1.79,8.309999999999999,1,0,0,0,1,0,0,0,0,1,0,0,0,0,0,0,0,0,1,0,0,0,0,0
62,21.13,36,13.99,2,0.57,-14.3,1,0,0,1,1,0,0,0,0,0,1,0,0,0,0,0,1,0,1,0,0,0,0,0
60,13.86,8,13.99,1,1.54,7.399999999999999,0,1,0,1,0,1,0,0,0,0,0,0,0,0,1,0,0,0,1,0,0,0,0,0
21,12.52,46,13.99,5,0.27,-33.21,0,0,0,1,0,0,0,0,0,1,0,0,0,1,0,0,0,0,0,0,1,0,0,1
53,2.27,38,17.99,4,0.06,-35.67,1,0,1,0,0,0,1,0,0,0,0,0,1,1,0,0,0,0,0,1,0,0,0,1
70,1.69,23,8.99,3,0.07,-21.24,1,0,0,0,0,0,0,1,0,0,0,0,1,1,0,0,0,0,0,0,0,0,1,1
32,0.53,23,17.99,3,0.02,-22.45,1,0,1,0,0,0,1,0,0,0,1,0,0,1,0,0,0,0,0,0,0,0,0,1
39,6.52,54,8.99,4,0.12,-47.36,0,0,0,0,1,0,0,0,0,0,0,1,0,0,0,0,1,0,0,0,0,1,0,1
35,2.19,57,13.99,2,0.04,-54.77,0,0,0,1,0,0,0,1,0,0,0,0,1,0,0,1,0,1,0,0,0,0,0,1
26,4.42,55,13.99,4,0.08,-50.5,0,1,0,1,1,0,0,0,0,1,0,0,0,0,0,0,1,0,0,0,1,0,0,1
38,3.79,32,13.99,3,0.11,-28.1,0,0,0,1,0,0,0,0,0,0,0,0,1,1,0,0,0,0,0,1,0,0,0,1
31,0.42,43,8.99,3,0.01,-42.57,0,0,0,0,0,0,0,1,0,0,0,0,1,0,0,0,0,0,1,0,0,0,0,1
43,0.05,33,17.99,4,0.0,-32.95,1,0,1,0,0,1,0,0,0,0,0,0,1,0,1,0,0,0,0,0,0,0,1,1
62,6.72,19,8.99,5,0.34,-11.940000000000001,0,1,0,0,0,0,0,1,0,0,0,0,1,0,1,0,0,0,0,0,0,1,0,0
28,1.05,26,13.99,4,0.04,-24.91,1,0,0,1,0,1,0,0,0,1,0,0,0,0,0,0,1,0,0,0,0,0,0,0
19,4.06,7,17.99,3,0.51,-2.4300000000000006,0,0,1,0,0,0,0,0,0,1,0,0,0,0,0,0,1,0,0,0,0,0,0,0
34,9.67,7,17.99,1,1.21,3.879999999999999,0,1,1,0,0,0,0,1,0,0,1,0,0,0,0,0,0,0,0,1,0,0,0,0
59,6.27,12,17.99,3,0.48,-5.25,1,0,1,0,0,0,1,0,0,0,1,0,0,0,1,0,0,0,0,0,0,1,0,0
27,2.58,6,8.99,3,0.37,-3.05,0,1,0,0,0,0,0,0,1,0,0,0,1,0,1,0,0,0,0,0,0,1,0,1
65,10.07,20,13.99,1,0.48,-9.45,0,1,0,1,0,0,0,0,0,0,1,0,0,0,0,0,0,0,0,0,0,1,0,0
22,2.12,58,13.99,1,0.04,-55.84,0,1,0,1,0,1,0,0,0,0,1,0,0,0,0,1,0,0,0,0,0,0,0,1
51,11.48,15,13.99,2,0.72,-2.799999999999999,1,0,0,1,1,0,0,0,0,1,0,0,0,1,0,0,0,0,0,0,0,1,0,0
28,4.82,31,8.99,5,0.15,-26.03,0,1,0,0,0,0,1,0,0,0,0,0,0,1,0,0,0,0,0,1,0,0,0,1
27,46.09,3,8.99,4,11.52,54.61,1,0,0,0,0,0,0,1,0,0,0,1,0,1,0,0,0,0,1,0,0,0,0,0
60,15.94,4,17.99,3,3.19,15.129999999999999,0,0,1,0,0,0,0,0,1,0,0,0,0,0,0,0,1,0,0,0,0,0,0,0
47,20.83,58,13.99,3,0.35,-36.82,0,0,0,1,1,0,0,0,0,0,0,1,0,0,1,0,0,0,0,0,1,0,0,0
40,2.66,52,17.99,1,0.05,-49.29,0,0,1,0,0,0,0,0,1,1,0,0,0,0,0,0,1,0,0,0,0,1,0,1
45,31.15,22,8.99,5,1.35,10.5,0,0,0,0,1,0,0,0,0,0,0,0,1,0,0,0,0,0,0,1,0,0,0,0
64,12.5,33,13.99,5,0.37,-20.130000000000003,0,0,0,1,1,0,0,0,0,0,0,1,0,0,1,0,0,0,0,0,0,1,0,0
22,2.15,30,17.99,3,0.07,-27.78,0,1,1,0,0,0,0,0,1,0,0,0,1,0,1,0,0,0,0,1,0,0,0,1
55,17.76,49,17.99,3,0.36,-30.88,0,0,1,0,0,1,0,0,0,0,0,0,1,0,0,0,0,0,0,1,0,0,0,1
21,12.34,5,13.99,2,2.06,9.4,1,0,0,1,0,0,0,0,0,0,0,0,1,0,0,0,1,0,0,0,0,0,1,0
37,18.86,42,8.99,5,0.44,-22.7,0,0,0,0,0,1,0,0,0,0,0,0,1,0,0,0,1,1,0,0,0,0,0,1
21,13.66,36,17.99,3,0.37,-21.97,0,1,1,0,0,0,0,1,0,0,0,0,1,0,0,0,0,0,0,0,1,0,0,1
32,13.09,51,17.99,2,0.25,-37.66,1,0,1,0,0,0,1,0,0,0,0,0,1,1,0,0,0,0,0,0,0,0,0,1
37,10.87,1,13.99,5,5.43,15.299999999999997,0,1,0,1,0,0,0,1,0,0,1,0,0,0,0,1,0,0,1,0,0,0,0,0
42,33.48,16,13.99,2,1.97,19.449999999999996,0,0,0,1,0,1,0,0,0,0,0,0,0,0,1,0,0,0,0,0,0,0,0,0
46,5.07,0,8.99,1,5.07,10.14,1,0,0,0,0,0,0,0,0,0,0,0,0,0,1,0,0,1,0,0,0,0,0,0
59,26.54,33,17.99,3,0.78,-5.68,0,0,1,0,0,0,0,1,0,1,0,0,0,1,0,0,0,0,0,0,0,0,1,0
24,0.19,49,8.99,3,0.0,-48.81,0,0,0,0,0,0,0,1,0,0,0,0,1,1,0,0,0,0,0,0,0,1,0,1
30,4.21,13,8.99,4,0.3,-8.49,0,0,0,0,0,0,0,1,0,0,0,0,0,0,1,0,0,0,0,1,0,0,0,1
63,5.11,18,13.99,1,0.27,-12.62,0,1,0,1,1,0,0,0,0,0,0,0,1,1,0,0,0,0,0,0,1,0,0,0
51,3.41,46,17.99,2,0.07,-42.52,1,0,1,0,1,0,0,0,0,0,0,0,0,0,0,1,0,1,0,0,0,0,0,1
47,7.42,47,17.99,4,0.15,-39.43,1,0,1,0,0,0,0,0,0,0,0,0,1,1,0,0,0,0,0,0,1,0,0,1
32,2.74,8,13.99,1,0.3,-4.96,0,0,0,1,1,0,0,0,0,0,0,1,0,0,0,0,0,0,0,0,0,0,0,1
60,2.56,22,17.99,2,0.11,-19.33,0,1,1,0,1,0,0,0,0,0,1,0,0,1,0,0,0,0,0,0,0,0,1,1
40,2.28,37,17.99,2,0.06,-34.66,0,1,1,0,0,0,0,0,0,1,0,0,0,0,0,1,0,0,0,0,0,0,0,1
46,6.46,35,8.99,4,0.18,-28.36,0,1,0,0,0,1,0,0,0,0,0,0,0,0,0,1,0,0,0,0,0,0,1,1
33,11.3,7,17.99,1,1.41,5.710000000000001,0,0,1,0,0,0,1,0,0,0,0,0,1,0,0,1,0,0,0,1,0,0,0,0
31,3.13,7,17.99,5,0.39,-3.48,0,0,1,0,0,0,1,0,0,0,1,0,0,0,1,0,0,0,1,0,0,0,0,0
39,9.89,45,8.99,4,0.22,-34.89,0,1,0,0,0,0,0,0,0,0,1,0,0,0,0,1,0,0,1,0,0,0,0,1
19,0.6,26,17.99,1,0.02,-25.38,0,0,1,0,0,0,0,1,0,0,1,0,0,0,0,1,0,0,0,0,0,0,1,1
25,44.46,33,17.99,1,1.31,12.770000000000003,1,0,1,0,0,0,0,1,0,0,0,0,1,0,0,0,1,0,0,1,0,0,0,0
49,9.67,57,8.99,1,0.17,-47.16,1,0,0,0,0,1,0,0,0,0,1,0,0,0,0,0,0,0,0,0,1,0,0,1
67,10.17,18,8.99,2,0.54,-7.289999999999999,0,1,0,0,0,0,1,0,0,0,0,0,1,0,0,1,0,0,0,0,0,0,0,0
55,1.88,44,13.99,4,0.04,-42.08,1,0,0,1,0,1,0,0,0,0,0,0,1,0,0,0,1,0,0,0,0,0,0,1
19,0.36,28,17.99,1,0.01,-27.63,1,0,1,0,0,0,0,1,0,0,0,0,0,0,0,0,0,1,0,0,0,0,0,1
59,0.61,17,17.99,5,0.03,-16.36,0,0,1,0,0,0,0,0,0,0,0,0,1,0,1,0,0,0,1,0,0,0,0,0
26,23.33,27,8.99,1,0.83,-2.8400000000000034,0,1,0,0,0,0,1,0,0,0,1,0,0,0,0,1,0,0,0,0,0,0,0,0
58,76.29,5,13.99,5,12.72,84.01,0,0,0,1,0,1,0,0,0,0,1,0,0,1,0,0,0,0,0,0,0,0,1,0
18,10.08,33,17.99,2,0.3,-22.619999999999997,1,0,1,0,0,0,0,1,0,0,1,0,0,0,0,0,0,0,1,0,0,0,0,1
59,8.48,24,8.99,1,0.34,-15.18,0,1,0,0,0,0,1,0,0,0,0,1,0,1,0,0,0,0,0,1,0,0,0,1
41,16.13,44,17.99,4,0.36,-27.51,1,0,1,0,1,0,0,0,0,0,0,0,0,0,1,0,0,0,0,0,1,0,0,0
28,0.43,6,8.99,3,0.06,-5.51,1,0,0,0,0,0,0,0,1,0,0,1,0,0,0,0,0,0,0,1,0,0,0,1
35,43.84,24,8.99,4,1.75,21.590000000000003,1,0,0,0,0,0,0,0,1,0,0,1,0,0,0,1,0,0,0,0,0,0,0,0
56,3.62,22,13.99,1,0.16,-18.22,0,1,0,1,1,0,0,0,0,0,0,1,0,1,0,0,0,0,0,0,1,0,0,1
34,1.67,29,17.99,1,0.06,-27.27,0,0,1,0,0,0,0,0,0,0,0,0,1,0,0,0,0,1,0,0,0,0,0,1
41,7.91,41,13.99,4,0.19,-32.9,0,0,0,1,1,0,0,0,0,0,0,0,0,0,0,0,1,0,0,0,0,1,0,0
43,7.18,5,17.99,5,1.2,3.379999999999999,0,1,1,0,0,0,1,0,0,0,0,0,0,1,0,0,0,0,0,0,0,0,1,0
56,30.05,14,13.99,1,2.0,18.049999999999997,0,0,0,1,0,0,0,0,0,0,1,0,0,0,0,1,0,0,0,0,1,0,0,0
31,0.57,60,17.99,3,0.01,-59.42,0,0,1,0,0,0,0,1,0,0,1,0,0,1,0,0,0,0,0,0,0,0,0,1
46,28.66,37,13.99,1,0.75,-7.59,0,1,0,1,0,0,0,0,0,1,0,0,0,0,0,0,1,1,0,0,0,0,0,0
45,18.07,4,17.99,1,3.61,17.68,1,0,1,0,1,0,0,0,0,0,0,0,1,0,0,1,0,0,0,0,0,1,0,0
68,36.44,49,13.99,3,0.73,-11.830000000000005,0,0,0,1,0,0,0,1,0,0,1,0,0,0,0,1,0,0,0,0,0,0,1,0
29,4.09,59,13.99,2,0.07,-54.84,1,0,0,1,0,1,0,0,0,0,0,1,0,0,0,0,0,0,0,0,0,0,1,1
45,8.95,16,17.99,3,0.53,-6.520000000000001,0,1,1,0,0,1,0,0,0,1,0,0,0,0,0,0,0,0,0,0,0,0,1,0
64,1.84,30,8.99,4,0.06,-28.1,1,0,0,0,0,0,0,1,0,0,0,0,1,0,0,0,0,0,0,0,0,0,1,1
57,2.93,35,13.99,5,0.08,-31.99,0,1,0,1,0,0,0,0,1,1,0,0,0,0,0,0,1,0,0,1,0,0,0,1
27,3.36,22,8.99,3,0.15,-18.490000000000002,1,0,0,0,1,0,0,0,0,0,1,0,0,0,0,0,1,0,0,0,0,1,0,1
30,1.84,2,17.99,2,0.61,0.4500000000000002,1,0,1,0,0,0,0,1,0,0,0,0,1,0,0,0,1,0,0,0,0,0,0,0
69,5.7,27,13.99,1,0.2,-21.1,0,0,0,1,0,0,0,0,1,1,0,0,0,1,0,0,0,0,0,0,1,0,0,0
33,4.44,28,8.99,1,0.15,-23.41,0,1,0,0,1,0,0,0,0,0,1,0,0,1,0,0,0,0,0,0,1,0,0,1
66,32.75,41,13.99,1,0.78,-7.469999999999999,0,0,0,1,0,0,0,0,0,0,0,0,1,0,0,0,0,0,0,0,0,1,0,0
24,15.52,33,17.99,1,0.46,-17.02,0,0,1,0,0,1,0,0,0,0,0,1,0,1,0,0,0,0,0,0,0,1,0,1
45,0.29,45,8.99,2,0.01,-44.7,1,0,0,0,0,0,0,1,0,0,0,0,1,0,1,0,0,0,1,0,0,0,0,1
19,1.68,18,17.99,4,0.09,-16.23,0,1,1,0,0,0,0,0,0,0,0,0,1,0,0,0,1,0,0,0,1,0,0,0
33,22.26,35,17.99,3,0.62,-12.119999999999997,1,0,1,0,0,1,0,0,0,0,0,0,1,0,1,0,0,0,0,1,0,0,0,0
43,26.79,6,13.99,3,3.83,24.619999999999997,1,0,0,1,0,0,0,0,0,0,0,1,0,0,0,0,0,1,0,0,0,0,0,0
19,48.49,7,8.99,4,6.06,47.550000000000004,0,0,0,0,0,1,0,0,0,0,0,1,0,0,1,0,0,0,0,0,0,0,0,0
64,1.83,0,17.99,1,1.83,3.66,0,1,1,0,0,0,0,0,0,0,0,0,1,0,0,0,1,0,0,0,0,1,0,0
42,6.91,21,13.99,4,0.31,-13.780000000000001,0,1,0,1,1,0,0,0,0,0,1,0,0,0,0,1,0,0,0,1,0,0,0,0
63,50.34,16,17.99,5,2.96,37.300000000000004,1,0,1,0,0,1,0,0,0,0,0,1,0,1,0,0,0,0,0,0,0,1,0,0
37,11.16,23,8.99,2,0.47,-11.37,0,1,0,0,0,0,1,0,0,0,0,0,1,0,0,0,1,0,1,0,0,0,0,0
60,5.34,18,8.99,2,0.28,-12.379999999999999,1,0,0,0,1,0,0,0,0,0,0,1,0,0,0,0,0,0,0,1,0,0,0,0
64,19.1,30,8.99,4,0.62,-10.279999999999998,1,0,0,0,0,1,0,0,0,0,0,0,1,0,0,0,0,0,1,0,0,0,0,0
18,1.97,46,8.99,2,0.04,-43.99,0,0,0,0,0,0,0,0,1,0,0,1,0,1,0,0,0,0,0,0,0,0,0,1
61,2.54,49,13.99,3,0.05,-46.41,0,0,0,1,0,0,0,0,1,0,0,1,0,0,0,1,0,0,0,1,0,0,0,1
70,13.09,13,8.99,2,0.93,1.0199999999999996,0,1,0,0,1,0,0,0,0,0,0,0,1,0,1,0,0,1,0,0,0,0,0,0
43,3.16,7,13.99,2,0.4,-3.44,0,0,0,1,1,0,0,0,0,0,1,0,0,0,0,0,1,0,0,0,0,0,1,1
20,3.38,34,8.99,5,0.1,-30.52,1,0,0,0,0,1,0,0,0,0,0,1,0,0,0,0,0,0,0,0,0,1,0,1
49,1.17,46,8.99,1,0.02,-44.81,0,1,0,0,0,0,0,0,1,1,0,0,0,0,1,0,0,0,0,0,0,1,0,1
40,4.92,30,8.99,5,0.16,-24.92,1,0,0,0,0,0,1,0,0,0,0,0,1,0,0,0,0,0,1,0,0,0,0,1
63,2.24,27,8.99,4,0.08,-24.68,1,0,0,0,0,0,0,0,0,0,1,0,0,0,0,0,0,0,0,1,0,0,0,1
30,4.45,43,17.99,4,0.1,-38.45,0,1,1,0,0,1,0,0,0,0,1,0,0,0,0,1,0,0,0,0,0,0,0,1
53,11.18,19,17.99,4,0.56,-7.26,1,0,1,0,0,0,0,0,1,0,0,0,1,0,0,0,1,1,0,0,0,0,0,0
18,9.52,5,17.99,2,1.59,6.109999999999999,0,1,1,0,0,0,0,1,0,0,0,0,0,0,0,1,0,0,0,1,0,0,0,0
39,0.75,27,13.99,4,0.03,-26.22,0,1,0,1,0,0,0,0,0,1,0,0,0,1,0,0,0,0,0,0,0,1,0,1
70,13.92,57,13.99,1,0.24,-42.84,1,0,0,1,0,0,1,0,0,1,0,0,0,1,0,0,0,0,0,0,0,0,0,1
19,5.34,0,17.99,3,5.34,10.68,1,0,1,0,0,1,0,0,0,0,0,0,1,0,0,0,0,0,1,0,0,0,0,0
48,10.9,26,8.99,2,0.4,-14.7,0,1,0,0,0,0,0,1,0,0,1,0,0,1,0,0,0,0,0,0,1,0,0,1
26,8.13,12,17.99,4,0.63,-3.2399999999999984,1,0,1,0,0,0,0,0,1,1,0,0,0,0,0,0,0,0,0,0,0,0,1,0
48,17.03,57,13.99,5,0.29,-39.68,0,0,0,1,0,1,0,0,0,0,0,1,0,0,1,0,0,0,0,0,0,0,0,0
19,4.73,41,17.99,2,0.11,-36.16,0,0,1,0,1,0,0,0,0,0,0,0,1,1,0,0,0,0,0,1,0,0,0,1
70,110.4,33,8.99,5,3.25,80.65,1,0,0,0,0,0,0,0,0,0,0,0,0,0,0,0,1,0,0,0,1,0,0,0
18,5.32,18,13.99,3,0.28,-12.399999999999999,0,0,0,1,1,0,0,0,0,0,0,0,0,0,0,1,0,0,0,0,0,0,1,0
58,2.51,31,13.99,5,0.08,-28.41,0,0,0,1,0,0,1,0,0,0,0,0,0,0,0,0,1,0,0,1,0,0,0,1
57,44.65,52,17.99,5,0.84,-6.509999999999998,1,0,1,0,0,0,0,1,0,0,0,0,1,0,0,0,0,1,0,0,0,0,0,0
47,1.59,34,13.99,1,0.05,-32.36,0,1,0,1,0,0,0,1,0,0,1,0,0,0,0,1,0,1,0,0,0,0,0,1
22,32.25,30,17.99,2,1.04,3.289999999999999,0,1,1,0,0,0,0,0,0,0,0,1,0,0,0,1,0,0,0,0,0,1,0,0
52,1.42,45,17.99,5,0.03,-43.55,0,1,1,0,0,0,1,0,0,0,0,0,1,0,0,0,1,0,0,0,1,0,0,1
53,3.68,55,13.99,1,0.07,-51.25,0,1,0,1,0,0,0,1,0,0,0,0,1,0,0,0,1,0,1,0,0,0,0,1
34,1.41,20,17.99,4,0.07,-18.52,0,1,1,0,0,0,0,0,1,0,0,1,0,0,0,0,0,0,0,0,0,0,0,0
46,1.6,31,8.99,3,0.05,-29.35,1,0,0,0,0,0,1,0,0,0,0,0,0,1,0,0,0,0,0,1,0,0,0,1
33,12.0,18,17.99,3,0.63,-5.369999999999999,1,0,1,0,0,0,0,0,0,1,0,0,0,0,1,0,0,1,0,0,0,0,0,0
59,10.68,13,8.99,1,0.76,-1.5600000000000005,0,1,0,0,1,0,0,0,0,0,0,1,0,0,1,0,0,0,0,0,0,1,0,0
51,1.23,4,13.99,4,0.25,-2.52,0,1,0,1,0,1,0,0,0,0,0,0,1,0,0,0,0,1,0,0,0,0,0,0
36,0.38,44,8.99,2,0.01,-43.61,1,0,0,0,0,0,0,1,0,1,0,0,0,1,0,0,0,1,0,0,0,0,0,1
31,9.38,9,8.99,1,0.94,1.3200000000000003,0,0,0,0,0,0,0,0,0,0,0,1,0,1,0,0,0,0,0,0,1,0,0,0
22,10.69,7,17.99,2,1.34,5.029999999999999,0,1,1,0,0,0,0,0,0,0,0,1,0,0,0,1,0,0,0,1,0,0,0,0
27,8.88,46,8.99,2,0.19,-36.93,0,1,0,0,1,0,0,0,0,0,0,1,0,0,1,0,0,0,0,0,0,0,0,1
26,2.18,37,8.99,5,0.06,-34.76,1,0,0,0,0,1,0,0,0,0,1,0,0,0,0,0,1,1,0,0,0,0,0,1
54,30.0,9,8.99,4,3.0,24.0,1,0,0,0,1,0,0,0,0,0,0,0,1,0,0,0,0,0,0,1,0,0,0,0
45,17.57,37,17.99,4,0.46,-18.97,1,0,1,0,0,0,0,0,0,0,0,1,0,0,0,0,1,0,0,0,1,0,0,0
44,6.0,44,8.99,4,0.13,-37.87,0,0,0,0,0,1,0,0,0,1,0,0,0,1,0,0,0,0,0,0,1,0,0,1
24,0.72,56,13.99,2,0.01,-55.27,0,1,0,1,0,0,0,0,1,0,0,1,0,1,0,0,0,0,0,0,0,1,0,1
64,2.66,57,17.99,2,0.05,-54.29,1,0,1,0,0,0,1,0,0,0,0,0,0,0,0,0,0,0,0,0,0,1,0,1
41,4.13,26,13.99,3,0.15,-21.72,0,0,0,1,1,0,0,0,0,0,0,1,0,0,0,0,1,0,0,0,1,0,0,1
42,0.15,5,17.99,4,0.02,-4.83,0,1,1,0,0,0,0,0,1,0,0,0,1,0,1,0,0,0,0,0,0,0,1,0
30,6.24,29,17.99,3,0.21,-22.55,0,0,1,0,0,0,0,1,0,0,0,0,1,0,0,1,0,0,0,0,0,0,1,0
28,10.69,51,13.99,3,0.21,-40.1,1,0,0,1,1,0,0,0,0,1,0,0,0,1,0,0,0,1,0,0,0,0,0,1
24,26.07,27,8.99,2,0.93,0.0,0,0,0,0,1,0,0,0,0,1,0,0,0,0,0,0,0,0,0,0,0,0,1,0
23,12.51,11,17.99,4,1.04,2.5500000000000007,0,1,1,0,0,1,0,0,0,0,1,0,0,1,0,0,0,0,1,0,0,0,0,0
30,1.6,56,8.99,2,0.03,-54.37,0,0,0,0,0,1,0,0,0,0,0,0,0,0,1,0,0,0,0,0,1,0,0,1
35,1.1,25,8.99,2,0.04,-23.86,0,0,0,0,0,0,1,0,0,1,0,0,0,0,0,0,1,0,0,0,1,0,0,1
22,17.85,46,17.99,2,0.38,-27.77,0,1,1,0,0,0,0,0,1,0,0,1,0,0,0,0,1,0,0,0,0,1,0,1
35,1.1,35,8.99,2,0.03,-33.87,0,0,0,0,0,0,0,0,0,0,0,1,0,0,0,0,1,0,0,0,0,0,1,1
35,37.93,14,8.99,4,2.53,26.46,0,0,0,0,0,0,0,0,0,0,0,0,0,1,0,0,0,0,0,0,0,1,0,0
22,0.68,21,8.99,1,0.03,-20.29,0,0,0,0,0,0,0,1,0,0,0,1,0,0,1,0,0,0,0,0,0,0,0,1
43,13.49,8,17.99,4,1.5,6.99,1,0,1,0,0,1,0,0,0,0,0,0,0,0,0,1,0,0,1,0,0,0,0,0
33,0.69,13,17.99,4,0.05,-12.26,1,0,1,0,1,0,0,0,0,0,0,0,1,1,0,0,0,0,1,0,0,0,0,1
48,10.54,19,17.99,1,0.53,-7.9300000000000015,0,0,1,0,0,1,0,0,0,0,1,0,0,0,0,0,0,0,0,0,0,0,1,0
68,1.85,3,17.99,5,0.46,-0.69,0,0,1,0,0,1,0,0,0,0,0,0,1,0,0,1,0,0,0,0,0,1,0,0
58,1.32,29,13.99,2,0.04,-27.64,0,1,0,1,0,0,0,1,0,0,1,0,0,0,0,0,1,0,1,0,0,0,0,1
49,10.47,43,8.99,5,0.24,-32.29,0,1,0,0,0,0,0,0,0,1,0,0,0,0,1,0,0,0,1,0,0,0,0,1
24,2.59,24,8.99,3,0.1,-21.31,0,1,0,0,0,0,1,0,0,0,1,0,0,0,0,1,0,0,0,0,1,0,0,1
66,26.89,17,13.99,1,1.49,11.379999999999999,0,1,0,1,0,0,0,0,0,0,0,0,0,0,0,1,0,0,1,0,0,0,0,0
26,1.87,26,17.99,3,0.07,-24.06,1,0,1,0,0,0,0,0,1,0,0,1,0,1,0,0,0,1,0,0,0,0,0,1
32,6.82,42,8.99,5,0.16,-35.019999999999996,0,0,0,0,0,0,0,0,0,0,1,0,0,0,0,0,0,1,0,0,0,0,0,1
54,6.76,52,8.99,5,0.13,-45.11,0,0,0,0,1,0,0,0,0,0,0,0,1,0,0,0,1,0,0,1,0,0,0,1
45,1.85,23,17.99,5,0.08,-21.07,0,0,1,0,1,0,0,0,0,0,0,1,0,1,0,0,0,0,0,0,0,0,1,1
59,8.88,16,17.99,1,0.52,-6.6,0,1,1,0,0,0,0,0,1,0,1,0,0,0,1,0,0,0,0,0,0,1,0,0
67,17.08,33,8.99,5,0.5,-15.420000000000002,0,1,0,0,0,0,0,0,1,0,0,1,0,0,0,0,0,0,0,1,0,0,0,0
61,12.55,8,8.99,3,1.39,5.940000000000001,0,0,0,0,0,0,0,0,0,0,0,1,0,0,0,0,1,0,0,0,0,1,0,0
22,3.05,48,13.99,4,0.06,-44.89,0,0,0,1,0,0,0,0,1,0,0,0,0,1,0,0,0,0,1,0,0,0,0,1
23,14.42,2,8.99,2,4.81,17.23,0,1,0,0,0,0,0,0,0,0,0,0,1,1,0,0,0,0,0,0,0,1,0,0
61,16.83,46,13.99,5,0.36,-28.810000000000002,0,0,0,1,0,0,0,0,1,0,1,0,0,0,0,0,1,0,0,0,0,1,0,0
66,1.65,44,13.99,2,0.04,-42.31,1,0,0,1,0,0,0,0,0,0,0,1,0,0,0,0,1,0,0,0,0,1,0,1
39,2.76,1,13.99,3,1.38,3.1399999999999997,0,0,0,1,0,0,0,0,1,0,1,0,0,0,0,0,1,0,1,0,0,0,0,0
68,1.23,12,17.99,5,0.09,-10.68,0,1,1,0,1,0,0,0,0,0,1,0,0,1,0,0,0,0,0,0,1,0,0,1
52,3.1,6,17.99,3,0.44,-2.46,0,1,1,0,0,1,0,0,0,0,0,0,1,0,0,0,0,0,1,0,0,0,0,0
21,34.18,47,17.99,1,0.71,-12.11,0,0,1,0,0,1,0,0,0,0,1,0,0,0,0,1,0,1,0,0,0,0,0,0
53,16.06,57,13.99,4,0.28,-40.66,1,0,0,1,0,0,1,0,0,0,0,0,1,0,0,1,0,0,0,0,0,0,0,1
68,5.26,45,8.99,1,0.11,-39.63,1,0,0,0,1,0,0,0,0,0,0,0,0,0,0,1,0,0,0,0,0,0,0,1
46,4.76,43,13.99,5,0.11,-38.13,0,0,0,1,0,1,0,0,0,0,0,0,0,0,0,0,1,0,0,0,0,1,0,1
20,1.78,34,17.99,5,0.05,-32.17,0,1,1,0,1,0,0,0,0,0,0,0,0,0,0,0,0,0,0,0,0,0,0,1
34,10.48,60,8.99,5,0.17,-49.35,1,0,0,0,0,1,0,0,0,0,0,0,0,1,0,0,0,0,0,0,0,1,0,1
31,1.61,41,8.99,2,0.04,-39.35,1,0,0,0,0,0,1,0,0,0,0,0,1,0,0,1,0,0,0,0,0,0,1,1
31,4.0,10,17.99,5,0.36,-5.64,1,0,1,0,0,0,0,0,1,0,1,0,0,0,1,0,0,1,0,0,0,0,0,0
24,6.65,41,8.99,2,0.16,-34.19,0,0,0,0,0,1,0,0,0,0,0,0,0,1,0,0,0,0,0,0,0,1,0,1
66,12.76,0,8.99,1,12.76,25.52,0,1,0,0,0,0,1,0,0,0,0,0,1,0,0,0,0,0,0,0,0,0,1,0
26,7.83,1,8.99,1,3.92,10.75,0,0,0,0,0,0,1,0,0,0,0,0,1,0,0,0,0,0,1,0,0,0,0,0
53,2.34,46,13.99,1,0.05,-43.61,0,0,0,1,1,0,0,0,0,0,0,0,0,0,0,0,1,0,0,0,0,1,0,1
32,8.18,16,8.99,4,0.48,-7.34,0,1,0,0,0,0,0,1,0,0,0,0,0,0,1,0,0,0,0,0,0,0,1,0
33,9.1,26,17.99,2,0.34,-16.560000000000002,0,1,1,0,0,0,0,0,1,1,0,0,0,0,0,1,0,0,0,1,0,0,0,0
49,15.64,1,17.99,4,7.82,22.46,0,0,1,0,0,0,0,0,0,0,0,0,1,0,0,0,1,0,0,0,1,0,0,0
46,8.72,8,13.99,5,0.97,1.6900000000000013,1,0,0,1,0,1,0,0,0,0,0,0,0,0,1,0,0,0,1,0,0,0,0,0
29,3.75,49,8.99,1,0.07,-45.18,1,0,0,0,0,0,0,0,1,0,0,0,1,1,0,0,0,0,0,0,0,1,0,1
69,2.86,1,8.99,4,1.43,3.29,0,1,0,0,0,0,0,0,1,1,0,0,0,0,0,1,0,0,0,0,0,0,0,0
54,1.29,49,8.99,4,0.03,-47.68,1,0,0,0,0,1,0,0,0,1,0,0,0,0,0,0,0,0,0,0,0,0,1,1
59,4.14,55,13.99,5,0.07,-50.79,1,0,0,1,0,0,0,0,1,0,0,0,0,1,0,0,0,0,0,0,1,0,0,1
18,2.53,38,17.99,3,0.06,-35.41,1,0,1,0,1,0,0,0,0,0,1,0,0,0,1,0,0,0,0,0,0,0,1,1
42,22.19,6,17.99,2,3.17,19.36,1,0,1,0,1,0,0,0,0,0,0,0,0,0,0,0,1,0,0,0,0,0,1,0
47,2.92,56,13.99,5,0.05,-53.03,0,1,0,1,0,0,0,0,1,0,1,0,0,0,1,0,0,0,0,1,0,0,0,1
23,10.62,52,8.99,4,0.2,-41.18,0,1,0,0,0,0,1,0,0,0,1,0,0,0,0,1,0,1,0,0,0,0,0,1
51,18.0,60,13.99,4,0.3,-41.7,1,0,0,1,0,0,0,0,1,0,0,0,0,0,1,0,0,0,0,0,0,1,0,0
30,8.52,11,8.99,4,0.71,-1.7699999999999996,0,0,0,0,1,0,0,0,0,1,0,0,0,0,0,1,0,0,0,0,0,0,0,0
65,9.95,8,8.99,5,1.11,3.0599999999999987,0,1,0,0,0,0,1,0,0,1,0,0,0,1,0,0,0,1,0,0,0,0,0,0
70,9.25,8,17.99,5,1.03,2.2799999999999994,0,0,1,0,0,0,0,0,1,0,0,0,1,0,0,0,1,0,1,0,0,0,0,0
49,9.65,8,8.99,3,1.07,2.7200000000000006,0,0,0,0,1,0,0,0,0,1,0,0,0,1,0,0,0,0,0,0,0,1,0,0
37,0.64,10,17.99,5,0.06,-9.3,1,0,1,0,0,1,0,0,0,0,0,0,0,0,0,1,0,1,0,0,0,0,0,1
70,1.34,0,13.99,1,1.34,2.68,0,1,0,1,1,0,0,0,0,0,0,1,0,0,1,0,0,0,1,0,0,0,0,0
26,10.65,37,17.99,3,0.28,-26.07,1,0,1,0,0,0,0,0,1,0,0,1,0,0,0,0,0,0,0,0,1,0,0,1
64,3.74,32,17.99,3,0.11,-28.15,1,0,1,0,0,0,1,0,0,0,0,0,1,0,0,0,1,0,0,1,0,0,0,1
43,12.51,47,17.99,1,0.26,-34.230000000000004,0,0,1,0,0,0,0,1,0,0,0,1,0,0,0,0,0,0,0,0,0,0,0,1
59,32.81,0,17.99,3,32.81,65.62,0,1,1,0,0,0,1,0,0,1,0,0,0,0,1,0,0,0,0,0,0,0,1,0
60,6.91,46,17.99,1,0.15,-38.94,1,0,1,0,0,0,1,0,0,0,0,0,1,0,1,0,0,0,0,0,0,0,0,1
60,4.46,10,8.99,5,0.41,-5.13,0,0,0,0,0,1,0,0,0,1,0,0,0,0,0,1,0,0,0,0,0,0,0,1
69,2.16,57,8.99,2,0.04,-54.8,0,1,0,0,0,1,0,0,0,0,0,0,1,1,0,0,0,0,0,0,0,0,0,1
42,6.34,28,17.99,1,0.22,-21.44,0,1,1,0,1,0,0,0,0,0,0,1,0,0,0,1,0,0,1,0,0,0,0,0
47,12.5,18,17.99,1,0.66,-4.84,0,1,1,0,0,0,0,0,0,0,1,0,0,0,0,0,0,0,0,1,0,0,0,0
54,5.37,35,17.99,4,0.15,-29.48,0,1,1,0,0,0,0,1,0,0,0,0,0,1,0,0,0,0,0,0,0,1,0,1
35,32.86,25,13.99,4,1.26,9.119999999999997,1,0,0,1,0,0,0,1,0,0,0,1,0,0,0,1,0,0,0,0,0,1,0,0
50,12.5,56,17.99,5,0.22,-43.28,0,1,1,0,1,0,0,0,0,0,0,0,1,0,0,0,0,0,0,0,0,0,0,0
69,1.75,6,17.99,5,0.25,-4.0,0,0,1,0,0,0,0,1,0,0,1,0,0,0,0,0,1,0,0,0,0,1,0,0
25,19.31,5,8.99,2,3.22,17.529999999999998,0,1,0,0,0,0,0,0,0,0,1,0,0,0,0,0,1,0,1,0,0,0,0,0
51,17.62,55,8.99,4,0.31,-37.07,0,0,0,0,1,0,0,0,0,1,0,0,0,0,1,0,0,1,0,0,0,0,0,1
23,3.7,6,13.99,3,0.53,-1.7699999999999996,0,0,0,1,0,0,0,0,0,0,1,0,0,0,0,0,1,0,0,1,0,0,0,0
39,7.99,50,17.99,3,0.16,-41.85,0,1,1,0,1,0,0,0,0,0,1,0,0,0,0,0,1,0,0,1,0,0,0,1
22,8.18,29,17.99,2,0.27,-20.55,0,1,1,0,0,0,0,1,0,0,0,0,0,0,0,1,0,0,0,0,1,0,0,0
51,12.41,53,17.99,3,0.23,-40.36,0,1,1,0,1,0,0,0,0,1,0,0,0,0,0,1,0,0,0,0,0,1,0,1
52,28.04,11,8.99,2,2.34,19.38,0,1,0,0,0,1,0,0,0,1,0,0,0,0,1,0,0,0,0,0,0,0,0,0
51,5.05,24,13.99,3,0.2,-18.75,1,0,0,1,0,0,1,0,0,0,0,0,1,0,0,1,0,0,0,0,0,0,0,0
68,10.0,60,17.99,4,0.16,-49.84,1,0,1,0,0,0,1,0,0,0,0,0,0,1,0,0,0,0,0,0,1,0,0,1
46,2.04,26,8.99,4,0.08,-23.88,0,1,0,0,0,0,1,0,0,0,1,0,0,0,0,1,0,0,0,0,0,0,0,1
55,2.69,37,17.99,2,0.07,-34.24,0,1,1,0,0,0,0,0,0,0,0,1,0,0,1,0,0,0,0,0,0,0,1,1
70,17.8,48,13.99,2,0.36,-29.84,1,0,0,1,0,0,1,0,0,0,1,0,0,0,0,1,0,0,0,1,0,0,0,1
56,36.2,3,17.99,5,9.05,42.25,0,1,1,0,0,1,0,0,0,0,1,0,0,0,0,1,0,0,0,0,0,0,1,0
24,0.49,2,13.99,2,0.16,-1.35,1,0,0,1,0,0,0,1,0,1,0,0,0,0,1,0,0,0,0,0,0,1,0,0
68,0.88,32,13.99,3,0.03,-31.09,1,0,0,1,0,1,0,0,0,1,0,0,0,0,0,0,0,0,1,0,0,0,0,1
59,12.02,4,8.99,2,2.4,10.42,0,1,0,0,0,0,1,0,0,0,1,0,0,1,0,0,0,0,0,0,0,0,0,0
28,11.94,1,13.99,2,5.97,16.91,0,0,0,1,0,0,0,1,0,0,0,0,1,1,0,0,0,1,0,0,0,0,0,0
36,3.28,15,17.99,3,0.2,-11.52,1,0,1,0,0,0,0,0,1,0,0,0,1,0,0,0,1,0,0,0,1,0,0,1
31,7.46,45,8.99,2,0.16,-37.38,0,1,0,0,0,0,0,1,0,0,1,0,0,0,0,0,0,0,0,0,0,0,0,1
18,25.19,11,13.99,1,2.1,16.290000000000003,0,0,0,1,0,0,1,0,0,0,0,1,0,0,0,0,1,0,0,0,1,0,0,0
30,2.99,51,8.99,4,0.06,-47.95,0,0,0,0,0,1,0,0,0,1,0,0,0,0,0,0,0,0,0,0,1,0,0,1
58,14.69,30,8.99,2,0.47,-14.84,1,0,0,0,0,1,0,0,0,0,0,1,0,1,0,0,0,0,0,0,1,0,0,1
24,9.34,17,8.99,4,0.52,-7.140000000000001,1,0,0,0,1,0,0,0,0,0,0,1,0,0,0,0,1,0,0,0,0,0,1,0
62,6.03,49,17.99,2,0.12,-42.85,0,0,1,0,0,0,0,1,0,0,0,1,0,0,1,0,0,0,0,0,1,0,0,1
35,1.45,12,17.99,2,0.11,-10.44,0,1,1,0,0,0,0,0,0,1,0,0,0,0,0,0,0,0,1,0,0,0,0,1
54,29.19,28,8.99,2,1.01,2.200000000000003,0,1,0,0,1,0,0,0,0,0,0,0,1,0,0,1,0,0,0,0,0,1,0,0
42,8.18,15,8.99,2,0.51,-6.3100000000000005,0,1,0,0,0,0,0,0,1,1,0,0,0,0,0,1,0,0,0,0,1,0,0,0
36,7.28,2,13.99,4,2.43,7.710000000000001,0,0,0,1,0,0,1,0,0,0,0,0,1,0,1,0,0,0,0,0,0,0,1,0
47,5.41,10,17.99,3,0.49,-4.1,0,1,1,0,0,0,0,1,0,0,0,0,1,0,1,0,0,0,0,0,1,0,0,0
45,4.13,4,13.99,2,0.83,0.96,0,1,0,1,0,0,0,0,1,0,0,0,1,0,1,0,0,1,0,0,0,0,0,0
36,5.09,26,17.99,4,0.19,-20.72,0,1,1,0,0,1,0,0,0,1,0,0,0,0,1,0,0,0,1,0,0,0,0,0
23,22.05,53,13.99,3,0.41,-30.54,1,0,0,1,0,0,0,0,1,1,0,0,0,0,1,0,0,0,0,0,0,0,0,0
58,14.37,1,13.99,3,7.18,20.549999999999997,0,1,0,1,0,0,1,0,0,0,0,1,0,0,1,0,0,0,0,0,0,0,0,0
27,2.62,10,13.99,4,0.24,-7.14,0,0,0,1,0,0,0,0,1,0,0,0,0,1,0,0,0,0,0,0,0,0,0,1
40,2.78,12,17.99,2,0.21,-9.01,0,1,1,0,0,0,1,0,0,1,0,0,0,0,0,0,1,0,0,1,0,0,0,1
47,3.3,51,13.99,5,0.06,-47.64,0,1,0,1,0,1,0,0,0,0,0,0,1,0,1,0,0,0,0,0,1,0,0,1
57,13.72,29,17.99,1,0.46,-14.819999999999999,0,1,1,0,0,0,0,0,1,0,0,0,0,0,0,0,0,0,0,0,0,0,1,0
52,12.96,40,13.99,4,0.32,-26.72,0,1,0,1,0,0,0,0,1,0,1,0,0,0,0,1,0,1,0,0,0,0,0,1
25,1.7,21,13.99,3,0.08,-19.22,0,1,0,1,0,0,0,1,0,0,0,1,0,0,0,0,1,0,0,1,0,0,0,1
32,30.07,24,17.99,3,1.2,7.27,1,0,1,0,0,0,0,0,1,0,1,0,0,0,1,0,0,0,1,0,0,0,0,0
32,8.94,24,8.99,3,0.36,-14.700000000000001,0,1,0,0,0,0,0,1,0,0,0,0,1,1,0,0,0,0,0,1,0,0,0,1
44,5.3,29,13.99,1,0.18,-23.52,0,1,0,1,0,0,0,0,0,0,1,0,0,0,0,1,0,0,1,0,0,0,0,0
20,1.98,2,8.99,1,0.66,0.6400000000000001,0,0,0,0,1,0,0,0,0,0,0,0,1,1,0,0,0,0,0,0,0,0,1,1
51,20.53,1,13.99,4,10.27,29.8,1,0,0,1,0,1,0,0,0,1,0,0,0,0,1,0,0,1,0,0,0,0,0,0
64,0.95,50,8.99,2,0.02,-49.03,0,1,0,0,0,0,0,0,0,0,0,0,1,0,0,0,0,0,0,0,0,0,0,1
47,3.3,24,17.99,4,0.13,-20.57,0,1,1,0,0,0,1,0,0,0,0,0,0,1,0,0,0,0,0,0,0,0,0,1
25,2.2,55,8.99,4,0.04,-52.76,0,1,0,0,0,0,1,0,0,0,0,0,1,0,0,1,0,0,0,0,0,1,0,1
56,34.8,2,13.99,4,11.6,44.4,0,1,0,1,0,0,0,1,0,0,0,0,0,0,1,0,0,0,0,1,0,0,0,0
59,10.17,14,17.99,3,0.68,-3.1500000000000004,0,1,1,0,0,0,0,0,1,1,0,0,0,0,1,0,0,0,0,0,0,0,0,0
45,43.5,7,13.99,5,5.44,41.94,1,0,0,1,0,0,1,0,0,0,0,0,0,0,0,1,0,0,0,1,0,0,0,0
68,13.82,44,17.99,4,0.31,-29.869999999999997,0,1,1,0,0,0,0,1,0,0,0,1,0,0,0,1,0,1,0,0,0,0,0,1
50,13.02,51,17.99,2,0.25,-37.730000000000004,0,1,1,0,0,0,0,0,1,0,0,0,0,1,0,0,0,0,0,0,0,1,0,1
20,2.0,24,13.99,2,0.08,-21.92,0,1,0,1,0,1,0,0,0,0,0,0,1,0,0,0,0,0,0,0,0,0,0,1
23,3.03,45,8.99,3,0.07,-41.9,0,0,0,0,0,0,0,0,0,1,0,0,0,0,1,0,0,0,0,1,0,0,0,1
45,11.67,16,8.99,1,0.69,-3.6400000000000006,0,1,0,0,0,0,1,0,0,0,0,0,1,0,0,0,1,0,0,0,0,0,1,0
19,3.81,45,17.99,3,0.08,-41.11,0,1,1,0,0,0,0,1,0,0,0,1,0,0,1,0,0,0,1,0,0,0,0,1
34,12.44,59,13.99,4,0.21,-46.35,0,1,0,1,1,0,0,0,0,0,0,1,0,0,0,0,0,0,0,1,0,0,0,0
54,14.95,44,8.99,1,0.33,-28.72,1,0,0,0,0,1,0,0,0,0,0,0,0,0,1,0,0,0,0,0,1,0,0,1
47,1.23,54,13.99,1,0.02,-52.75,0,0,0,1,1,0,0,0,0,0,0,1,0,1,0,0,0,0,1,0,0,0,0,1
32,24.51,50,8.99,3,0.48,-25.009999999999998,1,0,0,0,0,0,0,0,0,1,0,0,0,0,0,0,1,0,0,0,0,1,0,1
30,5.12,59,17.99,1,0.09,-53.79,1,0,1,0,0,1,0,0,0,0,1,0,0,0,0,0,1,0,0,0,0,0,0,1
59,19.18,20,13.99,2,0.91,0.08999999999999986,0,1,0,1,0,0,0,1,0,0,0,0,0,1,0,0,0,0,0,0,1,0,0,0
54,25.32,57,13.99,3,0.44,-31.24,0,1,0,1,1,0,0,0,0,0,1,0,0,0,0,0,0,0,0,1,0,0,0,0
44,4.99,57,8.99,3,0.09,-51.92,1,0,0,0,0,1,0,0,0,1,0,0,0,0,0,0,0,0,0,1,0,0,0,1
35,1.75,41,13.99,1,0.04,-39.21,1,0,0,1,0,1,0,0,0,0,0,1,0,0,0,0,1,0,0,0,0,1,0,1
56,42.86,41,17.99,3,1.02,2.8800000000000026,1,0,1,0,0,1,0,0,0,0,0,1,0,0,0,0,1,0,0,0,0,0,0,0
18,4.12,47,17.99,3,0.09,-42.79,0,1,1,0,0,1,0,0,0,0,1,0,0,0,1,0,0,0,0,0,0,1,0,1
63,1.38,0,13.99,4,1.38,2.76,0,1,0,1,0,0,0,1,0,0,0,0,0,0,0,1,0,0,0,0,0,0,1,0
38,7.13,60,17.99,1,0.12,-52.75,0,1,1,0,0,1,0,0,0,0,0,0,0,0,0,0,1,0,0,1,0,0,0,1
39,7.27,31,13.99,1,0.23,-23.5,0,1,0,1,1,0,0,0,0,0,1,0,0,1,0,0,0,0,0,1,0,0,0,1
52,34.96,50,17.99,3,0.69,-14.350000000000001,0,1,1,0,0,0,1,0,0,0,0,0,0,0,0,0,0,0,0,0,1,0,0,0
57,7.31,53,17.99,3,0.14,-45.55,0,1,1,0,0,0,0,1,0,0,0,0,1,0,0,0,1,0,0,0,0,1,0,1
37,3.66,5,13.99,1,0.61,-0.7299999999999995,1,0,0,1,0,0,0,0,0,0,0,0,1,0,0,0,1,0,0,0,0,0,1,0
53,0.51,30,13.99,5,0.02,-29.47,0,1,0,1,0,0,0,0,1,0,1,0,0,0,1,0,0,0,0,0,1,0,0,0
58,31.06,38,8.99,2,0.8,-6.140000000000001,0,0,0,0,0,0,1,0,0,0,1,0,0,0,0,0,1,0,0,0,0,0,1,0
31,0.68,58,13.99,5,0.01,-57.31,0,1,0,1,0,0,0,0,1,0,0,1,0,0,0,1,0,0,0,1,0,0,0,1
38,8.93,57,17.99,4,0.15,-47.92,0,1,1,0,0,0,0,0,1,0,1,0,0,0,1,0,0,0,0,1,0,0,0,0
58,3.41,34,8.99,2,0.1,-30.49,0,0,0,0,0,0,0,1,0,0,0,0,1,0,0,1,0,0,0,0,0,0,1,1
20,24.77,55,8.99,4,0.44,-29.79,1,0,0,0,0,0,1,0,0,0,1,0,0,0,1,0,0,0,1,0,0,0,0,0
69,16.43,10,8.99,1,1.49,7.919999999999998,0,0,0,0,0,0,0,1,0,0,0,0,1,0,1,0,0,0,0,0,0,0,0,0
55,11.13,24,8.99,4,0.45,-12.42,0,1,0,0,1,0,0,0,0,1,0,0,0,1,0,0,0,0,0,0,0,1,0,0
21,0.54,36,8.99,2,0.01,-35.45,0,1,0,0,1,0,0,0,0,0,0,1,0,0,0,0,0,0,0,0,0,0,1,1
60,5.02,26,13.99,3,0.19,-20.79,0,0,0,1,0,0,0,1,0,0,0,0,1,1,0,0,0,0,0,0,1,0,0,0
34,1.34,28,13.99,3,0.05,-26.61,0,1,0,1,0,0,0,0,0,0,0,0,0,1,0,0,0,0,1,0,0,0,0,1
27,5.07,33,17.99,3,0.15,-27.78,0,1,1,0,1,0,0,0,0,0,0,0,0,0,0,1,0,0,0,0,0,0,0,1
44,5.7,18,8.99,2,0.3,-12.0,0,0,0,0,0,0,1,0,0,0,0,0,1,0,0,0,1,0,0,1,0,0,0,0
36,12.97,18,17.99,2,0.68,-4.35,0,0,1,0,0,1,0,0,0,0,0,0,1,0,0,0,0,0,1,0,0,0,0,0
63,15.51,9,13.99,1,1.55,8.059999999999999,1,0,0,1,0,0,0,0,1,1,0,0,0,0,0,0,1,0,0,0,0,0,0,0
36,48.9,23,13.99,1,2.04,27.939999999999998,0,0,0,1,0,0,1,0,0,1,0,0,0,0,0,0,1,0,0,1,0,0,0,0
34,6.79,2,13.99,2,2.26,7.050000000000001,1,0,0,1,0,0,0,1,0,0,1,0,0,0,0,0,1,0,0,0,0,1,0,0
43,2.08,45,13.99,3,0.05,-42.87,0,1,0,1,1,0,0,0,0,0,0,1,0,0,1,0,0,0,0,0,0,0,0,1
42,5.67,2,8.99,3,1.89,5.56,0,0,0,0,1,0,0,0,0,0,1,0,0,0,1,0,0,0,0,0,1,0,0,0
46,36.23,16,17.99,4,2.13,22.36,1,0,1,0,0,0,0,0,1,0,0,0,0,0,0,0,0,0,0,0,0,0,1,0
37,5.35,2,8.99,2,1.78,5.13,0,0,0,0,0,0,1,0,0,0,0,0,1,0,0,1,0,0,0,1,0,0,0,0
58,11.9,36,8.99,3,0.32,-23.78,0,0,0,0,1,0,0,0,0,0,0,0,1,0,0,0,1,0,1,0,0,0,0,1
19,8.23,34,8.99,3,0.24,-25.53,0,1,0,0,1,0,0,0,0,0,0,1,0,1,0,0,0,1,0,0,0,0,0,1
53,21.38,53,13.99,5,0.4,-31.220000000000002,0,0,0,1,0,0,0,1,0,0,0,0,1,0,0,0,0,0,1,0,0,0,0,0
61,4.19,30,13.99,2,0.14,-25.67,0,0,0,1,0,0,0,0,1,0,0,1,0,1,0,0,0,1,0,0,0,0,0,1
37,10.86,47,17.99,3,0.23,-35.91,1,0,1,0,0,0,0,0,0,0,0,0,0,1,0,0,0,0,0,0,0,1,0,1
56,3.8,26,13.99,2,0.14,-22.06,0,0,0,1,0,0,0,0,0,0,0,0,0,0,0,0,0,0,0,0,0,1,0,1
65,50.15,13,13.99,3,3.58,40.73,0,0,0,1,0,0,0,0,1,1,0,0,0,0,0,0,0,0,0,0,0,0,1,0
33,7.79,17,17.99,3,0.43,-8.78,0,1,1,0,1,0,0,0,0,0,0,0,0,0,0,1,0,0,0,0,0,0,0,0
36,15.28,54,13.99,4,0.28,-38.44,0,0,0,1,0,0,1,0,0,0,0,0,1,1,0,0,0,0,0,1,0,0,0,1
65,9.15,30,13.99,4,0.3,-20.549999999999997,0,1,0,1,0,1,0,0,0,1,0,0,0,0,0,1,0,0,0,0,1,0,0,0
44,14.25,25,13.99,1,0.55,-10.2,0,1,0,1,0,0,0,0,1,1,0,0,0,1,0,0,0,1,0,0,0,0,0,0
36,9.1,2,13.99,2,3.03,10.129999999999999,1,0,0,1,0,0,1,0,0,0,0,0,1,0,1,0,0,0,0,1,0,0,0,0
38,0.32,16,8.99,3,0.02,-15.66,0,0,0,0,0,0,0,0,1,0,0,0,1,0,1,0,0,1,0,0,0,0,0,1
44,1.03,15,8.99,3,0.06,-13.91,0,0,0,0,1,0,0,0,0,0,0,0,1,0,0,1,0,0,0,1,0,0,0,1
20,60.37,8,17.99,3,6.71,59.08,0,0,1,0,1,0,0,0,0,1,0,0,0,0,1,0,0,0,0,0,0,0,1,0
31,7.32,23,8.99,5,0.3,-15.379999999999999,0,1,0,0,1,0,0,0,0,0,1,0,0,0,0,1,0,0,1,0,0,0,0,0
33,3.8,38,17.99,2,0.1,-34.1,0,1,1,0,0,0,0,1,0,0,1,0,0,1,0,0,0,0,0,0,0,0,1,1
50,18.62,25,17.99,5,0.72,-5.66,0,0,1,0,0,0,0,0,0,0,0,0,1,0,0,1,0,0,1,0,0,0,0,0
64,16.62,58,17.99,5,0.28,-41.099999999999994,1,0,1,0,1,0,0,0,0,0,0,0,1,0,0,0,0,0,1,0,0,0,0,0
40,25.5,24,17.99,5,1.02,2.5199999999999996,0,0,1,0,1,0,0,0,0,0,0,1,0,1,0,0,0,0,0,0,0,0,0,0
67,4.62,33,8.99,5,0.14,-28.240000000000002,0,1,0,0,0,0,1,0,0,0,1,0,0,1,0,0,0,0,0,0,1,0,0,1
61,4.12,0,13.99,1,4.12,8.24,0,1,0,1,0,0,0,0,0,0,0,0,0,1,0,0,0,0,0,0,0,1,0,0
67,0.08,20,13.99,2,0.0,-19.92,1,0,0,1,0,0,1,0,0,0,1,0,0,0,0,1,0,0,0,1,0,0,0,1
53,5.96,46,8.99,1,0.13,-39.91,0,1,0,0,0,0,0,0,1,0,0,0,1,0,0,0,0,0,0,1,0,0,0,1
32,3.32,12,17.99,4,0.26,-8.42,1,0,1,0,1,0,0,0,0,1,0,0,0,0,0,0,1,0,0,0,1,0,0,0
31,6.08,25,13.99,2,0.23,-18.689999999999998,0,0,0,1,0,1,0,0,0,0,0,1,0,0,0,1,0,0,0,0,0,1,0,0
69,5.48,54,17.99,5,0.1,-48.42,0,0,1,0,0,0,1,0,0,1,0,0,0,0,0,1,0,0,0,0,0,0,0,1
55,28.25,23,8.99,1,1.18,6.43,0,1,0,0,0,0,0,0,0,0,0,1,0,0,0,0,0,0,0,0,0,0,0,0
70,5.62,25,17.99,3,0.22,-19.16,1,0,1,0,0,1,0,0,0,0,0,0,0,0,0,0,0,1,0,0,0,0,0,0
70,15.52,12,13.99,5,1.19,4.710000000000001,1,0,0,1,0,0,0,0,0,0,1,0,0,0,0,1,0,0,0,1,0,0,0,0
70,3.06,57,13.99,4,0.05,-53.89,0,0,0,1,0,0,1,0,0,0,0,1,0,0,0,0,0,1,0,0,0,0,0,1
27,17.34,16,8.99,4,1.02,2.3599999999999994,0,0,0,0,0,0,0,0,1,1,0,0,0,0,0,0,0,0,0,0,0,0,1,0
19,9.09,56,8.99,3,0.16,-46.75,1,0,0,0,0,0,0,0,1,1,0,0,0,0,0,0,0,0,0,0,0,1,0,1
63,36.14,53,8.99,4,0.67,-16.189999999999998,0,1,0,0,0,1,0,0,0,0,1,0,0,0,0,0,0,0,0,1,0,0,0,0
47,3.92,40,8.99,5,0.1,-35.980000000000004,1,0,0,0,0,0,0,1,0,0,0,0,1,0,0,0,1,0,0,1,0,0,0,1
27,17.29,11,17.99,2,1.44,7.73,1,0,1,0,0,1,0,0,0,1,0,0,0,1,0,0,0,1,0,0,0,0,0,0
33,11.53,3,8.99,5,2.88,11.41,0,0,0,0,0,1,0,0,0,0,0,1,0,0,1,0,0,0,1,0,0,0,0,0
58,8.53,48,17.99,4,0.17,-39.3,0,0,1,0,0,0,0,1,0,1,0,0,0,0,0,0,1,0,0,0,1,0,0,0
66,1.02,15,17.99,5,0.06,-13.92,0,1,1,0,0,1,0,0,0,0,1,0,0,0,0,1,0,1,0,0,0,0,0,1
55,3.81,2,13.99,1,1.27,3.08,0,0,0,1,0,0,0,1,0,0,0,1,0,0,0,1,0,0,0,0,0,0,1,0
30,9.58,35,13.99,3,0.27,-25.15,1,0,0,1,0,0,0,0,1,0,0,0,1,0,1,0,0,0,0,0,1,0,0,1
70,4.66,43,13.99,2,0.11,-38.23,0,1,0,1,0,0,1,0,0,0,0,1,0,0,1,0,0,0,0,0,1,0,0,1
70,18.46,8,17.99,4,2.05,12.510000000000002,1,0,1,0,0,0,1,0,0,0,0,1,0,0,0,0,0,0,1,0,0,0,0,0
33,11.79,15,17.99,4,0.74,-2.4700000000000006,0,0,1,0,0,0,0,1,0,0,0,0,1,0,1,0,0,0,0,0,0,0,1,0
57,9.9,45,13.99,4,0.22,-34.879999999999995,0,1,0,1,0,0,1,0,0,0,1,0,0,0,1,0,0,0,1,0,0,0,0,0
54,9.8,56,17.99,4,0.17,-46.03,0,1,1,0,0,0,1,0,0,0,0,0,1,1,0,0,0,0,0,0,0,1,0,1
30,4.72,14,13.99,3,0.31,-8.97,0,0,0,1,0,0,0,0,0,0,0,1,0,0,0,0,0,0,0,0,1,0,0,1
31,9.41,39,13.99,4,0.24,-29.35,1,0,0,1,0,1,0,0,0,0,0,0,1,0,0,0,1,0,1,0,0,0,0,0
18,0.24,9,17.99,1,0.02,-8.74,0,0,1,0,0,0,0,0,1,0,0,1,0,0,0,0,0,0,0,1,0,0,0,1
52,3.12,9,17.99,1,0.31,-5.57,1,0,1,0,0,0,0,0,1,0,0,1,0,0,0,0,1,1,0,0,0,0,0,1
36,19.03,1,17.99,2,9.52,27.55,0,0,1,0,1,0,0,0,0,0,0,0,0,1,0,0,0,0,0,0,0,0,1,0
49,8.43,2,13.99,1,2.81,9.24,0,0,0,1,0,0,0,1,0,0,0,1,0,0,0,1,0,1,0,0,0,0,0,0
49,7.02,55,8.99,3,0.13,-47.85,0,0,0,0,0,0,0,0,1,0,1,0,0,0,0,1,0,0,0,1,0,0,0,1
40,6.58,3,8.99,1,1.65,5.23,0,1,0,0,1,0,0,0,0,0,0,0,0,0,0,0,1,0,0,1,0,0,0,0
58,14.52,42,17.99,1,0.34,-27.14,0,0,1,0,1,0,0,0,0,0,0,0,0,0,0,0,1,0,0,0,1,0,0,1
56,35.01,2,13.99,4,11.67,44.68,0,0,0,1,1,0,0,0,0,0,0,0,0,1,0,0,0,0,0,0,0,0,1,0
20,5.85,15,13.99,2,0.37,-8.780000000000001,0,1,0,1,0,1,0,0,0,1,0,0,0,1,0,0,0,0,1,0,0,0,0,0
67,9.09,37,13.99,4,0.24,-27.67,0,1,0,1,0,0,0,0,1,1,0,0,0,1,0,0,0,0,0,0,1,0,0,1
18,7.7,33,8.99,2,0.23,-25.07,0,0,0,0,0,0,1,0,0,1,0,0,0,1,0,0,0,0,0,0,0,0,0,1
68,7.02,58,13.99,4,0.12,-50.86,1,0,0,1,0,0,0,1,0,0,0,0,0,0,1,0,0,0,0,0,0,1,0,0
57,4.83,3,17.99,4,1.21,3.04,0,0,1,0,0,0,0,1,0,0,0,0,0,0,0,0,0,1,0,0,0,0,0,0
23,17.3,22,8.99,2,0.75,-3.9499999999999993,0,0,0,0,0,0,0,0,0,0,0,0,1,0,0,0,1,0,1,0,0,0,0,0
29,6.93,13,17.99,1,0.49,-5.58,1,0,1,0,0,0,0,0,0,1,0,0,0,0,0,0,0,0,0,1,0,0,0,0
41,3.35,57,13.99,3,0.06,-53.59,0,0,0,1,0,0,0,1,0,0,0,0,1,1,0,0,0,0,0,0,1,0,0,1
37,3.94,2,13.99,2,1.31,3.25,0,0,0,1,0,0,0,1,0,0,1,0,0,0,1,0,0,1,0,0,0,0,0,0
45,0.12,14,17.99,5,0.01,-13.87,0,0,1,0,0,1,0,0,0,0,0,1,0,0,1,0,0,0,1,0,0,0,0,0
47,0.64,43,17.99,2,0.01,-42.35,1,0,1,0,0,0,0,0,0,0,0,0,0,1,0,0,0,0,0,0,0,1,0,1
55,7.53,8,17.99,2,0.84,0.370000000000001,0,1,1,0,0,0,0,1,0,0,0,1,0,1,0,0,0,0,0,0,1,0,0,0
70,11.44,3,8.99,4,2.86,11.299999999999999,0,1,0,0,1,0,0,0,0,0,0,1,0,0,0,0,1,0,0,0,0,1,0,0
42,3.47,36,8.99,5,0.09,-32.44,0,1,0,0,0,0,0,0,1,0,0,0,1,0,0,0,0,0,1,0,0,0,0,1
33,17.89,32,13.99,4,0.54,-13.57,1,0,0,1,1,0,0,0,0,0,1,0,0,0,0,1,0,0,0,0,0,0,1,0
57,28.44,41,8.99,1,0.68,-11.879999999999999,1,0,0,0,0,0,1,0,0,0,1,0,0,0,0,0,0,1,0,0,0,0,0,0
64,12.66,36,13.99,2,0.34,-23.0,0,0,0,1,0,0,1,0,0,0,1,0,0,1,0,0,0,0,0,0,1,0,0,1
69,3.05,57,17.99,4,0.05,-53.9,0,1,1,0,0,1,0,0,0,0,0,1,0,0,0,0,1,1,0,0,0,0,0,1
27,0.03,2,8.99,3,0.01,-1.96,0,0,0,0,0,0,0,0,0,0,1,0,0,0,1,0,0,0,0,1,0,0,0,1
39,7.64,40,17.99,1,0.19,-32.17,1,0,1,0,0,0,0,1,0,0,0,0,0,0,0,0,1,0,0,0,0,0,0,1
65,5.02,51,17.99,3,0.1,-45.88,1,0,1,0,0,0,0,0,0,1,0,0,0,1,0,0,0,1,0,0,0,0,0,1
39,12.17,18,8.99,5,0.64,-5.1899999999999995,0,1,0,0,0,0,0,0,1,0,0,1,0,0,0,0,0,0,0,0,0,0,1,0
52,8.93,38,13.99,1,0.23,-28.84,0,0,0,1,0,0,0,0,0,0,0,0,0,1,0,0,0,0,0,0,1,0,0,1
62,30.35,29,8.99,2,1.01,2.360000000000003,0,1,0,0,0,0,0,1,0,0,0,0,1,0,1,0,0,0,0,1,0,0,0,0
52,0.4,54,8.99,1,0.01,-53.59,0,1,0,0,0,1,0,0,0,0,0,0,0,0,1,0,0,0,0,0,0,1,0,1
43,0.24,3,13.99,3,0.06,-2.7,1,0,0,1,0,1,0,0,0,0,1,0,0,0,0,1,0,0,0,0,0,1,0,1
32,0.38,10,13.99,5,0.03,-9.59,0,1,0,1,1,0,0,0,0,0,0,0,0,0,0,0,0,1,0,0,0,0,0,0
18,9.88,11,17.99,4,0.82,-0.29999999999999893,0,0,1,0,0,0,0,0,1,1,0,0,0,0,1,0,0,0,0,0,0,0,1,0
45,25.86,36,8.99,3,0.7,-9.440000000000001,0,0,0,0,0,0,1,0,0,0,0,0,1,0,0,0,1,1,0,0,0,0,0,0
21,28.27,26,8.99,5,1.05,3.3200000000000003,1,0,0,0,1,0,0,0,0,1,0,0,0,0,0,1,0,0,1,0,0,0,0,0
63,6.79,46,8.99,1,0.14,-39.07,1,0,0,0,1,0,0,0,0,0,0,0,1,0,0,0,0,1,0,0,0,0,0,1
57,14.69,12,17.99,5,1.13,3.8200000000000003,1,0,1,0,0,0,0,0,0,0,0,0,0,1,0,0,0,0,0,0,0,0,1,0
24,7.75,25,13.99,5,0.3,-16.95,1,0,0,1,0,1,0,0,0,1,0,0,0,1,0,0,0,0,0,0,0,0,0,0
56,8.83,10,17.99,1,0.8,-0.3699999999999992,0,0,1,0,0,1,0,0,0,0,0,0,1,0,1,0,0,0,1,0,0,0,0,0
39,18.98,37,17.99,3,0.5,-17.52,0,1,1,0,1,0,0,0,0,1,0,0,0,0,0,1,0,1,0,0,0,0,0,0
66,31.95,12,8.99,4,2.46,22.409999999999997,0,1,0,0,0,0,0,0,0,0,1,0,0,0,1,0,0,0,0,0,1,0,0,0
38,15.01,31,17.99,5,0.47,-15.52,0,0,1,0,0,0,0,0,0,0,0,0,0,0,1,0,0,0,0,0,0,0,1,0
49,15.49,18,8.99,3,0.82,-1.6900000000000013,0,1,0,0,0,0,1,0,0,0,0,0,1,0,0,0,0,0,1,0,0,0,0,0
25,2.78,0,8.99,1,2.78,5.56,0,0,0,0,0,0,0,1,0,0,0,1,0,0,1,0,0,0,0,1,0,0,0,1
64,28.71,15,13.99,4,1.79,15.5,1,0,0,1,0,0,0,0,1,0,1,0,0,0,0,0,1,0,1,0,0,0,0,0
70,12.08,16,17.99,5,0.71,-3.210000000000001,0,1,1,0,0,0,0,1,0,1,0,0,0,0,0,1,0,1,0,0,0,0,0,0
46,12.26,45,13.99,3,0.27,-32.47,1,0,0,1,0,0,0,0,0,0,0,0,1,0,0,0,1,0,1,0,0,0,0,1
62,0.98,36,8.99,4,0.03,-34.99,0,1,0,0,0,1,0,0,0,0,0,0,0,0,0,1,0,1,0,0,0,0,0,1
56,2.98,37,8.99,4,0.08,-33.94,0,0,0,0,0,0,0,0,1,0,0,0,0,0,0,1,0,0,0,0,0,0,1,1
66,16.19,25,8.99,4,0.62,-8.189999999999998,1,0,0,0,0,0,0,0,0,0,0,1,0,0,0,1,0,0,0,1,0,0,0,0
25,4.02,19,8.99,3,0.2,-14.780000000000001,1,0,0,0,0,1,0,0,0,1,0,0,0,0,0,1,0,0,0,0,1,0,0,1
45,39.96,41,8.99,5,0.95,-0.0899999999999963,0,1,0,0,0,0,0,1,0,1,0,0,0,0,0,0,1,0,0,0,0,1,0,0
29,54.53,1,13.99,2,27.27,80.8,0,0,0,1,0,0,0,0,1,0,1,0,0,0,1,0,0,0,0,0,0,0,1,0
68,3.15,1,17.99,3,1.57,3.7199999999999998,0,1,1,0,0,0,0,0,0,0,0,0,1,0,0,0,0,0,0,0,1,0,0,0
56,24.37,26,17.99,3,0.9,-0.7300000000000004,1,0,1,0,0,1,0,0,0,1,0,0,0,0,0,0,1,0,0,0,0,1,0,0
35,9.97,13,17.99,5,0.71,-2.3200000000000003,0,0,1,0,0,0,0,0,0,0,0,1,0,0,1,0,0,0,0,1,0,0,0,0
51,8.68,8,17.99,4,0.96,1.6400000000000006,0,0,1,0,0,0,0,0,0,0,0,1,0,0,0,0,1,0,1,0,0,0,0,0
24,77.9,12,17.99,1,5.99,71.89,1,0,1,0,0,0,1,0,0,0,0,1,0,0,0,0,1,1,0,0,0,0,0,0
32,28.61,22,17.99,4,1.24,7.849999999999998,1,0,1,0,0,0,1,0,0,0,0,0,1,0,0,0,0,0,0,0,0,1,0,0
38,6.95,17,8.99,5,0.39,-9.66,1,0,0,0,0,0,0,0,1,0,0,0,1,0,0,0,0,0,1,0,0,0,0,0
27,1.04,54,13.99,3,0.02,-52.94,0,0,0,1,0,0,0,0,1,0,0,0,1,1,0,0,0,0,0,0,0,1,0,1
49,10.66,38,13.99,3,0.27,-27.07,1,0,0,1,1,0,0,0,0,0,0,1,0,0,0,0,1,0,0,1,0,0,0,1
47,20.61,56,17.99,1,0.36,-35.03,1,0,1,0,0,0,0,1,0,0,0,0,0,0,0,0,0,0,0,0,0,1,0,0
59,12.39,29,17.99,2,0.41,-16.2,1,0,1,0,0,0,0,1,0,0,0,0,1,0,0,0,0,0,0,0,0,0,0,0
64,2.11,31,8.99,4,0.07,-28.82,0,0,0,0,0,0,0,0,0,0,0,0,1,0,1,0,0,0,1,0,0,0,0,1
56,3.93,27,17.99,4,0.14,-22.93,1,0,1,0,1,0,0,0,0,0,0,1,0,0,0,0,1,0,0,1,0,0,0,0
41,1.34,4,17.99,2,0.27,-2.3899999999999997,1,0,1,0,0,1,0,0,0,1,0,0,0,0,0,0,1,0,0,0,0,0,0,0
65,4.85,45,8.99,4,0.11,-40.04,1,0,0,0,0,0,0,0,0,1,0,0,0,1,0,0,0,0,0,0,0,1,0,1
59,7.26,30,17.99,4,0.23,-22.509999999999998,0,1,1,0,1,0,0,0,0,0,1,0,0,0,0,1,0,0,0,1,0,0,0,0
64,31.16,47,17.99,5,0.65,-15.190000000000001,1,0,1,0,0,0,0,1,0,0,1,0,0,0,0,0,0,0,0,0,0,1,0,0
55,9.76,37,17.99,2,0.26,-26.98,0,0,1,0,0,1,0,0,0,0,0,0,0,0,0,1,0,0,0,1,0,0,0,1
51,24.3,38,13.99,2,0.62,-13.079999999999998,1,0,0,1,0,0,0,0,1,0,0,0,0,0,1,0,0,0,0,0,1,0,0,0
54,2.1,50,17.99,1,0.04,-47.86,1,0,1,0,0,0,0,1,0,0,0,0,1,0,0,1,0,0,0,0,1,0,0,1
21,6.2,4,13.99,5,1.24,3.4400000000000004,0,0,0,1,0,0,0,1,0,0,1,0,0,0,1,0,0,0,0,0,0,0,0,0
22,5.12,27,8.99,4,0.18,-21.7,0,0,0,0,0,0,1,0,0,1,0,0,0,0,0,0,1,0,0,0,0,1,0,0
21,27.5,26,17.99,2,1.02,2.5199999999999996,0,0,1,0,0,0,0,0,1,0,0,0,1,1,0,0,0,0,0,0,1,0,0,0
49,10.34,20,13.99,3,0.49,-9.17,0,0,0,1,0,1,0,0,0,0,1,0,0,0,0,1,0,0,0,0,0,0,1,0
53,4.37,48,17.99,3,0.09,-43.54,0,0,1,0,0,1,0,0,0,0,0,0,1,0,0,0,1,1,0,0,0,0,0,1
33,10.71,25,13.99,1,0.41,-13.879999999999999,0,1,0,1,0,0,1,0,0,1,0,0,0,0,0,0,0,0,0,0,1,0,0,0
58,1.03,50,8.99,4,0.02,-48.95,0,1,0,0,0,0,0,0,0,0,1,0,0,0,0,0,0,0,0,1,0,0,0,1
43,5.78,11,17.99,5,0.48,-4.74,0,1,1,0,0,0,0,0,0,0,0,0,0,0,0,0,1,0,0,0,0,0,1,0
52,5.2,20,8.99,3,0.25,-14.55,0,0,0,0,0,0,0,0,1,0,0,1,0,0,0,0,1,0,0,0,1,0,0,0
33,3.76,16,13.99,5,0.22,-12.02,0,1,0,1,0,0,1,0,0,0,0,1,0,0,1,0,0,1,0,0,0,0,0,0
70,7.61,1,17.99,5,3.81,10.42,0,1,1,0,0,0,0,0,1,1,0,0,0,0,0,0,0,0,0,1,0,0,0,0
33,2.53,30,13.99,3,0.08,-27.39,1,0,0,1,1,0,0,0,0,0,0,1,0,0,1,0,0,1,0,0,0,0,0,1
52,4.47,7,8.99,3,0.56,-1.9700000000000006,0,0,0,0,0,0,1,0,0,0,0,0,1,0,1,0,0,0,0,0,0,0,0,1
49,9.01,31,13.99,3,0.28,-21.71,0,1,0,1,0,1,0,0,0,1,0,0,0,0,0,0,1,0,0,0,0,0,0,1
55,12.56,46,8.99,1,0.27,-33.17,1,0,0,0,1,0,0,0,0,1,0,0,0,0,0,0,1,0,0,0,1,0,0,1
54,8.46,41,8.99,2,0.2,-32.34,1,0,0,0,0,0,0,1,0,1,0,0,0,0,0,0,1,0,0,0,0,1,0,1
60,49.16,11,8.99,3,4.1,42.26,0,0,0,0,0,1,0,0,0,0,0,1,0,0,1,0,0,0,1,0,0,0,0,0
47,0.29,10,8.99,4,0.03,-9.68,0,1,0,0,0,0,0,0,0,0,1,0,0,0,1,0,0,0,0,0,1,0,0,1
26,2.87,50,13.99,3,0.06,-47.07,1,0,0,1,0,0,0,0,0,0,0,0,0,0,0,0,1,0,0,1,0,0,0,1
50,18.3,25,8.99,1,0.7,-6.0,0,0,0,0,0,0,1,0,0,0,1,0,0,0,0,1,0,0,0,0,0,0,1,0
44,5.85,5,8.99,1,0.97,1.8199999999999994,0,1,0,0,1,0,0,0,0,0,0,0,1,0,0,0,1,0,0,0,0,0,0,0
60,15.15,37,13.99,2,0.4,-21.45,1,0,0,1,0,1,0,0,0,0,0,1,0,1,0,0,0,0,0,0,0,1,0,1
41,2.49,26,17.99,2,0.09,-23.42,0,1,1,0,0,1,0,0,0,0,0,1,0,1,0,0,0,0,0,0,0,0,0,1
40,14.79,15,8.99,1,0.92,0.7099999999999991,1,0,0,0,0,1,0,0,0,0,0,1,0,0,0,0,0,0,0,0,0,0,1,0
42,0.33,43,8.99,2,0.01,-42.66,0,1,0,0,0,0,0,1,0,0,0,1,0,0,0,1,0,0,1,0,0,0,0,1
34,1.56,8,17.99,3,0.17,-6.27,0,0,1,0,0,0,1,0,0,0,0,0,1,0,0,0,1,0,0,0,1,0,0,1
24,2.42,24,8.99,3,0.1,-21.48,0,1,0,0,0,0,0,0,0,0,0,0,1,0,0,0,1,0,0,0,1,0,0,1
24,6.65,7,17.99,4,0.83,0.4800000000000004,1,0,1,0,0,1,0,0,0,0,1,0,0,1,0,0,0,0,0,0,1,0,0,0
70,18.5,54,13.99,4,0.34,-35.16,0,1,0,1,0,0,0,1,0,0,1,0,0,0,1,0,0,0,0,0,0,0,0,0
52,2.61,51,8.99,5,0.05,-48.34,1,0,0,0,0,0,1,0,0,0,0,0,0,1,0,0,0,0,0,0,1,0,0,1
36,17.33,21,17.99,4,0.79,-2.8800000000000026,0,0,1,0,0,0,0,0,1,0,1,0,0,1,0,0,0,0,0,1,0,0,0,0
25,0.05,52,8.99,1,0.0,-51.95,0,0,0,0,0,0,0,0,0,0,0,0,1,0,1,0,0,0,0,0,0,0,0,1
38,76.2,12,8.99,5,5.86,70.06,0,0,0,0,0,0,0,0,0,1,0,0,0,1,0,0,0,0,0,0,0,1,0,0
58,17.93,7,17.99,1,2.24,13.170000000000002,0,0,1,0,0,1,0,0,0,1,0,0,0,0,0,0,0,0,1,0,0,0,0,0
19,17.12,11,17.99,1,1.43,7.550000000000001,0,0,1,0,0,1,0,0,0,0,0,1,0,0,0,0,0,0,0,0,0,0,1,0
54,11.19,27,8.99,1,0.4,-15.41,0,1,0,0,0,0,0,0,1,0,0,1,0,0,0,1,0,1,0,0,0,0,0,1
26,9.6,18,13.99,4,0.51,-7.890000000000001,0,1,0,1,0,0,0,1,0,0,0,0,0,1,0,0,0,0,0,0,1,0,0,0
23,30.22,27,17.99,1,1.08,4.299999999999997,0,1,1,0,0,0,0,0,1,0,0,0,0,0,0,1,0,0,0,0,0,0,1,0
25,12.69,39,8.99,3,0.32,-25.990000000000002,1,0,0,0,0,1,0,0,0,0,1,0,0,0,0,0,0,0,0,0,0,0,1,1
18,29.27,45,8.99,1,0.64,-15.09,1,0,0,0,1,0,0,0,0,1,0,0,0,1,0,0,0,0,0,0,0,0,1,1
44,40.75,9,8.99,1,4.08,35.83,0,0,0,0,0,0,0,0,1,0,0,0,0,0,0,1,0,0,1,0,0,0,0,0
56,15.94,12,8.99,2,1.23,5.169999999999998,1,0,0,0,0,0,1,0,0,0,0,1,0,0,0,1,0,0,1,0,0,0,0,0
63,27.89,30,8.99,4,0.9,-1.2100000000000009,1,0,0,0,1,0,0,0,0,0,0,0,0,0,1,0,0,0,0,0,0,1,0,0
70,24.78,19,13.99,1,1.24,7.02,1,0,0,1,0,0,1,0,0,1,0,0,0,0,0,1,0,0,0,0,0,0,1,0
53,27.97,35,17.99,1,0.78,-6.25,1,0,1,0,0,0,0,0,0,0,0,0,0,1,0,0,0,0,1,0,0,0,0,0
61,16.07,32,17.99,5,0.49,-15.440000000000001,0,0,1,0,1,0,0,0,0,0,0,0,0,0,0,1,0,0,0,0,0,0,0,1
59,0.32,29,13.99,4,0.01,-28.67,0,0,0,1,0,0,0,0,0,0,1,0,0,0,1,0,0,0,0,0,1,0,0,0
31,2.85,5,8.99,5,0.48,-1.67,1,0,0,0,0,0,0,1,0,0,1,0,0,0,1,0,0,0,0,0,1,0,0,1
44,6.78,6,17.99,5,0.97,1.75,0,1,1,0,0,0,0,0,0,1,0,0,0,0,0,0,1,0,0,0,0,0,0,0
18,12.95,39,17.99,4,0.32,-25.73,0,0,1,0,0,0,1,0,0,0,0,1,0,0,0,1,0,0,0,0,0,1,0,1
64,1.74,20,8.99,5,0.08,-18.18,0,0,0,0,0,1,0,0,0,1,0,0,0,0,1,0,0,0,0,0,0,0,0,1
59,1.36,57,8.99,1,0.02,-55.62,0,1,0,0,0,0,1,0,0,0,0,0,1,0,0,1,0,0,0,0,0,0,1,1
27,3.46,42,13.99,5,0.08,-38.46,0,0,0,1,0,1,0,0,0,1,0,0,0,0,0,1,0,1,0,0,0,0,0,1
36,16.29,48,13.99,4,0.33,-31.380000000000003,0,0,0,1,0,0,1,0,0,0,1,0,0,1,0,0,0,0,1,0,0,0,0,1
28,12.94,40,8.99,3,0.32,-26.740000000000002,0,1,0,0,0,1,0,0,0,0,1,0,0,0,0,0,1,1,0,0,0,0,0,1
66,5.27,6,8.99,5,0.75,0.019999999999999574,0,0,0,0,0,0,0,0,1,0,1,0,0,0,0,0,0,0,1,0,0,0,0,0
24,16.17,33,17.99,2,0.48,-16.349999999999998,0,0,1,0,0,0,0,0,1,0,0,0,1,0,0,1,0,0,0,0,0,1,0,1
66,10.41,1,17.99,5,5.21,14.620000000000001,1,0,1,0,0,0,1,0,0,1,0,0,0,0,0,0,0,1,0,0,0,0,0,0
60,20.76,8,8.99,4,2.31,15.07,0,0,0,0,1,0,0,0,0,1,0,0,0,0,0,0,0,0,0,0,0,0,0,0
45,0.45,44,17.99,3,0.01,-43.54,1,0,1,0,1,0,0,0,0,0,1,0,0,0,1,0,0,1,0,0,0,0,0,1
54,11.9,49,8.99,5,0.24,-36.86,0,0,0,0,0,0,0,0,1,0,0,0,0,0,0,0,1,0,0,0,1,0,0,1
33,43.55,4,8.99,1,8.71,48.26,1,0,0,0,0,0,0,0,1,0,0,1,0,0,0,1,0,0,1,0,0,0,0,0
69,5.4,14,17.99,3,0.36,-8.239999999999998,1,0,1,0,0,0,0,0,0,0,0,1,0,1,0,0,0,0,0,0,0,0,1,0
44,12.56,53,13.99,3,0.23,-40.21,0,1,0,1,0,0,1,0,0,1,0,0,0,1,0,0,0,0,0,0,0,0,0,1
39,34.56,39,8.99,1,0.86,-3.5799999999999983,1,0,0,0,0,1,0,0,0,0,1,0,0,0,1,0,0,1,0,0,0,0,0,0
53,3.41,50,17.99,1,0.07,-46.52,0,0,1,0,0,0,0,1,0,1,0,0,0,0,1,0,0,0,0,0,0,1,0,1
33,5.76,40,13.99,5,0.14,-34.1,1,0,0,1,0,1,0,0,0,0,0,0,0,0,0,1,0,1,0,0,0,0,0,1
36,1.11,39,8.99,1,0.03,-37.86,0,1,0,0,0,0,0,1,0,0,0,1,0,0,0,0,0,0,1,0,0,0,0,1
65,3.84,3,8.99,3,0.96,1.7999999999999998,0,1,0,0,0,0,0,1,0,0,0,0,0,0,0,0,0,1,0,0,0,0,0,0
23,15.27,27,17.99,1,0.55,-11.18,0,1,1,0,1,0,0,0,0,0,0,0,1,0,0,0,1,0,0,1,0,0,0,0
22,7.28,43,17.99,5,0.17,-35.55,0,0,1,0,0,0,1,0,0,0,0,0,0,0,1,0,0,0,0,0,0,0,1,0
51,0.73,46,13.99,5,0.02,-45.25,0,1,0,1,0,0,1,0,0,1,0,0,0,1,0,0,0,0,1,0,0,0,0,1
69,21.64,27,17.99,5,0.77,-4.59,1,0,1,0,0,1,0,0,0,0,1,0,0,0,0,1,0,1,0,0,0,0,0,0
57,4.12,10,8.99,1,0.37,-5.51,0,0,0,0,0,0,0,0,1,0,0,1,0,0,1,0,0,0,0,0,0,0,1,1
28,0.77,21,17.99,2,0.04,-20.19,0,1,1,0,0,0,1,0,0,0,1,0,0,1,0,0,0,0,0,0,0,0,0,1
65,13.42,52,8.99,3,0.25,-38.33,0,0,0,0,1,0,0,0,0,0,0,0,1,0,0,0,1,0,0,0,1,0,0,1
31,4.03,24,17.99,5,0.16,-19.81,0,0,1,0,0,0,0,1,0,0,1,0,0,0,0,1,0,0,0,1,0,0,0,1
54,4.41,9,13.99,2,0.44,-4.1499999999999995,0,0,0,1,0,0,1,0,0,1,0,0,0,0,0,1,0,0,0,0,0,0,1,1
46,14.86,47,8.99,4,0.31,-31.83,1,0,0,0,0,0,0,0,1,0,0,1,0,0,0,0,1,0,0,0,0,1,0,1
39,11.04,60,17.99,4,0.18,-48.78,0,1,1,0,0,1,0,0,0,0,0,0,1,1,0,0,0,0,0,0,1,0,0,1
29,15.36,31,17.99,1,0.48,-15.16,1,0,1,0,0,0,0,0,1,0,1,0,0,1,0,0,0,0,0,0,0,0,1,1
50,9.54,38,8.99,3,0.24,-28.22,0,1,0,0,0,1,0,0,0,1,0,0,0,0,0,0,1,0,0,0,0,0,0,1
54,14.18,45,8.99,5,0.31,-30.509999999999998,1,0,0,0,0,0,0,0,0,0,1,0,0,0,0,0,1,0,1,0,0,0,0,1
32,1.52,10,13.99,3,0.14,-8.34,1,0,0,1,1,0,0,0,0,0,0,0,0,0,0,0,1,0,0,0,0,0,0,1
25,0.82,22,17.99,1,0.04,-21.14,0,0,1,0,0,0,0,1,0,0,0,0,1,1,0,0,0,0,0,0,0,1,0,1
64,0.34,1,17.99,3,0.17,-0.49,0,1,1,0,0,1,0,0,0,0,0,0,0,0,0,1,0,1,0,0,0,0,0,1
44,1.01,13,13.99,4,0.07,-11.92,1,0,0,1,0,1,0,0,0,1,0,0,0,0,0,0,1,0,0,0,0,0,0,0
44,7.47,19,17.99,1,0.37,-11.16,0,0,1,0,0,1,0,0,0,0,0,0,0,0,1,0,0,0,0,0,0,0,0,0
18,6.57,50,8.99,3,0.13,-43.3,1,0,0,0,0,0,0,0,0,1,0,0,0,0,0,0,1,0,1,0,0,0,0,1
38,39.29,54,8.99,5,0.71,-14.0,0,0,0,0,0,0,1,0,0,0,0,1,0,0,0,0,0,0,0,0,0,1,0,0
36,3.16,23,13.99,5,0.13,-19.71,0,0,0,1,0,0,0,1,0,0,0,0,1,1,0,0,0,1,0,0,0,0,0,1
18,0.75,11,8.99,5,0.06,-10.19,0,0,0,0,0,0,0,0,0,1,0,0,0,1,0,0,0,0,0,0,0,1,0,1
21,5.57,21,8.99,3,0.25,-15.18,0,1,0,0,0,0,0,1,0,0,0,1,0,0,0,0,1,0,0,0,0,1,0,0
37,3.72,31,13.99,2,0.12,-27.16,1,0,0,1,0,0,0,0,0,0,1,0,0,0,1,0,0,0,0,0,0,1,0,1
34,1.94,39,17.99,5,0.05,-37.01,0,1,1,0,0,0,0,0,1,0,0,1,0,0,0,1,0,0,0,1,0,0,0,1
36,1.46,60,17.99,5,0.02,-58.52,0,0,1,0,0,1,0,0,0,0,0,0,0,0,0,1,0,0,0,0,0,0,1,1
51,2.29,51,8.99,3,0.04,-48.67,0,1,0,0,0,0,1,0,0,1,0,0,0,0,0,0,0,0,0,0,0,0,1,1
54,6.72,47,8.99,4,0.14,-40.14,0,0,0,0,0,1,0,0,0,1,0,0,0,0,1,0,0,0,0,1,0,0,0,1
37,2.44,8,17.99,2,0.27,-5.29,1,0,1,0,0,1,0,0,0,0,1,0,0,1,0,0,0,1,0,0,0,0,0,1
20,5.46,59,13.99,2,0.09,-53.45,0,1,0,1,0,0,0,0,1,0,1,0,0,0,0,1,0,0,0,0,0,1,0,1
20,5.64,24,8.99,2,0.23,-18.13,0,1,0,0,0,0,0,0,0,0,0,0,1,0,1,0,0,0,0,0,0,0,0,0
51,3.38,40,13.99,3,0.08,-36.54,0,1,0,1,1,0,0,0,0,0,0,0,0,0,0,1,0,0,0,0,0,0,1,1
39,1.86,55,17.99,3,0.03,-53.11,0,0,1,0,0,0,0,1,0,1,0,0,0,0,1,0,0,0,1,0,0,0,0,1
52,4.12,1,17.99,4,2.06,5.18,0,0,1,0,0,0,0,0,1,1,0,0,0,1,0,0,0,0,0,0,0,0,1,0
34,7.32,57,13.99,1,0.13,-49.55,0,1,0,1,0,1,0,0,0,0,0,0,1,1,0,0,0,0,0,0,0,0,1,1
35,34.3,18,13.99,1,1.81,18.11,0,0,0,1,0,0,0,1,0,0,1,0,0,0,0,0,0,0,0,1,0,0,0,0
47,3.78,56,17.99,3,0.07,-52.15,1,0,1,0,0,0,0,1,0,1,0,0,0,0,1,0,0,0,1,0,0,0,0,1
42,10.89,15,13.99,5,0.68,-3.4299999999999997,1,0,0,1,0,0,0,0,0,0,0,0,1,0,0,1,0,0,0,0,0,1,0,0
34,5.24,20,17.99,3,0.25,-14.51,0,0,1,0,0,1,0,0,0,0,0,0,0,0,1,0,0,0,0,0,0,1,0,0
44,46.8,46,17.99,4,1.0,1.7999999999999972,0,1,1,0,0,0,0,1,0,0,1,0,0,1,0,0,0,0,0,0,0,1,0,0
34,22.76,59,17.99,3,0.38,-35.86,0,1,1,0,0,0,1,0,0,1,0,0,0,0,0,0,0,0,0,0,0,0,0,0
68,5.61,41,17.99,1,0.13,-35.26,0,1,1,0,0,0,0,0,0,0,0,1,0,0,0,0,1,0,0,0,0,0,0,1
20,2.16,28,8.99,1,0.07,-25.77,1,0,0,0,0,1,0,0,0,0,0,0,0,0,0,0,0,0,1,0,0,0,0,1
55,13.16,57,13.99,5,0.23,-43.61,1,0,0,1,0,0,0,0,0,0,1,0,0,1,0,0,0,0,0,0,0,0,1,1
68,10.16,25,17.99,3,0.39,-14.45,0,0,1,0,0,0,0,0,0,0,0,0,1,0,1,0,0,0,0,0,1,0,0,0
24,35.74,48,13.99,1,0.73,-11.530000000000001,0,0,0,1,0,0,0,0,1,0,0,0,0,0,0,0,0,1,0,0,0,0,0,0
48,0.91,38,8.99,4,0.02,-37.07,1,0,0,0,0,0,0,0,1,0,0,0,1,0,1,0,0,0,0,0,0,1,0,1
46,7.78,37,13.99,4,0.2,-29.02,0,0,0,1,0,0,0,0,0,0,0,1,0,0,0,1,0,0,1,0,0,0,0,1
70,4.55,22,17.99,1,0.2,-17.25,0,1,1,0,0,0,0,1,0,0,1,0,0,0,1,0,0,0,0,0,0,0,1,1
25,22.21,57,8.99,3,0.38,-34.41,1,0,0,0,0,0,0,0,1,0,0,1,0,0,1,0,0,0,0,0,1,0,0,1
41,1.2,49,13.99,4,0.02,-47.78,0,1,0,1,0,0,0,0,0,1,0,0,0,0,0,0,0,0,0,0,0,1,0,1
22,3.76,59,8.99,3,0.06,-55.18,1,0,0,0,0,1,0,0,0,0,0,1,0,0,0,0,1,0,1,0,0,0,0,1
24,10.15,9,8.99,2,1.02,2.17,0,1,0,0,1,0,0,0,0,0,0,1,0,0,1,0,0,0,0,0,0,0,0,0
24,2.28,43,8.99,5,0.05,-40.67,0,1,0,0,0,0,1,0,0,0,1,0,0,0,0,1,0,0,0,1,0,0,0,1
25,6.08,19,17.99,3,0.3,-12.620000000000001,0,1,1,0,0,0,0,0,0,0,0,0,1,0,0,0,0,0,1,0,0,0,0,0
29,25.31,15,8.99,4,1.58,11.89,0,0,0,0,0,0,0,0,1,0,1,0,0,0,0,1,0,0,1,0,0,0,0,0
62,19.11,21,8.99,5,0.87,-1.0199999999999996,0,0,0,0,0,1,0,0,0,1,0,0,0,0,0,1,0,0,0,0,0,0,0,0
35,21.25,46,8.99,3,0.45,-24.3,0,0,0,0,0,0,0,1,0,0,0,0,0,0,0,0,0,0,0,1,0,0,0,1
41,6.0,26,8.99,4,0.22,-19.78,1,0,0,0,0,0,0,0,0,1,0,0,0,0,1,0,0,0,0,0,0,0,0,0
66,7.68,52,17.99,2,0.14,-44.18,1,0,1,0,0,1,0,0,0,0,1,0,0,0,1,0,0,0,0,0,0,0,1,1
38,10.9,45,8.99,4,0.24,-33.86,0,1,0,0,0,0,0,0,1,0,0,0,1,0,0,0,0,0,0,0,0,0,1,1
48,23.03,54,17.99,4,0.42,-30.549999999999997,1,0,1,0,0,0,1,0,0,0,0,0,0,0,0,0,0,0,1,0,0,0,0,0
50,6.59,6,8.99,2,0.94,1.5299999999999994,0,1,0,0,1,0,0,0,0,0,0,0,1,0,0,0,0,0,0,0,1,0,0,0
51,1.56,55,8.99,3,0.03,-53.41,1,0,0,0,0,0,1,0,0,0,1,0,0,1,0,0,0,0,0,0,0,0,0,1
24,1.59,42,8.99,5,0.04,-40.37,1,0,0,0,1,0,0,0,0,0,1,0,0,0,0,1,0,0,0,0,0,0,0,1
44,3.91,2,8.99,4,1.3,3.21,1,0,0,0,0,0,0,0,1,1,0,0,0,0,0,0,0,0,0,1,0,0,0,0
65,2.96,33,8.99,1,0.09,-29.95,1,0,0,0,0,0,0,0,0,0,1,0,0,0,0,0,1,0,0,0,0,0,1,1
35,9.88,10,17.99,3,0.9,0.7800000000000011,1,0,1,0,0,0,0,0,1,0,1,0,0,0,1,0,0,0,0,0,0,0,1,0
62,7.43,49,8.99,4,0.15,-41.42,0,1,0,0,0,0,0,0,0,0,1,0,0,0,0,1,0,0,0,0,1,0,0,1
26,25.0,12,17.99,2,1.92,14.920000000000002,0,1,1,0,0,0,0,1,0,0,1,0,0,0,0,1,0,0,0,0,1,0,0,0
22,42.86,54,17.99,4,0.78,-10.36,0,1,1,0,0,0,0,0,1,0,1,0,0,0,0,1,0,0,0,0,0,0,0,0
33,3.05,28,8.99,5,0.11,-24.84,0,0,0,0,0,0,0,0,0,1,0,0,0,0,0,0,1,0,0,0,0,1,0,1
25,9.7,4,8.99,2,1.94,7.639999999999999,1,0,0,0,0,0,1,0,0,0,0,0,0,0,0,0,1,0,0,0,1,0,0,0
61,2.36,6,13.99,1,0.34,-3.3000000000000003,0,0,0,1,1,0,0,0,0,0,0,1,0,1,0,0,0,0,0,1,0,0,0,1
61,5.83,20,8.99,5,0.28,-13.89,0,0,0,0,0,0,1,0,0,0,0,0,1,0,0,0,0,0,0,0,0,0,0,0
50,20.95,18,13.99,4,1.1,4.050000000000001,1,0,0,1,1,0,0,0,0,0,0,0,1,0,0,1,0,0,0,1,0,0,0,0
26,1.54,20,8.99,4,0.07,-18.39,1,0,0,0,0,0,1,0,0,0,0,0,1,0,0,0,1,0,0,0,1,0,0,1
46,4.56,14,13.99,2,0.3,-9.14,0,0,0,1,0,0,0,0,1,1,0,0,0,0,0,1,0,0,0,0,1,0,0,1
63,3.98,20,13.99,3,0.19,-15.83,1,0,0,1,0,1,0,0,0,1,0,0,0,1,0,0,0,0,0,0,1,0,0,1
54,0.48,59,17.99,4,0.01,-58.51,0,1,1,0,1,0,0,0,0,0,0,0,0,1,0,0,0,0,0,0,0,1,0,1
40,0.28,37,8.99,2,0.01,-36.71,1,0,0,0,0,0,0,0,1,0,0,0,0,0,0,1,0,0,0,0,0,1,0,1
18,20.23,36,13.99,4,0.55,-15.219999999999999,1,0,0,1,0,1,0,0,0,0,1,0,0,0,0,0,0,0,0,0,0,1,0,0
63,0.67,9,17.99,5,0.07,-8.26,1,0,1,0,0,0,0,0,0,0,0,0,1,0,0,0,0,0,0,0,1,0,0,0
62,18.27,41,13.99,3,0.43,-22.3,0,1,0,1,0,1,0,0,0,0,0,1,0,0,0,1,0,0,0,0,0,1,0,1
42,1.87,20,17.99,3,0.09,-18.04,1,0,1,0,0,0,0,0,0,0,1,0,0,0,1,0,0,0,0,1,0,0,0,1
29,23.05,36,13.99,4,0.62,-12.329999999999998,1,0,0,1,0,0,0,0,0,0,1,0,0,0,0,1,0,0,1,0,0,0,0,0
66,2.61,44,8.99,1,0.06,-41.33,0,0,0,0,0,0,0,1,0,0,0,1,0,0,0,0,0,0,0,0,0,0,0,1
57,15.52,13,17.99,5,1.11,3.629999999999999,1,0,1,0,0,0,0,1,0,0,0,0,1,1,0,0,0,0,0,0,0,0,0,0
56,38.59,10,8.99,2,3.51,32.1,0,0,0,0,0,0,0,1,0,0,1,0,0,0,0,1,0,0,0,0,0,0,1,0
32,14.22,48,8.99,3,0.29,-33.49,1,0,0,0,0,0,1,0,0,0,0,1,0,1,0,0,0,1,0,0,0,0,0,1
69,3.46,60,13.99,5,0.06,-56.48,1,0,0,1,0,0,1,0,0,0,0,0,0,1,0,0,0,0,0,0,0,0,0,1
30,5.97,2,17.99,3,1.99,5.96,0,0,1,0,0,0,0,0,1,0,0,0,1,0,0,0,0,0,0,0,1,0,0,0
56,6.94,27,8.99,3,0.25,-19.81,1,0,0,0,0,0,0,0,1,0,1,0,0,0,0,1,0,1,0,0,0,0,0,1
35,22.39,45,8.99,1,0.49,-22.12,1,0,0,0,0,1,0,0,0,0,1,0,0,0,0,1,0,0,0,0,0,0,1,1
41,3.61,29,13.99,5,0.12,-25.27,0,1,0,1,1,0,0,0,0,0,0,0,1,0,1,0,0,0,0,0,0,0,0,0
43,0.37,16,8.99,5,0.02,-15.61,0,1,0,0,0,0,0,0,0,0,0,1,0,0,1,0,0,0,1,0,0,0,0,1
60,6.3,3,8.99,2,1.57,4.87,0,0,0,0,0,0,1,0,0,0,1,0,0,0,1,0,0,1,0,0,0,0,0,0
22,15.39,58,17.99,2,0.26,-42.35,0,0,1,0,0,0,0,0,0,0,0,0,0,0,0,0,0,0,0,0,0,0,1,1
18,3.19,16,8.99,4,0.19,-12.620000000000001,0,0,0,0,0,0,1,0,0,1,0,0,0,0,0,1,0,0,0,0,0,0,0,1
41,19.33,6,8.99,5,2.76,16.089999999999996,1,0,0,0,0,1,0,0,0,1,0,0,0,0,0,1,0,0,0,0,1,0,0,0
53,40.81,17,8.99,1,2.27,26.080000000000005,0,0,0,0,0,0,0,0,0,0,1,0,0,0,0,1,0,1,0,0,0,0,0,0
37,7.26,57,8.99,4,0.13,-49.61,0,1,0,0,0,0,0,1,0,0,0,1,0,0,0,1,0,0,0,0,1,0,0,1
37,18.92,0,13.99,1,18.92,37.84,1,0,0,1,0,0,1,0,0,0,0,1,0,1,0,0,0,0,0,0,0,0,0,0
41,8.26,57,17.99,4,0.14,-48.6,1,0,1,0,0,0,1,0,0,0,1,0,0,1,0,0,0,0,1,0,0,0,0,1
59,8.85,16,8.99,3,0.52,-6.630000000000001,1,0,0,0,1,0,0,0,0,0,0,0,1,0,0,0,0,0,1,0,0,0,0,0
28,4.14,37,17.99,2,0.11,-32.75,0,0,1,0,0,0,0,0,1,0,0,0,1,0,0,1,0,0,1,0,0,0,0,1
70,20.54,19,17.99,4,1.03,2.5700000000000003,0,1,1,0,0,1,0,0,0,0,0,1,0,1,0,0,0,0,0,0,1,0,0,0
50,9.9,10,13.99,2,0.9,0.8000000000000007,0,1,0,1,0,0,1,0,0,0,0,0,0,0,1,0,0,0,0,1,0,0,0,0
62,4.03,50,17.99,4,0.08,-45.89,0,1,1,0,0,1,0,0,0,0,1,0,0,0,0,1,0,0,0,0,1,0,0,1
51,1.67,28,17.99,4,0.06,-26.27,0,1,1,0,0,0,0,0,0,0,0,0,1,1,0,0,0,0,0,0,0,0,0,1
27,12.8,43,8.99,2,0.29,-29.91,0,1,0,0,0,0,1,0,0,0,0,1,0,0,1,0,0,0,0,0,1,0,0,1
63,17.51,12,13.99,1,1.35,6.860000000000003,0,1,0,1,0,0,0,0,1,0,0,0,1,0,0,0,1,0,0,0,0,1,0,0
56,45.06,6,17.99,5,6.44,45.5,0,1,1,0,0,0,0,0,0,0,1,0,0,0,0,1,0,0,0,0,0,0,0,0
56,21.77,51,13.99,2,0.42,-28.81,0,1,0,1,1,0,0,0,0,0,0,1,0,0,0,0,0,0,0,1,0,0,0,0
57,12.13,24,17.99,1,0.49,-11.379999999999999,1,0,1,0,0,0,0,0,0,1,0,0,0,1,0,0,0,0,0,0,0,1,0,0
64,3.68,55,13.99,5,0.07,-51.25,0,1,0,1,0,0,0,0,1,0,1,0,0,1,0,0,0,1,0,0,0,0,0,1
50,0.73,24,17.99,2,0.03,-23.24,0,1,1,0,0,0,1,0,0,0,0,0,1,1,0,0,0,0,0,0,0,0,0,1
63,2.37,28,8.99,5,0.08,-25.55,0,1,0,0,0,0,0,0,1,1,0,0,0,0,1,0,0,1,0,0,0,0,0,1
47,13.83,54,13.99,3,0.25,-39.92,0,1,0,1,0,0,0,0,0,0,1,0,0,0,0,1,0,0,1,0,0,0,0,1
27,15.99,37,17.99,2,0.42,-20.59,0,0,1,0,0,0,0,0,0,0,0,0,1,0,0,1,0,0,0,1,0,0,0,1
21,21.57,47,8.99,3,0.45,-24.98,1,0,0,0,0,0,1,0,0,0,1,0,0,0,1,0,0,1,0,0,0,0,0,1
52,6.62,56,17.99,1,0.12,-49.26,0,1,1,0,1,0,0,0,0,0,0,0,0,0,0,1,0,1,0,0,0,0,0,1
27,20.06,45,13.99,4,0.44,-24.5,0,1,0,1,0,1,0,0,0,1,0,0,0,0,1,0,0,0,0,0,0,0,0,0
28,0.79,40,8.99,1,0.02,-39.19,0,1,0,0,1,0,0,0,0,1,0,0,0,0,0,1,0,0,0,0,0,0,0,1
18,3.49,54,13.99,3,0.06,-50.45,1,0,0,1,0,0,0,1,0,1,0,0,0,1,0,0,0,0,0,0,0,0,1,1
19,8.12,2,17.99,1,2.71,8.829999999999998,0,1,1,0,0,1,0,0,0,1,0,0,0,0,0,0,1,0,0,0,0,0,0,0
34,28.39,41,17.99,2,0.68,-11.93,1,0,1,0,0,0,0,0,0,1,0,0,0,1,0,0,0,0,0,0,1,0,0,0
63,1.3,20,8.99,5,0.06,-18.64,1,0,0,0,0,0,0,0,0,1,0,0,0,1,0,0,0,0,0,0,1,0,0,1
60,7.31,21,17.99,3,0.33,-13.36,1,0,1,0,0,0,0,0,0,0,0,0,0,0,0,1,0,0,0,0,1,0,0,0
24,3.05,9,13.99,1,0.3,-5.65,1,0,0,1,0,0,1,0,0,0,0,1,0,1,0,0,0,0,0,0,0,0,0,1
34,8.64,8,17.99,4,0.96,1.6000000000000014,0,1,1,0,0,0,0,1,0,0,0,1,0,0,0,1,0,0,0,0,0,0,0,0
55,17.61,35,8.99,1,0.49,-16.900000000000002,0,0,0,0,0,0,0,0,1,0,0,0,0,0,0,1,0,1,0,0,0,0,0,1
31,5.68,49,17.99,2,0.11,-43.21,0,0,1,0,1,0,0,0,0,1,0,0,0,1,0,0,0,1,0,0,0,0,0,1
28,10.53,23,17.99,2,0.44,-12.030000000000001,0,0,1,0,1,0,0,0,0,0,0,0,0,0,0,0,0,0,0,0,1,0,0,0
58,22.17,40,17.99,4,0.54,-17.29,0,1,1,0,0,1,0,0,0,1,0,0,0,0,0,0,1,1,0,0,0,0,0,0
44,58.4,26,8.99,1,2.16,34.56,0,0,0,0,0,0,0,1,0,0,0,0,0,0,0,1,0,0,0,0,0,0,1,0
69,5.8,26,17.99,5,0.21,-19.990000000000002,0,0,1,0,0,0,1,0,0,0,0,0,1,0,0,0,1,0,0,0,0,1,0,0
42,9.08,17,17.99,1,0.5,-7.42,0,0,1,0,0,0,0,0,0,0,0,0,0,1,0,0,0,0,1,0,0,0,0,0
52,17.09,42,8.99,2,0.4,-24.51,0,0,0,0,0,0,0,0,1,0,0,1,0,1,0,0,0,0,0,0,0,0,0,1
50,12.33,16,17.99,5,0.73,-2.9399999999999995,1,0,1,0,0,0,0,0,1,0,1,0,0,0,0,0,1,1,0,0,0,0,0,0
20,12.93,14,13.99,1,0.86,-0.21000000000000085,1,0,0,1,0,0,0,0,1,1,0,0,0,1,0,0,0,0,0,1,0,0,0,0
37,8.96,42,17.99,1,0.21,-32.83,1,0,1,0,0,0,0,0,1,1,0,0,0,0,0,1,0,1,0,0,0,0,0,1
51,1.1,29,13.99,3,0.04,-27.86,0,1,0,1,0,0,0,0,1,0,0,0,1,0,0,1,0,0,1,0,0,0,0,1
49,3.03,39,17.99,2,0.08,-35.89,0,0,1,0,0,0,0,0,0,0,0,1,0,0,1,0,0,0,0,0,1,0,0,1
40,9.07,11,8.99,1,0.76,-1.17,1,0,0,0,1,0,0,0,0,0,1,0,0,0,0,0,0,0,0,0,1,0,0,0
60,9.22,45,17.99,2,0.2,-35.58,0,1,1,0,0,0,0,1,0,0,0,0,0,1,0,0,0,0,1,0,0,0,0,1
44,5.79,8,17.99,3,0.64,-1.5700000000000003,0,0,1,0,0,0,0,0,1,0,0,1,0,0,0,1,0,0,1,0,0,0,0,0
29,8.55,40,8.99,1,0.21,-31.24,0,0,0,0,0,0,1,0,0,0,0,0,1,0,0,0,1,0,0,0,0,1,0,1
30,1.87,6,17.99,2,0.27,-3.86,1,0,1,0,1,0,0,0,0,0,0,0,0,0,0,0,0,1,0,0,0,0,0,0
20,12.02,23,17.99,1,0.5,-10.48,0,1,1,0,1,0,0,0,0,0,0,0,0,0,0,0,1,0,0,0,0,1,0,0
55,6.2,45,8.99,4,0.13,-38.67,0,1,0,0,1,0,0,0,0,1,0,0,0,1,0,0,0,0,0,0,0,1,0,1
21,11.16,58,8.99,3,0.19,-46.65,1,0,0,0,0,0,0,0,1,0,0,0,1,1,0,0,0,0,0,0,0,1,0,1
29,3.2,54,13.99,2,0.06,-50.74,0,1,0,1,1,0,0,0,0,1,0,0,0,0,0,1,0,0,1,0,0,0,0,1
41,8.44,36,17.99,4,0.23,-27.33,0,0,1,0,0,0,0,0,1,0,1,0,0,1,0,0,0,0,0,1,0,0,0,1
28,8.87,39,13.99,1,0.22,-29.91,0,1,0,1,0,0,0,0,0,0,0,0,0,0,0,0,1,0,1,0,0,0,0,1
25,2.9,29,17.99,2,0.1,-26.0,0,1,1,0,0,0,1,0,0,0,0,0,1,0,0,0,0,0,0,0,0,0,1,1
25,0.17,58,8.99,4,0.0,-57.83,0,0,0,0,0,0,0,0,0,0,0,0,1,0,0,0,1,0,1,0,0,0,0,1
41,5.24,49,17.99,2,0.1,-43.66,0,0,1,0,0,0,1,0,0,0,0,1,0,1,0,0,0,1,0,0,0,0,0,1
67,10.24,11,13.99,2,0.85,0.08999999999999986,0,1,0,1,0,0,0,0,1,0,0,0,0,0,1,0,0,0,0,0,0,1,0,0
49,9.68,10,8.99,2,0.88,0.5600000000000005,1,0,0,0,0,0,1,0,0,0,1,0,0,0,0,0,1,0,0,0,1,0,0,0
58,15.28,42,8.99,1,0.36,-26.36,0,0,0,0,0,0,0,1,0,0,0,1,0,0,1,0,0,0,0,0,0,1,0,1
66,4.96,4,13.99,1,0.99,1.9500000000000002,0,0,0,1,0,0,1,0,0,1,0,0,0,0,0,1,0,0,0,0,0,0,1,0
50,0.3,43,8.99,3,0.01,-42.69,1,0,0,0,0,0,0,0,0,1,0,0,0,0,0,1,0,0,0,0,0,0,1,1
64,3.38,38,13.99,2,0.09,-34.53,0,0,0,1,0,0,1,0,0,1,0,0,0,0,0,0,1,0,0,0,0,1,0,1
55,11.61,21,17.99,4,0.53,-8.860000000000001,1,0,1,0,0,0,0,0,1,0,0,0,0,0,1,0,0,0,0,0,0,1,0,0
40,2.65,21,17.99,5,0.12,-18.23,0,0,1,0,0,0,0,0,0,0,0,1,0,0,1,0,0,1,0,0,0,0,0,0
33,16.27,2,13.99,2,5.42,19.689999999999998,1,0,0,1,0,0,0,0,0,0,0,0,0,1,0,0,0,1,0,0,0,0,0,0
35,2.55,26,8.99,2,0.09,-23.36,0,1,0,0,0,0,0,1,0,0,0,0,1,0,0,1,0,0,0,0,0,0,0,1
67,101.06,19,8.99,2,5.05,87.11,1,0,0,0,1,0,0,0,0,0,0,1,0,0,0,0,0,0,1,0,0,0,0,0
62,3.95,54,13.99,4,0.07,-49.98,1,0,0,1,0,0,0,1,0,0,0,1,0,0,1,0,0,0,0,1,0,0,0,1
61,13.1,45,13.99,4,0.28,-31.62,1,0,0,1,0,0,0,0,1,0,0,0,0,0,0,0,0,1,0,0,0,0,0,0
68,8.28,47,17.99,1,0.17,-38.55,0,0,1,0,0,1,0,0,0,1,0,0,0,0,1,0,0,0,0,0,0,1,0,1
39,0.12,3,13.99,3,0.03,-2.85,0,0,0,1,0,0,0,0,1,0,0,0,1,0,1,0,0,0,0,0,0,0,1,0
66,6.15,39,17.99,4,0.15,-32.7,0,1,1,0,1,0,0,0,0,0,1,0,0,0,0,0,0,1,0,0,0,0,0,0
30,3.18,27,13.99,1,0.11,-23.71,1,0,0,1,0,0,0,1,0,0,0,0,0,0,0,0,0,1,0,0,0,0,0,1
40,18.01,14,17.99,2,1.2,5.210000000000001,0,0,1,0,1,0,0,0,0,0,0,0,0,0,1,0,0,0,0,0,0,1,0,0
40,15.45,58,8.99,2,0.26,-42.29,0,0,0,0,0,0,1,0,0,1,0,0,0,0,0,0,1,1,0,0,0,0,0,1
23,5.52,9,13.99,4,0.55,-2.9300000000000006,0,1,0,1,0,0,0,1,0,0,1,0,0,0,0,1,0,0,0,0,1,0,0,0
70,19.11,28,13.99,4,0.66,-8.23,0,0,0,1,0,0,0,0,0,1,0,0,0,0,0,0,1,0,0,0,0,1,0,0
55,1.08,46,17.99,3,0.02,-44.9,1,0,1,0,0,1,0,0,0,0,0,0,1,0,0,1,0,0,0,0,0,0,0,1
64,1.29,9,13.99,1,0.13,-7.58,1,0,0,1,0,0,0,0,0,0,1,0,0,1,0,0,0,0,0,0,0,0,1,1
29,27.02,9,8.99,3,2.7,20.72,0,1,0,0,0,0,0,0,1,0,1,0,0,1,0,0,0,1,0,0,0,0,0,0
67,12.0,20,8.99,4,0.57,-7.43,1,0,0,0,0,0,0,0,1,0,0,0,1,0,0,0,1,1,0,0,0,0,0,0
29,4.84,49,8.99,3,0.1,-44.06,0,0,0,0,0,0,1,0,0,0,0,0,0,1,0,0,0,0,0,0,0,1,0,1
53,19.37,40,17.99,4,0.47,-20.16,0,0,1,0,0,1,0,0,0,0,0,0,1,1,0,0,0,0,0,0,0,0,1,1
67,23.1,59,13.99,3,0.39,-35.51,1,0,0,1,0,0,0,0,0,0,1,0,0,0,0,0,0,0,0,0,0,0,1,0
30,4.99,17,13.99,5,0.28,-11.73,1,0,0,1,1,0,0,0,0,0,0,0,1,0,0,0,1,0,0,0,0,0,0,0
37,28.01,35,8.99,1,0.78,-6.209999999999997,0,0,0,0,0,1,0,0,0,0,0,0,0,0,0,0,1,0,0,0,0,0,1,0
25,12.66,25,13.99,5,0.49,-11.85,1,0,0,1,0,0,0,0,1,0,0,0,0,0,0,0,1,0,1,0,0,0,0,0
19,43.11,9,13.99,1,4.31,38.42,1,0,0,1,0,1,0,0,0,0,0,0,0,0,1,0,0,1,0,0,0,0,0,0
23,8.41,29,17.99,4,0.28,-20.310000000000002,1,0,1,0,1,0,0,0,0,0,0,0,1,0,1,0,0,1,0,0,0,0,0,0
53,28.91,27,13.99,3,1.03,2.9400000000000013,1,0,0,1,0,0,0,0,0,0,1,0,0,0,1,0,0,0,0,0,0,1,0,0
58,0.14,54,17.99,3,0.0,-53.86,0,0,1,0,1,0,0,0,0,1,0,0,0,0,1,0,0,0,0,0,1,0,0,1
27,9.6,60,17.99,1,0.16,-50.24,1,0,1,0,0,0,1,0,0,0,0,0,1,0,0,0,0,0,0,0,0,1,0,1
36,17.04,31,13.99,2,0.53,-13.43,0,1,0,1,0,0,0,0,1,0,1,0,0,0,1,0,0,0,0,0,0,0,1,0
44,2.84,12,8.99,2,0.22,-8.94,1,0,0,0,0,0,0,1,0,0,0,0,1,0,1,0,0,0,0,0,1,0,0,1
55,0.15,0,17.99,4,0.15,0.3,0,0,1,0,0,0,0,0,1,0,0,1,0,0,0,0,1,0,1,0,0,0,0,0
38,7.44,34,13.99,2,0.21,-26.35,1,0,0,1,0,0,0,0,1,0,1,0,0,0,0,0,0,0,1,0,0,0,0,1
29,10.93,59,8.99,3,0.18,-47.89,1,0,0,0,1,0,0,0,0,0,0,0,0,1,0,0,0,0,0,1,0,0,0,1
32,18.58,18,17.99,5,0.98,1.5599999999999987,0,0,1,0,0,0,1,0,0,0,0,0,1,0,0,1,0,0,0,0,0,1,0,0
70,32.59,7,13.99,4,4.07,29.660000000000004,1,0,0,1,1,0,0,0,0,0,1,0,0,0,0,0,1,1,0,0,0,0,0,0
30,46.55,48,17.99,3,0.95,-0.5,1,0,1,0,0,0,1,0,0,0,0,0,0,1,0,0,0,0,0,0,0,1,0,0
65,15.52,0,17.99,4,15.52,31.04,1,0,1,0,0,0,0,0,1,0,1,0,0,0,0,1,0,0,0,1,0,0,0,0
50,25.08,53,8.99,5,0.46,-27.46,0,1,0,0,0,0,0,0,1,0,0,0,0,0,0,0,0,0,0,1,0,0,0,0
61,14.2,35,13.99,4,0.39,-20.41,1,0,0,1,0,0,1,0,0,0,1,0,0,0,0,0,1,0,0,0,1,0,0,0
39,15.64,24,17.99,4,0.63,-7.73,0,1,1,0,0,0,0,1,0,0,0,0,0,0,0,0,0,0,0,0,0,1,0,0
25,22.29,54,8.99,5,0.41,-31.3,0,0,0,0,0,0,0,0,0,0,1,0,0,0,0,0,0,0,1,0,0,0,0,0
29,8.06,13,8.99,2,0.58,-4.359999999999999,1,0,0,0,0,0,1,0,0,0,1,0,0,0,0,0,0,0,0,0,0,1,0,0
57,4.76,58,8.99,1,0.08,-53.16,1,0,0,0,0,0,0,0,0,0,0,0,1,0,0,0,0,0,0,0,0,0,0,1
29,7.29,44,13.99,3,0.16,-36.55,0,1,0,1,0,0,1,0,0,0,0,0,0,0,0,1,0,0,0,0,0,1,0,1
44,4.2,39,13.99,3,0.11,-34.69,1,0,0,1,1,0,0,0,0,1,0,0,0,0,0,0,1,0,0,0,0,0,0,1
22,0.91,39,8.99,1,0.02,-38.07,0,1,0,0,0,0,0,0,1,0,0,0,1,1,0,0,0,0,0,1,0,0,0,1
33,3.15,42,8.99,1,0.07,-38.78,1,0,0,0,0,0,1,0,0,0,1,0,0,1,0,0,0,0,0,1,0,0,0,1
25,5.78,45,8.99,4,0.13,-39.09,0,0,0,0,0,1,0,0,0,0,0,0,1,0,0,0,0,0,0,0,0,0,1,1
54,19.95,59,17.99,1,0.33,-38.72,0,1,1,0,1,0,0,0,0,0,1,0,0,0,0,0,1,0,0,0,1,0,0,1
21,5.49,31,8.99,2,0.17,-25.34,0,0,0,0,1,0,0,0,0,0,1,0,0,0,0,0,1,1,0,0,0,0,0,1
19,1.87,6,17.99,1,0.27,-3.86,0,1,1,0,0,0,0,0,1,1,0,0,0,0,1,0,0,0,0,0,0,0,0,1
23,15.3,49,8.99,3,0.31,-33.39,0,1,0,0,1,0,0,0,0,0,0,0,1,0,0,1,0,0,0,0,0,1,0,1
19,0.82,39,13.99,5,0.02,-38.16,0,0,0,1,0,0,0,0,1,0,0,0,1,0,1,0,0,0,0,1,0,0,0,1
40,4.87,19,13.99,1,0.24,-13.89,1,0,0,1,0,1,0,0,0,0,1,0,0,0,1,0,0,0,0,1,0,0,0,1
31,2.2,43,17.99,5,0.05,-40.75,0,0,1,0,0,1,0,0,0,0,0,0,0,0,1,0,0,0,0,1,0,0,0,1
38,2.7,49,8.99,1,0.05,-46.25,0,0,0,0,0,0,1,0,0,0,1,0,0,0,1,0,0,0,1,0,0,0,0,1
25,5.75,7,17.99,3,0.72,-0.5300000000000002,0,1,1,0,0,0,1,0,0,1,0,0,0,0,0,0,0,0,1,0,0,0,0,0
39,9.28,39,17.99,3,0.23,-29.490000000000002,1,0,1,0,0,1,0,0,0,0,0,0,1,1,0,0,0,0,0,0,1,0,0,1
64,5.01,49,8.99,5,0.1,-43.89,1,0,0,0,0,0,1,0,0,0,0,1,0,0,1,0,0,0,0,0,0,0,0,1
21,8.27,53,13.99,3,0.15,-44.58,0,1,0,1,0,0,0,1,0,0,1,0,0,0,0,0,0,0,1,0,0,0,0,1
32,3.37,19,13.99,1,0.17,-15.46,0,1,0,1,0,1,0,0,0,0,0,0,0,1,0,0,0,0,0,0,0,0,0,1
62,1.71,13,8.99,4,0.12,-11.17,1,0,0,0,0,0,0,1,0,1,0,0,0,0,0,0,1,0,0,1,0,0,0,1
69,2.48,55,13.99,1,0.04,-52.48,0,0,0,1,0,0,0,0,1,1,0,0,0,0,0,1,0,0,0,0,0,1,0,1
63,7.58,25,17.99,1,0.29,-17.13,0,0,1,0,0,0,0,0,1,0,1,0,0,0,0,0,1,0,0,0,1,0,0,0
23,18.15,16,17.99,2,1.07,3.219999999999999,0,0,1,0,0,0,0,1,0,1,0,0,0,0,1,0,0,0,0,0,0,0,0,0
68,15.56,53,17.99,3,0.29,-37.15,0,0,1,0,0,0,0,0,0,1,0,0,0,1,0,0,0,0,1,0,0,0,0,1
60,2.0,32,17.99,5,0.06,-29.94,0,1,1,0,0,0,1,0,0,0,1,0,0,0,0,0,0,0,1,0,0,0,0,1
38,8.79,17,13.99,5,0.49,-7.720000000000001,1,0,0,1,0,0,1,0,0,0,0,1,0,0,0,0,1,0,0,1,0,0,0,0
61,13.17,40,17.99,3,0.32,-26.509999999999998,1,0,1,0,0,0,0,1,0,0,0,1,0,1,0,0,0,0,0,0,1,0,0,1
56,9.9,41,8.99,5,0.24,-30.86,1,0,0,0,0,0,1,0,0,1,0,0,0,0,0,0,1,0,0,1,0,0,0,1
33,8.92,48,8.99,5,0.18,-38.9,0,1,0,0,0,0,1,0,0,0,0,0,0,1,0,0,0,1,0,0,0,0,0,1
58,6.35,23,8.99,2,0.26,-16.39,1,0,0,0,0,0,0,0,0,1,0,0,0,0,0,0,0,1,0,0,0,0,0,0
41,0.57,52,17.99,4,0.01,-51.42,0,0,1,0,0,0,1,0,0,0,1,0,0,0,0,0,1,0,1,0,0,0,0,1
45,15.41,6,17.99,3,2.2,11.61,0,0,1,0,0,0,0,0,0,1,0,0,0,0,0,0,0,0,0,0,0,0,1,0
59,4.17,57,13.99,4,0.07,-52.76,0,0,0,1,1,0,0,0,0,0,0,0,1,0,0,0,1,0,0,0,1,0,0,1
24,11.85,0,8.99,3,11.85,23.7,0,1,0,0,1,0,0,0,0,0,1,0,0,0,1,0,0,0,0,0,0,0,1,0
38,32.31,11,13.99,3,2.69,24.0,0,0,0,1,0,0,0,1,0,0,1,0,0,0,0,0,1,0,0,0,1,0,0,0
59,12.4,43,8.99,3,0.28,-30.32,0,1,0,0,0,0,0,0,1,0,0,0,0,0,1,0,0,0,0,0,1,0,0,1
40,6.86,1,8.99,4,3.43,9.290000000000001,0,1,0,0,0,0,0,1,0,0,0,0,1,1,0,0,0,0,0,0,0,0,1,0
53,17.99,0,17.99,3,17.99,35.98,0,0,1,0,0,1,0,0,0,0,1,0,0,1,0,0,0,0,0,0,1,0,0,0
31,7.64,46,8.99,4,0.16,-38.2,0,1,0,0,0,0,1,0,0,0,0,1,0,0,0,0,0,0,0,1,0,0,0,1
59,35.89,11,8.99,4,2.99,27.880000000000003,0,1,0,0,0,0,0,1,0,1,0,0,0,0,0,0,0,0,0,1,0,0,0,0
58,8.53,8,8.99,2,0.95,1.4799999999999986,0,0,0,0,0,0,1,0,0,1,0,0,0,0,0,0,1,1,0,0,0,0,0,0
18,27.6,11,17.99,5,2.3,18.900000000000002,0,1,1,0,0,0,0,0,0,1,0,0,0,0,1,0,0,0,0,0,0,1,0,0
20,8.87,24,17.99,1,0.35,-14.780000000000001,1,0,1,0,0,0,0,1,0,1,0,0,0,1,0,0,0,0,0,0,0,0,0,0
59,12.03,33,8.99,1,0.35,-20.62,0,0,0,0,1,0,0,0,0,0,0,1,0,0,1,0,0,0,0,0,0,0,0,1
28,16.69,47,17.99,3,0.35,-29.959999999999997,0,0,1,0,0,0,0,0,1,0,1,0,0,0,1,0,0,0,0,0,0,1,0,1
48,1.54,22,17.99,5,0.07,-20.39,0,1,1,0,1,0,0,0,0,1,0,0,0,1,0,0,0,0,0,0,0,0,1,1
35,25.2,48,17.99,4,0.51,-22.29,0,0,1,0,1,0,0,0,0,0,0,0,1,0,1,0,0,0,0,0,0,0,1,0
46,4.11,16,8.99,4,0.24,-11.649999999999999,0,1,0,0,0,0,0,0,1,0,0,0,1,0,0,0,0,0,0,0,0,0,0,1
57,4.81,21,13.99,2,0.22,-15.97,0,1,0,1,1,0,0,0,0,0,0,0,0,0,1,0,0,0,0,0,1,0,0,1
67,1.93,48,13.99,5,0.04,-46.03,0,1,0,1,1,0,0,0,0,0,1,0,0,0,1,0,0,0,0,0,1,0,0,1
67,0.01,1,13.99,4,0.01,-0.98,1,0,0,1,0,0,0,0,1,0,0,0,0,1,0,0,0,0,0,0,1,0,0,0
49,19.77,54,13.99,4,0.36,-33.870000000000005,1,0,0,1,0,0,1,0,0,0,0,1,0,0,1,0,0,0,0,0,0,0,0,0
48,2.98,6,17.99,2,0.43,-2.59,1,0,1,0,0,0,0,0,1,0,0,1,0,0,1,0,0,1,0,0,0,0,0,0
23,27.77,21,8.99,2,1.26,8.030000000000001,0,0,0,0,1,0,0,0,0,1,0,0,0,0,0,0,1,1,0,0,0,0,0,0
43,6.86,41,8.99,4,0.16,-33.98,0,1,0,0,0,0,0,0,1,0,0,0,0,0,0,0,1,0,1,0,0,0,0,1
49,10.85,27,8.99,4,0.39,-15.76,1,0,0,0,1,0,0,0,0,1,0,0,0,0,0,0,1,0,0,0,0,1,0,0
65,10.44,58,13.99,2,0.18,-47.38,1,0,0,1,0,0,0,1,0,1,0,0,0,0,0,1,0,0,1,0,0,0,0,1
59,24.62,21,8.99,3,1.12,4.740000000000002,0,0,0,0,0,0,1,0,0,0,0,1,0,0,0,0,0,0,0,1,0,0,0,0
48,6.94,52,8.99,1,0.13,-44.93,0,0,0,0,1,0,0,0,0,0,0,0,0,0,1,0,0,0,0,0,0,0,0,1
21,4.52,3,13.99,3,1.13,2.6499999999999995,1,0,0,1,0,0,0,1,0,0,1,0,0,1,0,0,0,0,0,1,0,0,0,0
61,1.63,36,17.99,5,0.04,-34.33,1,0,1,0,0,0,0,0,0,0,1,0,0,1,0,0,0,0,0,1,0,0,0,1
34,12.42,28,8.99,2,0.43,-15.15,0,0,0,0,0,0,1,0,0,0,0,0,0,0,0,0,0,0,1,0,0,0,0,0
51,38.31,4,13.99,5,7.66,41.97,1,0,0,1,0,0,0,0,0,0,0,1,0,1,0,0,0,0,0,0,0,0,0,0
23,14.9,40,13.99,1,0.36,-24.740000000000002,1,0,0,1,1,0,0,0,0,0,0,0,1,0,0,0,1,0,0,0,0,0,1,1
30,7.13,49,17.99,3,0.14,-41.730000000000004,0,1,1,0,0,0,0,0,1,0,0,0,0,0,1,0,0,0,0,0,0,1,0,1
20,7.81,53,17.99,4,0.14,-45.05,1,0,1,0,0,0,0,1,0,0,0,1,0,0,0,1,0,0,0,0,0,1,0,1
42,0.48,5,13.99,5,0.08,-4.44,0,0,0,1,0,0,1,0,0,0,0,0,0,0,0,0,0,0,0,0,0,0,0,0
62,6.55,52,13.99,5,0.12,-45.33,0,0,0,1,1,0,0,0,0,0,0,0,0,0,1,0,0,0,0,0,0,0,1,0
49,29.41,14,17.99,1,1.96,17.37,1,0,1,0,0,0,0,1,0,0,0,0,0,0,0,1,0,1,0,0,0,0,0,0
41,32.8,32,8.99,2,0.99,1.7899999999999991,0,0,0,0,0,1,0,0,0,0,1,0,0,0,0,0,0,0,0,1,0,0,0,0
65,0.24,28,8.99,5,0.01,-27.75,0,0,0,0,1,0,0,0,0,0,0,0,1,0,0,0,1,0,0,0,0,0,1,1
34,33.38,53,13.99,5,0.62,-19.0,0,1,0,1,0,0,0,0,0,0,0,1,0,0,1,0,0,0,0,0,0,1,0,0
32,14.18,59,13.99,1,0.24,-44.58,0,1,0,1,0,0,0,0,1,1,0,0,0,0,1,0,0,1,0,0,0,0,0,1
33,6.97,44,13.99,3,0.15,-36.88,0,1,0,1,1,0,0,0,0,0,0,0,1,0,0,0,1,0,0,0,0,1,0,1
47,6.39,54,8.99,4,0.12,-47.49,0,0,0,0,1,0,0,0,0,0,0,1,0,1,0,0,0,0,1,0,0,0,0,1
33,6.35,30,17.99,5,0.2,-23.45,0,1,1,0,1,0,0,0,0,0,0,0,1,0,0,0,0,0,0,0,0,0,1,0
67,2.79,53,13.99,4,0.05,-50.16,0,1,0,1,0,1,0,0,0,1,0,0,0,0,0,0,1,0,1,0,0,0,0,1
20,47.0,25,8.99,4,1.81,23.810000000000002,0,0,0,0,0,0,0,0,1,0,0,0,1,0,1,0,0,0,0,0,0,1,0,0
43,38.84,56,13.99,4,0.68,-16.479999999999997,0,1,0,1,0,1,0,0,0,0,1,0,0,0,1,0,0,0,0,0,0,1,0,0
36,2.56,6,13.99,5,0.37,-3.07,0,0,0,1,0,0,0,0,0,0,0,0,1,0,1,0,0,1,0,0,0,0,0,0
54,13.25,49,8.99,3,0.27,-35.480000000000004,0,0,0,0,0,1,0,0,0,0,1,0,0,0,1,0,0,0,0,0,0,0,0,1
26,12.76,54,13.99,4,0.23,-41.01,0,1,0,1,1,0,0,0,0,0,0,0,0,0,0,0,0,0,0,0,0,1,0,0
25,26.47,60,13.99,1,0.43,-33.1,1,0,0,1,0,0,1,0,0,0,0,1,0,0,0,0,1,0,0,0,0,0,0,0
37,1.33,60,13.99,5,0.02,-58.65,1,0,0,1,0,1,0,0,0,0,0,0,0,0,0,1,0,1,0,0,0,0,0,1
43,10.02,50,8.99,1,0.2,-39.78,1,0,0,0,0,1,0,0,0,0,0,1,0,0,0,0,0,0,0,1,0,0,0,1
69,7.66,46,8.99,3,0.16,-38.18,1,0,0,0,0,0,0,0,0,0,0,1,0,0,0,0,1,0,0,0,1,0,0,1
32,22.99,31,13.99,1,0.72,-7.290000000000003,0,0,0,1,0,0,0,0,0,0,1,0,0,0,1,0,0,0,0,0,0,0,1,0
35,9.2,26,8.99,2,0.34,-16.46,0,0,0,0,0,0,0,0,1,1,0,0,0,0,0,1,0,1,0,0,0,0,0,1
29,4.46,42,17.99,4,0.1,-37.44,0,1,1,0,1,0,0,0,0,0,0,0,1,0,0,0,1,1,0,0,0,0,0,1
34,2.94,39,17.99,1,0.07,-35.99,0,1,1,0,0,0,1,0,0,0,0,0,0,1,0,0,0,0,1,0,0,0,0,1
45,2.59,56,17.99,3,0.05,-53.36,0,1,1,0,0,1,0,0,0,0,0,0,1,0,0,0,1,0,0,1,0,0,0,1
46,1.22,59,13.99,3,0.02,-57.76,0,1,0,1,0,0,1,0,0,0,0,0,0,0,1,0,0,0,0,0,1,0,0,1
31,10.38,42,8.99,1,0.24,-31.38,0,1,0,0,0,0,1,0,0,0,0,0,1,0,1,0,0,0,0,0,0,0,0,1
68,15.56,53,8.99,5,0.29,-37.15,0,0,0,0,1,0,0,0,0,0,1,0,0,0,0,0,1,0,0,0,1,0,0,1
36,11.94,45,13.99,2,0.26,-32.8,0,0,0,1,0,1,0,0,0,0,0,0,1,0,0,0,1,1,0,0,0,0,0,1
68,24.27,33,8.99,1,0.71,-8.02,0,0,0,0,1,0,0,0,0,0,0,1,0,0,0,1,0,0,0,0,0,1,0,1
50,4.3,54,8.99,5,0.08,-49.62,1,0,0,0,0,0,1,0,0,0,0,0,1,0,0,0,1,0,0,0,0,0,0,1
18,9.77,57,13.99,2,0.17,-47.06,0,0,0,1,0,0,0,0,0,0,0,0,0,1,0,0,0,0,0,0,0,0,1,1
34,3.92,4,17.99,1,0.78,0.7000000000000002,1,0,1,0,0,0,0,0,1,0,0,1,0,0,0,1,0,0,0,0,0,0,0,0
39,13.51,54,17.99,4,0.25,-40.24,0,1,1,0,0,0,0,1,0,0,0,0,1,0,0,0,1,0,0,1,0,0,0,0
45,27.2,8,17.99,5,3.02,22.22,1,0,1,0,0,1,0,0,0,1,0,0,0,0,1,0,0,0,0,0,0,0,1,0
23,16.51,41,17.99,5,0.39,-24.099999999999998,1,0,1,0,0,0,0,1,0,0,0,0,1,0,0,1,0,0,0,0,0,1,0,1
56,4.05,4,13.99,4,0.81,0.8599999999999994,0,0,0,1,0,1,0,0,0,0,0,1,0,0,0,0,1,0,0,1,0,0,0,0
31,2.2,29,13.99,1,0.07,-26.73,1,0,0,1,1,0,0,0,0,0,0,1,0,0,0,0,1,1,0,0,0,0,0,1
31,2.02,39,13.99,4,0.05,-36.93,0,0,0,1,0,1,0,0,0,0,1,0,0,0,0,0,0,1,0,0,0,0,0,1
31,54.98,57,13.99,4,0.95,-1.0700000000000003,1,0,0,1,0,0,0,0,0,0,0,0,0,0,0,1,0,0,0,0,1,0,0,0
41,7.78,0,8.99,2,7.78,15.56,0,0,0,0,1,0,0,0,0,0,0,0,1,0,0,0,1,0,0,0,0,1,0,0
32,1.43,19,13.99,2,0.07,-17.5,0,1,0,1,0,0,0,1,0,1,0,0,0,0,0,1,0,0,1,0,0,0,0,1
67,18.54,58,17.99,5,0.31,-39.150000000000006,1,0,1,0,0,0,0,0,0,1,0,0,0,0,0,0,1,1,0,0,0,0,0,0
46,4.84,27,8.99,2,0.17,-21.990000000000002,0,0,0,0,0,0,0,0,0,0,0,0,0,0,0,0,1,0,0,0,0,1,0,1
54,6.65,23,17.99,4,0.28,-16.07,1,0,1,0,1,0,0,0,0,0,1,0,0,0,0,0,1,1,0,0,0,0,0,0
59,47.14,35,17.99,3,1.31,13.450000000000003,1,0,1,0,0,0,0,1,0,0,0,0,1,1,0,0,0,1,0,0,0,0,0,0
44,20.91,5,8.99,5,3.48,19.39,0,1,0,0,0,0,0,0,1,1,0,0,0,0,0,1,0,0,0,0,0,0,1,0
62,3.31,21,8.99,3,0.15,-17.54,1,0,0,0,0,0,0,0,0,0,0,1,0,0,0,1,0,0,0,0,0,0,0,1
46,2.98,51,13.99,1,0.06,-47.96,1,0,0,1,0,0,0,0,1,1,0,0,0,0,0,0,0,0,0,0,0,0,0,1
68,37.3,31,13.99,5,1.17,7.469999999999999,0,1,0,1,0,0,0,0,0,0,0,0,0,1,0,0,0,0,0,0,0,0,0,0
28,10.38,33,17.99,3,0.31,-22.31,0,0,1,0,0,0,0,1,0,0,1,0,0,0,0,0,0,0,1,0,0,0,0,1
55,6.14,25,17.99,4,0.24,-18.62,1,0,1,0,0,0,0,1,0,0,0,0,0,0,0,0,0,1,0,0,0,0,0,0
70,4.75,54,13.99,3,0.09,-49.16,0,1,0,1,0,1,0,0,0,0,1,0,0,0,0,1,0,0,0,0,0,1,0,1
69,7.26,48,13.99,5,0.15,-40.59,1,0,0,1,0,0,0,0,0,0,0,0,0,0,0,0,0,0,0,0,0,1,0,0
31,23.56,40,13.99,5,0.57,-15.870000000000001,0,1,0,1,0,0,1,0,0,0,0,0,1,1,0,0,0,0,0,0,0,0,1,0
55,7.86,36,8.99,4,0.21,-27.93,0,0,0,0,0,0,1,0,0,0,0,0,0,0,0,0,0,0,0,0,1,0,0,1
40,7.48,54,13.99,1,0.14,-46.38,0,1,0,1,0,0,0,0,0,0,0,0,1,0,1,0,0,1,0,0,0,0,0,1
36,2.13,54,17.99,3,0.04,-51.83,1,0,1,0,0,0,0,1,0,1,0,0,0,0,1,0,0,0,0,1,0,0,0,1
62,6.12,51,8.99,2,0.12,-44.76,0,0,0,0,0,0,0,0,0,0,0,0,1,0,0,1,0,0,0,0,0,0,1,1
63,10.71,43,8.99,2,0.24,-32.05,0,1,0,0,1,0,0,0,0,1,0,0,0,0,1,0,0,1,0,0,0,0,0,1
43,1.06,27,13.99,4,0.04,-25.9,1,0,0,1,1,0,0,0,0,0,0,1,0,0,0,0,1,0,0,0,0,0,0,0
18,12.22,48,17.99,5,0.25,-35.53,0,1,1,0,0,1,0,0,0,0,0,1,0,0,1,0,0,0,0,0,0,0,1,0
23,3.9,1,13.99,1,1.95,4.85,0,0,0,1,0,0,0,1,0,0,0,0,1,0,0,0,0,0,0,0,0,0,1,0
21,19.77,22,17.99,4,0.86,-1.370000000000001,0,0,1,0,0,1,0,0,0,0,0,0,1,0,0,0,0,0,0,0,0,1,0,0
53,2.42,11,8.99,5,0.2,-8.379999999999999,1,0,0,0,0,0,0,0,0,0,0,0,0,0,0,1,0,0,0,0,0,0,0,1
64,7.0,9,17.99,4,0.7,-1.2999999999999998,0,1,1,0,0,0,0,1,0,0,1,0,0,1,0,0,0,0,0,1,0,0,0,0
21,61.8,41,13.99,3,1.47,22.269999999999996,0,1,0,1,0,1,0,0,0,1,0,0,0,0,0,0,1,0,0,1,0,0,0,0
50,2.84,36,8.99,3,0.08,-33.08,0,0,0,0,1,0,0,0,0,0,0,0,0,0,0,1,0,1,0,0,0,0,0,1
38,5.32,24,13.99,4,0.21,-18.47,0,1,0,1,0,1,0,0,0,0,0,0,1,1,0,0,0,0,1,0,0,0,0,0
67,0.44,27,13.99,3,0.02,-26.54,1,0,0,1,0,0,0,0,1,0,0,0,1,0,0,0,0,0,0,0,0,0,0,1
70,7.16,40,13.99,1,0.17,-32.67,0,0,0,1,0,1,0,0,0,0,0,0,1,0,1,0,0,1,0,0,0,0,0,1
58,0.73,14,13.99,3,0.05,-13.22,0,1,0,1,0,1,0,0,0,0,1,0,0,0,0,1,0,0,0,0,0,0,0,1
21,2.73,48,8.99,5,0.06,-45.21,0,1,0,0,1,0,0,0,0,0,0,1,0,0,0,0,1,0,0,1,0,0,0,1
28,17.1,16,17.99,4,1.01,2.110000000000003,0,1,1,0,0,0,0,0,0,0,0,0,0,1,0,0,0,0,0,0,0,0,0,0
61,20.11,17,8.99,1,1.12,4.23,1,0,0,0,0,0,1,0,0,0,0,0,0,0,1,0,0,1,0,0,0,0,0,0
27,31.0,57,8.99,5,0.53,-25.47,1,0,0,0,0,0,0,0,1,0,0,1,0,1,0,0,0,0,0,0,0,1,0,0
63,11.42,57,13.99,1,0.2,-45.38,0,1,0,1,0,1,0,0,0,0,0,0,0,0,0,0,0,0,0,0,1,0,0,1
51,14.64,23,17.99,4,0.61,-7.75,1,0,1,0,0,0,0,0,0,0,0,0,1,0,0,0,0,0,1,0,0,0,0,0
40,5.54,11,8.99,1,0.46,-5.0,0,0,0,0,0,0,0,1,0,0,1,0,0,0,0,1,0,0,0,1,0,0,0,1
47,34.18,50,17.99,4,0.67,-15.149999999999999,0,0,1,0,0,1,0,0,0,0,0,0,0,1,0,0,0,0,0,1,0,0,0,0
19,1.23,47,8.99,4,0.03,-45.74,0,1,0,0,1,0,0,0,0,0,1,0,0,0,1,0,0,0,0,0,0,0,1,1
43,7.51,2,8.99,4,2.5,8.01,0,0,0,0,0,1,0,0,0,0,0,1,0,0,0,0,0,0,0,1,0,0,0,0
63,16.41,34,13.99,1,0.47,-17.12,1,0,0,1,0,0,1,0,0,0,0,1,0,0,0,0,1,0,0,0,0,0,1,1
39,11.29,40,13.99,1,0.28,-28.43,0,0,0,1,0,1,0,0,0,1,0,0,0,1,0,0,0,0,1,0,0,0,0,1
20,0.37,27,8.99,1,0.01,-26.62,0,1,0,0,0,0,0,0,0,0,0,0,0,0,0,0,1,0,0,1,0,0,0,1
39,7.24,8,8.99,3,0.8,0.040000000000000924,0,0,0,0,0,0,0,1,0,0,1,0,0,0,0,0,0,0,0,0,1,0,0,0
30,21.23,50,17.99,2,0.42,-28.349999999999998,0,1,1,0,0,0,0,0,0,0,1,0,0,0,0,0,0,0,0,1,0,0,0,0
46,0.89,35,13.99,1,0.02,-34.09,1,0,0,1,0,0,0,1,0,0,0,0,1,0,0,1,0,0,0,1,0,0,0,1
66,1.21,7,8.99,5,0.15,-5.640000000000001,0,1,0,0,0,0,0,0,0,0,0,1,0,1,0,0,0,0,1,0,0,0,0,1
19,13.21,32,17.99,2,0.4,-18.39,0,1,1,0,1,0,0,0,0,0,0,0,0,1,0,0,0,0,0,0,0,0,0,1
54,18.07,14,17.99,2,1.2,5.27,1,0,1,0,1,0,0,0,0,0,0,1,0,0,1,0,0,0,0,0,0,0,1,0
32,12.46,17,13.99,5,0.69,-3.8499999999999996,0,0,0,1,0,0,0,0,0,1,0,0,0,0,1,0,0,1,0,0,0,0,0,0
40,3.95,34,8.99,4,0.11,-29.939999999999998,0,0,0,0,0,0,0,1,0,0,0,0,1,0,1,0,0,1,0,0,0,0,0,1
51,7.4,49,8.99,4,0.15,-41.45,0,0,0,0,0,0,0,1,0,0,1,0,0,0,0,0,1,0,1,0,0,0,0,1
24,5.54,47,17.99,5,0.12,-41.34,0,1,1,0,0,0,0,0,0,0,0,0,1,0,0,0,1,0,1,0,0,0,0,0
50,34.91,55,8.99,1,0.62,-19.470000000000006,1,0,0,0,0,0,0,0,1,0,0,0,1,0,0,0,1,0,0,1,0,0,0,0
52,19.84,51,17.99,4,0.38,-30.78,0,0,1,0,0,0,0,0,1,0,0,0,1,0,0,0,1,0,0,1,0,0,0,0
40,1.53,23,13.99,1,0.06,-21.41,1,0,0,1,0,0,0,0,0,1,0,0,0,0,0,0,0,0,0,1,0,0,0,1
24,30.63,58,13.99,4,0.52,-26.85,0,0,0,1,0,0,0,1,0,0,1,0,0,0,1,0,0,0,0,0,0,0,1,0
29,3.17,8,17.99,2,0.35,-4.48,0,0,1,0,0,0,0,0,1,0,0,1,0,1,0,0,0,0,0,0,0,0,0,1
68,21.58,30,8.99,2,0.7,-7.720000000000002,0,1,0,0,0,0,0,1,0,0,0,0,1,0,0,0,0,0,0,0,1,0,0,0
18,18.12,2,8.99,1,6.04,22.16,0,0,0,0,0,0,1,0,0,0,0,0,1,0,1,0,0,0,0,0,1,0,0,0
45,16.1,13,13.99,3,1.15,4.25,0,0,0,1,0,0,0,0,1,0,0,0,1,0,1,0,0,0,0,0,0,0,1,0
20,2.75,2,13.99,2,0.92,1.67,0,1,0,1,0,0,0,0,0,0,0,1,0,0,0,0,0,0,0,0,0,0,1,0
38,4.88,12,17.99,1,0.38,-6.74,1,0,1,0,0,0,1,0,0,1,0,0,0,0,0,1,0,0,0,0,0,1,0,1
70,1.42,17,13.99,2,0.08,-15.5,0,1,0,1,0,0,0,0,1,1,0,0,0,0,1,0,0,1,0,0,0,0,0,1
25,3.84,45,13.99,5,0.08,-41.08,1,0,0,1,0,0,0,0,0,0,1,0,0,0,1,0,0,0,0,1,0,0,0,1
42,6.45,52,17.99,1,0.12,-45.43,0,0,1,0,0,1,0,0,0,0,0,0,1,0,0,1,0,0,1,0,0,0,0,1
56,10.31,31,17.99,3,0.32,-20.369999999999997,0,0,1,0,0,1,0,0,0,1,0,0,0,0,0,1,0,1,0,0,0,0,0,1
49,3.16,31,8.99,5,0.1,-27.74,0,1,0,0,1,0,0,0,0,0,0,0,0,0,0,1,0,0,0,0,0,0,0,1
25,50.94,28,17.99,4,1.76,24.699999999999996,0,0,1,0,0,0,0,0,0,0,1,0,0,0,1,0,0,0,0,1,0,0,0,0
39,0.33,29,17.99,2,0.01,-28.66,0,1,1,0,0,0,0,0,0,1,0,0,0,0,0,0,0,0,1,0,0,0,0,1
37,19.29,42,17.99,4,0.45,-22.26,0,0,1,0,0,0,1,0,0,0,0,0,1,0,0,0,1,1,0,0,0,0,0,0
21,0.19,59,13.99,3,0.0,-58.81,1,0,0,1,0,0,1,0,0,0,1,0,0,0,1,0,0,0,0,0,0,1,0,1
32,7.88,38,13.99,1,0.2,-29.92,1,0,0,1,0,1,0,0,0,0,0,0,1,0,1,0,0,0,0,1,0,0,0,1
49,0.21,26,17.99,3,0.01,-25.78,0,1,1,0,0,0,0,1,0,0,0,1,0,0,1,0,0,0,1,0,0,0,0,1
29,15.6,11,8.99,2,1.3,5.899999999999999,0,0,0,0,0,0,0,0,1,0,0,0,1,1,0,0,0,0,1,0,0,0,0,0
56,6.72,1,8.99,2,3.36,9.08,1,0,0,0,0,0,0,1,0,1,0,0,0,0,1,0,0,0,0,0,0,1,0,0
35,19.05,57,17.99,5,0.33,-37.620000000000005,0,0,1,0,0,0,0,1,0,0,1,0,0,0,0,0,0,0,0,0,0,0,0,0
38,10.11,23,17.99,4,0.42,-12.47,0,0,1,0,1,0,0,0,0,0,0,0,0,0,0,0,1,0,0,0,0,0,0,0
22,4.4,34,8.99,5,0.13,-29.47,0,0,0,0,0,1,0,0,0,0,0,1,0,1,0,0,0,0,0,0,0,0,0,1
68,23.54,33,8.99,5,0.69,-8.77,0,1,0,0,0,0,1,0,0,0,0,0,1,0,0,1,0,0,0,0,0,0,0,0
46,13.5,44,8.99,1,0.3,-30.2,1,0,0,0,0,0,1,0,0,1,0,0,0,0,1,0,0,0,0,1,0,0,0,1
38,11.77,49,8.99,5,0.24,-36.99,1,0,0,0,0,0,0,0,0,0,0,1,0,0,0,0,0,1,0,0,0,0,0,1
31,8.85,5,13.99,1,1.47,5.32,1,0,0,1,0,0,0,1,0,0,0,0,1,0,0,1,0,0,0,0,0,0,1,0
64,13.89,43,13.99,1,0.32,-28.79,0,0,0,1,0,0,0,1,0,0,0,0,1,0,0,0,0,0,1,0,0,0,0,1
42,4.37,18,13.99,5,0.23,-13.399999999999999,0,0,0,1,0,0,0,0,0,1,0,0,0,1,0,0,0,0,0,0,1,0,0,1
51,4.35,44,13.99,1,0.1,-39.55,0,0,0,1,0,0,0,1,0,1,0,0,0,0,0,1,0,0,0,0,0,0,1,1
23,1.81,0,8.99,5,1.81,3.62,1,0,0,0,0,1,0,0,0,1,0,0,0,1,0,0,0,0,0,0,1,0,0,0
56,32.38,15,17.99,5,2.02,19.400000000000006,0,0,1,0,0,0,0,0,1,1,0,0,0,0,1,0,0,1,0,0,0,0,0,0
59,4.41,35,13.99,3,0.12,-30.47,1,0,0,1,0,1,0,0,0,0,0,1,0,1,0,0,0,0,0,0,0,1,0,1
20,4.18,36,17.99,3,0.11,-31.71,0,0,1,0,0,0,1,0,0,0,0,0,1,0,1,0,0,0,1,0,0,0,0,1
56,7.39,53,8.99,1,0.14,-45.47,1,0,0,0,0,0,0,0,1,0,1,0,0,0,1,0,0,1,0,0,0,0,0,1
22,0.77,29,17.99,1,0.03,-28.2,1,0,1,0,0,0,1,0,0,0,0,0,0,0,1,0,0,0,0,0,1,0,0,1
65,2.92,1,13.99,5,1.46,3.38,0,1,0,1,0,0,0,0,0,0,0,1,0,0,0,0,0,0,1,0,0,0,0,0
40,8.17,4,13.99,1,1.63,5.800000000000001,1,0,0,1,0,0,1,0,0,1,0,0,0,0,1,0,0,0,1,0,0,0,0,0
27,27.3,4,17.99,3,5.46,28.759999999999998,0,1,1,0,0,0,0,0,1,1,0,0,0,0,0,0,1,0,0,1,0,0,0,0
66,42.58,54,17.99,3,0.77,-10.649999999999999,1,0,1,0,0,0,1,0,0,0,0,0,0,0,0,0,0,0,0,0,0,1,0,0
70,7.97,24,8.99,2,0.32,-15.71,0,1,0,0,0,1,0,0,0,0,0,0,0,0,0,1,0,0,0,1,0,0,0,1
22,4.98,0,17.99,5,4.98,9.96,0,0,1,0,0,0,0,0,1,0,0,1,0,0,0,0,1,0,0,1,0,0,0,0
64,6.42,35,17.99,5,0.18,-28.4,1,0,1,0,0,0,0,1,0,0,0,0,1,1,0,0,0,0,0,0,0,0,1,1
58,30.44,57,17.99,3,0.52,-26.04,0,0,1,0,0,1,0,0,0,0,0,0,1,1,0,0,0,0,1,0,0,0,0,0
58,32.88,0,17.99,5,32.88,65.76,1,0,1,0,0,0,0,0,1,0,0,0,1,0,1,0,0,0,0,0,0,1,0,0
29,11.19,11,8.99,2,0.93,1.1199999999999992,0,0,0,0,0,0,0,0,0,0,1,0,0,0,1,0,0,1,0,0,0,0,0,0
34,1.77,10,8.99,2,0.16,-8.07,1,0,0,0,0,0,0,0,0,1,0,0,0,0,0,0,0,0,0,0,0,1,0,1
58,30.18,48,17.99,4,0.62,-17.2,0,0,1,0,1,0,0,0,0,0,0,0,0,0,0,0,0,0,0,0,1,0,0,0
62,3.61,0,13.99,3,3.61,7.22,0,1,0,1,0,0,0,1,0,0,0,0,0,0,0,0,1,0,0,0,0,1,0,0
49,0.59,45,8.99,2,0.01,-44.4,0,1,0,0,0,1,0,0,0,0,0,1,0,0,0,1,0,0,0,0,0,0,1,1
47,7.04,34,13.99,2,0.2,-26.759999999999998,0,0,0,1,0,0,0,1,0,1,0,0,0,0,0,0,1,0,0,0,0,0,0,1
38,0.47,48,17.99,3,0.01,-47.52,1,0,1,0,0,0,0,0,1,0,0,0,0,0,0,0,1,0,0,0,1,0,0,1
23,0.24,23,17.99,2,0.01,-22.75,0,1,1,0,1,0,0,0,0,0,1,0,0,0,0,0,1,0,0,0,1,0,0,1
46,34.32,34,17.99,5,0.98,1.2999999999999972,0,0,1,0,0,0,0,0,1,0,0,0,0,0,0,0,0,0,0,0,0,0,0,0
47,42.79,2,13.99,1,14.26,55.05,0,1,0,1,0,1,0,0,0,0,0,1,0,0,1,0,0,0,0,1,0,0,0,0
64,7.6,44,13.99,1,0.17,-36.230000000000004,1,0,0,1,0,0,0,0,0,1,0,0,0,0,1,0,0,0,0,1,0,0,0,1
60,8.4,53,17.99,2,0.16,-44.44,0,1,1,0,0,1,0,0,0,0,0,1,0,0,0,0,0,0,1,0,0,0,0,1
59,29.55,0,13.99,5,29.55,59.1,0,0,0,1,0,0,0,0,1,1,0,0,0,1,0,0,0,0,0,0,0,1,0,0
18,6.99,46,13.99,5,0.15,-38.86,0,0,0,1,0,0,0,0,0,0,0,0,0,1,0,0,0,1,0,0,0,0,0,1
61,0.78,33,17.99,5,0.02,-32.2,0,0,1,0,0,0,1,0,0,0,0,1,0,0,0,0,1,0,0,0,0,0,1,1
65,31.99,57,17.99,2,0.55,-24.46,1,0,1,0,1,0,0,0,0,0,1,0,0,0,0,0,1,0,0,0,0,0,0,0
48,6.71,46,13.99,2,0.14,-39.15,1,0,0,1,0,0,1,0,0,0,0,0,1,0,0,0,1,0,0,1,0,0,0,1
22,14.35,1,17.99,5,7.17,20.52,0,0,1,0,0,1,0,0,0,1,0,0,0,0,0,0,0,0,0,0,0,0,1,0
39,6.04,37,8.99,2,0.16,-30.8,1,0,0,0,0,1,0,0,0,0,0,0,0,0,0,1,0,0,1,0,0,0,0,1
29,8.87,41,17.99,3,0.21,-31.92,0,0,1,0,0,1,0,0,0,0,1,0,0,0,1,0,0,0,0,0,1,0,0,1
50,20.96,40,8.99,2,0.51,-18.529999999999998,1,0,0,0,0,0,0,0,1,0,0,1,0,1,0,0,0,0,0,0,0,0,1,0
65,1.64,43,8.99,1,0.04,-41.32,0,0,0,0,0,0,0,0,0,0,0,0,1,0,0,1,0,1,0,0,0,0,0,1
63,51.75,30,17.99,1,1.67,23.42,0,1,1,0,1,0,0,0,0,0,0,1,0,1,0,0,0,0,0,0,1,0,0,0
43,5.12,26,13.99,5,0.19,-20.689999999999998,0,1,0,1,0,0,0,0,1,0,1,0,0,0,1,0,0,0,1,0,0,0,0,0
46,10.37,34,17.99,1,0.3,-23.33,0,1,1,0,0,1,0,0,0,0,0,1,0,0,1,0,0,0,0,1,0,0,0,1
39,2.44,43,8.99,5,0.06,-40.5,0,0,0,0,0,0,0,0,0,0,0,0,1,0,0,0,0,0,1,0,0,0,0,1
33,1.97,60,17.99,2,0.03,-58.0,0,1,1,0,0,1,0,0,0,1,0,0,0,0,1,0,0,0,0,0,0,0,1,1
54,2.41,18,8.99,2,0.13,-15.46,1,0,0,0,1,0,0,0,0,0,0,0,0,0,0,0,0,0,0,0,0,0,0,1
50,4.03,1,13.99,1,2.02,5.050000000000001,0,1,0,1,0,0,0,0,1,1,0,0,0,0,0,1,0,0,0,0,1,0,0,0
50,19.01,6,17.99,1,2.72,15.73,0,0,1,0,1,0,0,0,0,0,0,1,0,0,0,0,1,0,0,0,0,0,0,0
49,2.33,41,13.99,4,0.06,-38.61,0,1,0,1,0,0,0,1,0,0,0,0,0,1,0,0,0,0,0,0,0,0,0,1
35,30.91,23,8.99,5,1.29,9.200000000000003,0,0,0,0,0,1,0,0,0,0,0,1,0,0,0,0,1,1,0,0,0,0,0,0
18,1.59,10,13.99,3,0.14,-8.27,0,0,0,1,0,0,0,0,1,0,0,0,0,0,0,1,0,0,1,0,0,0,0,1
18,1.48,27,13.99,4,0.05,-25.47,0,0,0,1,0,1,0,0,0,0,0,0,0,0,1,0,0,0,0,0,0,0,1,0
28,9.2,7,8.99,2,1.15,3.3499999999999996,0,0,0,0,1,0,0,0,0,0,0,1,0,0,0,0,1,1,0,0,0,0,0,0
18,12.33,22,8.99,5,0.54,-9.129999999999999,0,1,0,0,0,0,1,0,0,0,0,0,1,0,0,0,1,1,0,0,0,0,0,0
57,1.24,37,13.99,2,0.03,-35.73,1,0,0,1,0,1,0,0,0,0,0,0,0,0,0,1,0,0,0,1,0,0,0,1
51,0.3,58,8.99,2,0.01,-57.69,0,1,0,0,1,0,0,0,0,0,0,1,0,1,0,0,0,0,0,0,1,0,0,1
65,24.31,25,8.99,4,0.93,0.23999999999999844,1,0,0,0,0,1,0,0,0,0,0,0,0,1,0,0,0,0,0,0,1,0,0,0
22,13.64,18,13.99,4,0.72,-3.639999999999999,1,0,0,1,0,0,1,0,0,0,1,0,0,0,1,0,0,0,1,0,0,0,0,0
59,4.17,1,17.99,4,2.08,5.25,0,1,1,0,0,0,0,0,1,0,0,0,0,0,1,0,0,1,0,0,0,0,0,0
29,9.33,9,17.99,5,0.93,1.2599999999999998,0,0,1,0,0,1,0,0,0,0,1,0,0,0,0,0,1,0,0,0,1,0,0,0
59,31.05,3,17.99,5,7.76,35.81,1,0,1,0,0,0,1,0,0,0,1,0,0,0,0,0,0,0,0,0,0,0,0,0
19,3.28,30,17.99,5,0.11,-26.61,1,0,1,0,0,0,0,0,1,0,0,0,1,1,0,0,0,0,0,1,0,0,0,1
61,30.0,50,13.99,2,0.59,-19.41,0,0,0,1,0,0,1,0,0,0,1,0,0,0,0,0,0,1,0,0,0,0,0,0
34,11.2,48,8.99,4,0.23,-36.57,1,0,0,0,0,0,0,0,0,0,0,0,0,1,0,0,0,1,0,0,0,0,0,1
23,23.96,32,13.99,5,0.73,-7.309999999999999,1,0,0,1,0,0,0,1,0,1,0,0,0,0,0,0,0,0,1,0,0,0,0,0
66,0.74,27,8.99,3,0.03,-26.23,0,0,0,0,0,0,0,1,0,0,1,0,0,1,0,0,0,0,0,0,0,0,0,1
59,9.77,30,13.99,5,0.32,-19.91,1,0,0,1,0,1,0,0,0,0,0,1,0,0,0,0,0,1,0,0,0,0,0,0
22,5.64,29,17.99,1,0.19,-23.17,0,0,1,0,0,0,0,1,0,0,0,0,0,0,1,0,0,1,0,0,0,0,0,0
62,6.69,30,8.99,1,0.22,-23.09,0,0,0,0,0,0,0,0,0,0,1,0,0,0,0,1,0,1,0,0,0,0,0,1
44,18.89,11,17.99,1,1.57,9.46,0,0,1,0,0,0,0,0,0,1,0,0,0,0,0,0,1,0,1,0,0,0,0,0
65,26.98,0,8.99,2,26.98,53.96,0,0,0,0,0,0,0,0,1,0,0,1,0,0,1,0,0,0,0,0,0,1,0,0
31,16.79,42,17.99,1,0.39,-24.82,0,1,1,0,0,1,0,0,0,0,0,0,1,0,0,1,0,0,0,1,0,0,0,1
53,7.79,1,17.99,1,3.9,10.69,0,1,1,0,0,0,0,0,0,0,0,1,0,0,0,1,0,0,0,0,0,0,1,0
28,25.72,60,13.99,3,0.42,-33.86,0,0,0,1,0,1,0,0,0,0,0,0,1,1,0,0,0,1,0,0,0,0,0,0
58,2.91,17,17.99,1,0.16,-13.93,0,0,1,0,1,0,0,0,0,0,0,0,1,1,0,0,0,1,0,0,0,0,0,1
36,13.32,45,17.99,2,0.29,-31.39,0,0,1,0,0,0,0,0,1,0,1,0,0,0,0,0,0,0,1,0,0,0,0,1
66,0.15,44,17.99,1,0.0,-43.85,0,1,1,0,0,0,0,0,1,0,0,0,1,0,0,0,0,1,0,0,0,0,0,1
57,4.59,54,8.99,4,0.08,-49.33,0,1,0,0,0,0,0,0,0,0,0,1,0,0,0,0,1,0,1,0,0,0,0,1
47,39.78,16,8.99,2,2.34,26.120000000000005,0,1,0,0,0,0,0,0,1,0,1,0,0,0,0,0,1,1,0,0,0,0,0,0
67,10.29,44,13.99,2,0.23,-33.480000000000004,1,0,0,1,0,0,0,1,0,0,0,0,1,0,0,0,1,1,0,0,0,0,0,1
33,14.5,60,13.99,4,0.24,-45.26,1,0,0,1,0,0,1,0,0,0,0,0,0,0,0,0,1,0,0,0,0,0,0,0
22,33.82,25,17.99,5,1.3,10.119999999999997,1,0,1,0,0,0,0,0,0,1,0,0,0,0,0,0,1,0,0,1,0,0,0,0
19,13.27,35,13.99,4,0.37,-21.36,0,1,0,1,0,0,1,0,0,0,1,0,0,0,1,0,0,0,0,0,0,0,1,0
42,2.22,40,17.99,1,0.05,-37.73,0,0,1,0,0,1,0,0,0,1,0,0,0,0,0,0,0,1,0,0,0,0,0,1
23,17.27,10,8.99,4,1.57,8.84,1,0,0,0,0,1,0,0,0,0,0,1,0,0,0,0,1,0,0,0,0,1,0,0
23,4.93,38,17.99,4,0.13,-32.94,1,0,1,0,0,0,0,0,0,0,0,0,0,0,1,0,0,0,0,0,0,0,0,1
61,4.71,8,8.99,2,0.52,-2.7699999999999996,0,1,0,0,0,0,0,1,0,0,1,0,0,1,0,0,0,0,0,0,0,0,0,1
20,2.43,48,13.99,4,0.05,-45.52,0,0,0,1,0,0,0,0,1,0,1,0,0,0,1,0,0,0,0,0,0,0,1,1
56,2.86,58,8.99,3,0.05,-55.09,0,0,0,0,1,0,0,0,0,0,0,1,0,1,0,0,0,0,0,0,0,1,0,1
61,2.19,48,13.99,3,0.04,-45.77,1,0,0,1,0,0,0,0,0,1,0,0,0,0,0,0,1,0,1,0,0,0,0,1
50,4.46,31,8.99,5,0.14,-26.4,1,0,0,0,0,0,0,0,1,1,0,0,0,1,0,0,0,0,1,0,0,0,0,1
31,10.69,20,13.99,4,0.51,-8.8,1,0,0,1,0,0,0,0,0,0,0,0,1,0,0,1,0,1,0,0,0,0,0,0
59,8.26,39,8.99,1,0.21,-30.53,0,1,0,0,0,0,0,0,0,0,0,1,0,0,0,0,1,1,0,0,0,0,0,1
23,4.05,10,17.99,1,0.37,-5.58,0,1,1,0,1,0,0,0,0,0,1,0,0,0,0,0,1,0,0,0,0,0,1,1
40,1.11,20,13.99,1,0.05,-18.84,1,0,0,1,0,1,0,0,0,0,0,0,1,0,0,0,1,0,0,0,1,0,0,1
41,6.01,14,13.99,2,0.4,-7.59,0,1,0,1,0,0,0,0,1,1,0,0,0,0,0,1,0,0,0,0,1,0,0,0
62,1.12,42,13.99,1,0.03,-40.85,0,0,0,1,1,0,0,0,0,0,0,1,0,0,0,0,0,0,0,0,0,0,1,1
52,13.19,18,13.99,5,0.69,-4.120000000000001,0,0,0,1,1,0,0,0,0,0,0,0,0,0,0,0,0,1,0,0,0,0,0,0
70,15.29,43,17.99,4,0.35,-27.36,1,0,1,0,0,0,0,0,0,0,1,0,0,1,0,0,0,0,0,0,0,0,1,1
20,22.07,39,13.99,4,0.55,-16.38,1,0,0,1,0,0,0,0,0,0,0,1,0,0,0,0,1,0,0,0,1,0,0,0
51,10.44,40,8.99,2,0.25,-29.310000000000002,0,1,0,0,1,0,0,0,0,0,0,1,0,0,0,0,0,0,0,1,0,0,0,1
51,2.62,37,17.99,2,0.07,-34.31,0,0,1,0,0,0,1,0,0,0,0,1,0,1,0,0,0,0,0,0,1,0,0,1
20,5.41,38,13.99,1,0.14,-32.45,0,1,0,1,0,0,1,0,0,0,0,1,0,0,0,0,1,0,0,0,0,0,1,1
62,17.15,24,8.99,5,0.69,-6.16,0,1,0,0,0,1,0,0,0,0,0,1,0,0,0,0,1,1,0,0,0,0,0,0
48,1.14,11,13.99,4,0.09,-9.77,1,0,0,1,0,1,0,0,0,0,0,0,1,0,0,0,1,0,0,0,0,1,0,0
50,20.04,37,17.99,2,0.53,-16.43,1,0,1,0,0,0,1,0,0,0,0,0,0,0,0,0,0,0,1,0,0,0,0,0
48,34.77,23,8.99,5,1.45,13.220000000000006,1,0,0,0,0,0,0,0,1,1,0,0,0,0,0,1,0,0,0,0,0,0,1,0
45,8.87,5,8.99,1,1.48,5.35,0,1,0,0,0,0,0,0,0,1,0,0,0,0,0,0,1,1,0,0,0,0,0,0
49,18.79,11,13.99,1,1.57,9.36,0,0,0,1,0,0,0,1,0,0,0,1,0,0,0,1,0,0,0,0,1,0,0,0
54,0.72,0,13.99,5,0.72,1.44,0,1,0,1,0,1,0,0,0,1,0,0,0,0,0,1,0,0,0,0,1,0,0,0
63,1.97,21,13.99,2,0.09,-18.94,0,1,0,1,1,0,0,0,0,0,1,0,0,1,0,0,0,0,1,0,0,0,0,1
25,7.36,1,13.99,4,3.68,10.040000000000001,0,0,0,1,0,0,1,0,0,0,1,0,0,0,0,0,1,1,0,0,0,0,0,0
29,14.85,39,13.99,5,0.37,-23.78,0,1,0,1,0,0,0,0,0,0,1,0,0,0,0,0,0,0,0,1,0,0,0,0
68,11.27,52,17.99,4,0.21,-40.519999999999996,0,1,1,0,0,0,0,0,1,0,0,1,0,1,0,0,0,0,1,0,0,0,0,1
41,11.55,57,8.99,1,0.2,-45.25,0,0,0,0,1,0,0,0,0,0,0,0,1,1,0,0,0,0,0,0,0,0,1,1
35,2.41,49,17.99,2,0.05,-46.54,0,1,1,0,0,0,0,0,1,0,1,0,0,0,0,0,0,0,0,0,1,0,0,1
59,2.58,54,8.99,4,0.05,-51.37,0,1,0,0,0,0,0,1,0,1,0,0,0,0,0,0,0,0,0,0,0,1,0,1
29,5.94,38,8.99,3,0.15,-31.91,1,0,0,0,0,0,0,0,1,0,0,0,1,0,0,0,1,0,0,0,1,0,0,1
55,47.33,27,13.99,5,1.69,22.019999999999996,0,1,0,1,0,0,0,0,0,0,0,0,1,0,1,0,0,0,1,0,0,0,0,0
28,1.58,27,8.99,5,0.06,-25.36,0,1,0,0,0,0,1,0,0,1,0,0,0,0,0,0,0,0,0,0,0,1,0,1
48,5.49,33,13.99,1,0.16,-27.35,0,0,0,1,0,0,0,0,1,0,0,0,1,0,0,0,0,0,0,0,0,0,0,1
45,0.26,5,13.99,1,0.04,-4.7,0,0,0,1,0,0,0,1,0,0,0,0,0,1,0,0,0,1,0,0,0,0,0,1
21,8.16,49,17.99,3,0.16,-40.68,0,1,1,0,0,0,0,1,0,0,0,0,0,0,0,0,1,0,0,1,0,0,0,1
54,5.47,19,17.99,3,0.27,-13.26,1,0,1,0,0,0,0,0,0,0,0,0,1,1,0,0,0,0,0,0,0,0,0,0
23,4.59,35,17.99,5,0.13,-30.28,0,1,1,0,0,0,1,0,0,1,0,0,0,1,0,0,0,0,0,0,1,0,0,1
24,14.73,31,8.99,2,0.46,-15.809999999999999,1,0,0,0,0,0,0,0,0,0,0,0,1,0,0,0,1,0,0,1,0,0,0,1
69,50.94,59,17.99,4,0.85,-7.210000000000001,0,0,1,0,0,0,1,0,0,0,0,0,0,0,1,0,0,0,0,1,0,0,0,0
19,12.01,0,13.99,3,12.01,24.02,0,0,0,1,0,0,0,0,0,0,0,1,0,1,0,0,0,0,1,0,0,0,0,0
48,55.75,22,17.99,1,2.42,36.17,0,0,1,0,0,0,0,1,0,0,0,0,0,0,1,0,0,1,0,0,0,0,0,0
37,3.58,33,17.99,5,0.11,-29.31,0,1,1,0,0,0,0,0,1,0,0,1,0,1,0,0,0,0,0,0,0,0,1,1
30,14.88,16,17.99,5,0.88,-0.23999999999999844,0,1,1,0,0,0,0,1,0,1,0,0,0,0,0,0,0,0,0,0,0,1,0,0
50,10.01,48,17.99,1,0.2,-37.79,0,1,1,0,1,0,0,0,0,0,0,0,0,0,1,0,0,0,0,0,1,0,0,1
23,36.88,52,13.99,3,0.7,-14.419999999999995,0,1,0,1,0,0,0,0,1,0,1,0,0,0,0,1,0,0,0,0,0,1,0,0
18,13.02,6,13.99,5,1.86,8.879999999999999,0,0,0,1,0,0,0,0,0,0,0,0,0,1,0,0,0,0,1,0,0,0,0,0
69,5.07,25,17.99,4,0.2,-19.73,0,1,1,0,0,0,0,0,1,1,0,0,0,1,0,0,0,0,0,0,0,0,0,0
40,3.58,21,13.99,3,0.16,-17.259999999999998,1,0,0,1,0,0,0,0,0,0,0,1,0,0,0,0,0,0,0,1,0,0,0,1
33,10.34,20,8.99,3,0.49,-9.17,0,1,0,0,0,1,0,0,0,1,0,0,0,0,0,0,1,0,0,0,0,0,1,0
32,40.69,23,13.99,3,1.7,19.39,1,0,0,1,0,0,0,0,1,0,0,0,1,0,0,0,1,1,0,0,0,0,0,0
36,8.32,20,8.99,2,0.4,-11.28,0,1,0,0,0,0,0,1,0,1,0,0,0,0,0,0,1,0,0,0,0,0,0,0
33,13.25,10,17.99,1,1.2,4.449999999999999,0,1,1,0,0,1,0,0,0,0,0,1,0,0,0,1,0,1,0,0,0,0,0,0
39,11.55,10,8.99,1,1.05,2.6000000000000014,0,1,0,0,0,1,0,0,0,0,1,0,0,0,0,1,0,0,0,0,1,0,0,0
28,2.47,37,8.99,1,0.07,-34.46,0,0,0,0,0,0,1,0,0,0,0,0,0,0,0,0,1,0,0,1,0,0,0,1
44,41.31,60,17.99,4,0.68,-18.009999999999998,1,0,1,0,0,0,1,0,0,1,0,0,0,0,0,1,0,0,0,1,0,0,0,0
34,7.71,32,8.99,5,0.23,-24.06,0,0,0,0,0,1,0,0,0,0,0,0,1,0,0,0,0,0,0,0,0,0,0,1
24,2.3,37,8.99,4,0.06,-34.64,0,0,0,0,0,0,0,1,0,0,1,0,0,0,0,1,0,0,0,0,0,1,0,1
59,8.76,11,13.99,3,0.73,-1.5099999999999998,0,1,0,1,0,0,0,1,0,1,0,0,0,0,1,0,0,0,0,0,0,0,1,0
32,2.81,19,13.99,4,0.14,-16.05,1,0,0,1,0,0,0,1,0,0,1,0,0,0,0,0,1,0,0,1,0,0,0,0
52,19.21,30,8.99,5,0.62,-10.169999999999998,0,1,0,0,0,0,0,1,0,0,0,0,0,0,0,1,0,0,0,0,0,0,1,0
46,27.63,28,17.99,5,0.95,0.5799999999999983,1,0,1,0,0,0,0,0,1,0,0,0,1,1,0,0,0,0,0,0,1,0,0,0
19,4.71,17,13.99,2,0.26,-12.030000000000001,1,0,0,1,0,0,0,1,0,0,0,0,0,0,1,0,0,0,1,0,0,0,0,1
23,7.33,20,8.99,1,0.35,-12.32,1,0,0,0,0,0,0,0,0,0,0,1,0,0,0,0,1,0,1,0,0,0,0,1
69,2.78,28,13.99,5,0.1,-25.12,0,0,0,1,0,0,0,0,0,0,0,0,1,1,0,0,0,0,0,0,0,0,1,1
24,9.02,13,13.99,1,0.64,-3.34,1,0,0,1,0,0,0,1,0,0,0,0,1,0,1,0,0,0,0,1,0,0,0,0
65,20.0,26,8.99,4,0.74,-5.260000000000002,0,0,0,0,0,0,1,0,0,0,0,1,0,0,0,0,1,0,0,0,0,0,0,0
59,6.0,8,17.99,2,0.67,-1.33,0,0,1,0,0,0,0,0,1,0,0,0,0,1,0,0,0,0,1,0,0,0,0,0
46,4.65,11,17.99,2,0.39,-5.96,0,0,1,0,0,0,0,0,0,1,0,0,0,0,1,0,0,0,0,0,1,0,0,1
70,6.86,58,8.99,1,0.12,-51.019999999999996,1,0,0,0,0,1,0,0,0,0,0,0,1,0,0,0,1,0,0,0,0,0,0,1
64,5.78,22,8.99,5,0.25,-15.969999999999999,0,0,0,0,0,0,0,0,1,1,0,0,0,0,0,1,0,0,0,0,0,0,0,0
22,1.7,20,17.99,5,0.08,-18.22,0,0,1,0,0,0,0,1,0,0,0,0,0,0,1,0,0,0,0,0,1,0,0,0
21,23.24,10,8.99,3,2.11,15.349999999999998,0,0,0,0,0,0,0,0,1,0,0,0,1,0,0,0,0,0,0,0,0,1,0,0
53,33.71,42,8.99,4,0.78,-7.509999999999998,0,0,0,0,0,0,0,0,0,0,0,0,1,0,1,0,0,0,1,0,0,0,0,0
30,3.79,20,13.99,5,0.18,-16.03,0,1,0,1,0,0,0,0,0,0,0,0,0,1,0,0,0,0,0,1,0,0,0,1
54,8.09,19,8.99,2,0.4,-10.51,1,0,0,0,0,1,0,0,0,0,1,0,0,0,0,0,0,0,0,0,0,0,0,0
54,7.4,52,17.99,1,0.14,-44.46,0,1,1,0,0,0,0,0,1,0,0,0,1,0,1,0,0,0,1,0,0,0,0,1
33,7.87,42,13.99,5,0.18,-33.95,0,1,0,1,0,1,0,0,0,0,0,0,1,0,0,0,1,0,0,0,0,0,1,0
70,6.01,13,8.99,1,0.43,-6.5600000000000005,1,0,0,0,1,0,0,0,0,0,0,1,0,1,0,0,0,0,0,0,0,0,0,1
49,53.75,55,8.99,3,0.96,-0.28999999999999915,0,1,0,0,0,0,1,0,0,0,1,0,0,0,0,0,0,0,0,0,0,0,1,0
53,4.69,8,17.99,5,0.52,-2.789999999999999,1,0,1,0,1,0,0,0,0,0,1,0,0,1,0,0,0,0,0,0,1,0,0,0
60,3.49,22,8.99,2,0.15,-18.36,0,0,0,0,1,0,0,0,0,0,1,0,0,1,0,0,0,0,0,0,1,0,0,1
37,7.16,12,17.99,2,0.55,-4.29,1,0,1,0,0,0,0,1,0,0,0,1,0,0,0,0,0,0,0,0,0,0,1,0
55,18.87,58,17.99,2,0.32,-38.81,0,1,1,0,1,0,0,0,0,1,0,0,0,0,0,1,0,1,0,0,0,0,0,1
65,1.68,3,8.99,1,0.42,-0.8999999999999999,0,1,0,0,1,0,0,0,0,0,0,1,0,0,0,0,1,0,0,0,0,0,1,1
18,0.64,18,13.99,2,0.03,-17.33,1,0,0,1,1,0,0,0,0,0,0,1,0,1,0,0,0,0,0,0,1,0,0,1
38,17.05,34,13.99,3,0.49,-16.46,0,1,0,1,1,0,0,0,0,0,0,1,0,0,0,0,0,0,0,0,0,1,0,1
69,14.35,50,8.99,5,0.28,-35.370000000000005,1,0,0,0,0,0,1,0,0,0,1,0,0,0,0,0,0,0,0,1,0,0,0,1
59,1.65,53,13.99,1,0.03,-51.32,1,0,0,1,0,0,0,0,0,0,0,0,0,0,1,0,0,0,0,0,0,0,0,1
20,13.57,45,13.99,1,0.29,-31.14,1,0,0,1,0,0,0,1,0,0,1,0,0,0,0,0,1,0,0,0,0,0,1,1
30,10.64,2,8.99,2,3.55,12.190000000000001,0,0,0,0,0,1,0,0,0,0,0,0,1,0,0,0,0,0,0,0,0,1,0,0
49,1.73,28,8.99,4,0.06,-26.21,0,0,0,0,0,0,1,0,0,0,1,0,0,0,0,0,0,0,0,1,0,0,0,1
70,1.33,54,8.99,5,0.02,-52.65,0,1,0,0,0,0,0,1,0,0,0,1,0,1,0,0,0,0,0,0,0,1,0,1
25,16.76,53,13.99,4,0.31,-35.93,0,1,0,1,0,0,0,0,0,0,0,0,0,0,0,0,0,0,0,0,0,1,0,0
28,14.14,16,8.99,3,0.83,-1.0299999999999994,0,1,0,0,0,0,0,0,1,0,1,0,0,0,0,1,0,0,0,1,0,0,0,0
59,0.98,19,13.99,4,0.05,-17.97,1,0,0,1,0,1,0,0,0,0,1,0,0,0,0,1,0,0,0,0,1,0,0,1
61,0.94,19,13.99,4,0.05,-18.01,0,1,0,1,0,0,0,0,1,0,0,1,0,0,1,0,0,0,0,0,0,1,0,0
39,11.83,55,17.99,3,0.21,-42.96,0,0,1,0,0,0,0,0,1,1,0,0,0,0,0,1,0,0,0,0,0,0,0,1
37,55.15,59,8.99,4,0.92,-2.9299999999999997,0,1,0,0,0,0,1,0,0,0,1,0,0,0,0,1,0,0,0,0,1,0,0,0
18,46.06,57,17.99,4,0.79,-10.149999999999999,0,1,1,0,1,0,0,0,0,0,0,0,1,1,0,0,0,1,0,0,0,0,0,0
65,70.99,36,13.99,2,1.92,36.91,0,0,0,1,0,0,0,1,0,0,1,0,0,1,0,0,0,0,0,0,1,0,0,0
65,20.56,10,13.99,5,1.87,12.43,0,1,0,1,0,1,0,0,0,1,0,0,0,0,1,0,0,0,0,0,0,0,1,0
46,4.14,42,17.99,5,0.1,-37.76,0,1,1,0,0,0,0,0,1,0,0,0,0,0,0,0,0,0,0,1,0,0,0,1
32,14.48,55,13.99,5,0.26,-40.26,0,1,0,1,0,1,0,0,0,0,0,0,1,0,1,0,0,0,0,0,0,0,0,0
64,28.66,28,8.99,4,0.99,1.6499999999999986,0,0,0,0,0,0,0,1,0,0,0,0,0,0,0,1,0,0,0,0,0,1,0,0
46,8.79,54,13.99,1,0.16,-45.05,1,0,0,1,0,0,0,0,1,0,1,0,0,0,0,0,1,0,0,0,0,1,0,1
41,48.84,47,8.99,4,1.02,2.8600000000000065,0,1,0,0,1,0,0,0,0,0,0,0,1,0,0,0,1,0,0,0,0,1,0,0
43,6.6,11,17.99,4,0.55,-3.8500000000000005,1,0,1,0,0,0,0,0,1,0,0,0,0,0,0,1,0,0,0,1,0,0,0,0
28,0.34,38,13.99,4,0.01,-37.65,0,0,0,1,0,0,1,0,0,0,0,0,1,0,0,1,0,0,0,0,1,0,0,1
59,6.25,1,17.99,1,3.12,8.370000000000001,0,1,1,0,0,0,0,0,1,1,0,0,0,0,1,0,0,0,0,0,0,1,0,0
69,6.08,47,13.99,3,0.13,-40.79,0,0,0,1,0,0,0,0,0,0,0,0,1,0,0,0,1,0,0,0,1,0,0,1
30,6.93,50,8.99,2,0.14,-42.93,0,0,0,0,1,0,0,0,0,0,0,0,1,0,0,1,0,1,0,0,0,0,0,1
36,17.32,34,8.99,2,0.49,-16.19,0,0,0,0,0,0,0,1,0,0,0,1,0,0,0,0,1,1,0,0,0,0,0,1
64,8.11,6,13.99,3,1.16,3.2699999999999996,0,0,0,1,0,0,1,0,0,0,0,0,1,0,0,1,0,0,0,0,0,0,0,0
31,12.62,28,13.99,5,0.44,-14.940000000000001,0,1,0,1,1,0,0,0,0,0,1,0,0,0,0,0,1,0,0,0,1,0,0,0
19,3.45,18,13.99,3,0.18,-14.37,1,0,0,1,0,0,0,0,0,0,0,0,1,0,0,0,0,0,0,0,0,1,0,1
63,27.07,18,13.99,3,1.42,10.490000000000002,1,0,0,1,0,0,0,0,1,0,0,0,0,0,1,0,0,0,0,0,0,0,1,0
27,71.38,32,8.99,5,2.16,41.53999999999999,0,1,0,0,0,0,0,0,1,0,1,0,0,0,0,0,1,1,0,0,0,0,0,0
57,3.64,36,13.99,5,0.1,-32.26,1,0,0,1,0,0,0,0,1,1,0,0,0,1,0,0,0,1,0,0,0,0,0,1
20,0.75,53,13.99,3,0.01,-52.24,0,1,0,1,1,0,0,0,0,0,0,0,1,0,0,0,1,0,0,0,0,0,0,1
53,7.31,17,13.99,4,0.41,-9.280000000000001,1,0,0,1,0,0,0,1,0,1,0,0,0,0,1,0,0,0,0,0,0,0,0,0
49,7.69,4,17.99,4,1.54,5.23,0,1,1,0,1,0,0,0,0,0,0,0,1,0,0,1,0,0,0,0,0,0,1,0
69,11.3,33,17.99,4,0.33,-21.369999999999997,0,1,1,0,1,0,0,0,0,0,0,0,0,0,1,0,0,0,0,0,0,0,0,0
58,7.58,40,17.99,5,0.18,-32.24,0,0,1,0,0,0,1,0,0,0,0,1,0,0,0,1,0,0,0,0,0,1,0,1
44,12.76,41,8.99,3,0.3,-27.939999999999998,1,0,0,0,0,0,0,1,0,0,0,0,1,0,0,0,0,0,0,1,0,0,0,1
20,8.0,58,8.99,4,0.14,-49.86,1,0,0,0,0,0,0,1,0,0,0,0,1,0,0,1,0,0,1,0,0,0,0,1
67,16.06,18,13.99,5,0.85,-1.0899999999999999,0,0,0,1,0,1,0,0,0,1,0,0,0,0,0,0,1,0,0,0,1,0,0,0
69,42.72,52,13.99,3,0.81,-8.469999999999999,1,0,0,1,0,0,0,0,1,0,0,0,1,1,0,0,0,0,0,1,0,0,0,0
57,2.09,13,13.99,3,0.15,-10.76,1,0,0,1,1,0,0,0,0,0,0,1,0,1,0,0,0,0,0,0,0,1,0,1
62,7.31,26,13.99,2,0.27,-18.42,1,0,0,1,0,0,0,1,0,0,0,0,0,0,0,0,0,0,0,0,0,0,1,0
34,10.25,41,13.99,3,0.24,-30.509999999999998,1,0,0,1,0,0,0,1,0,0,0,0,0,1,0,0,0,0,1,0,0,0,0,1
23,3.1,12,13.99,5,0.24,-8.66,0,1,0,1,0,1,0,0,0,1,0,0,0,1,0,0,0,1,0,0,0,0,0,1
58,10.9,22,8.99,3,0.47,-10.629999999999999,0,1,0,0,0,1,0,0,0,0,0,1,0,0,0,0,0,0,0,0,0,0,0,0
19,49.17,11,8.99,4,4.1,42.27,0,0,0,0,0,1,0,0,0,0,0,0,0,0,0,0,0,0,0,1,0,0,0,0
67,9.24,2,8.99,3,3.08,10.32,0,0,0,0,0,0,1,0,0,0,0,0,0,0,0,0,1,0,1,0,0,0,0,0
66,16.55,49,13.99,2,0.33,-32.120000000000005,1,0,0,1,0,0,0,0,1,0,0,0,0,0,1,0,0,0,0,0,0,0,0,1
59,9.12,3,8.99,4,2.28,8.399999999999999,0,0,0,0,0,1,0,0,0,1,0,0,0,0,0,0,0,0,0,0,0,0,1,0
57,1.62,17,8.99,2,0.09,-15.29,1,0,0,0,0,0,0,0,0,0,1,0,0,1,0,0,0,0,0,0,0,0,0,1
